ISO-10303-21;
HEADER;
FILE_DESCRIPTION(('CATIA V5 STEP Exchange','CAx-IF Rec.Pracs.--- Model Styling and Organization---1.5--- 2016-08-15','CAx-IF Rec.Pracs.---Supplemental Geometry---1.0---2011-11-01','CAx-IF Rec.Pracs.--- Composite Materials ---3.4---2017-06-13','CAx-IF Rec.Pracs.---Tessellated 3D Geometry---1.0---2015-12-17'),'2;1');

FILE_NAME('C:\\Users\\user104\\OneDrive - Cong Ty TNHH Asahi Denso Viet nam\\Desktop\\K5J quotation\\K5J_3D\\HandleSW\\03264G-206_M000.stp','2026-07-31T09:57:13+00:00',('none'),('none'),'CATIA Version 5-6 Release 2022','CATIA V5 STEP AP242 v2','none');

FILE_SCHEMA(('AP242_MANAGED_MODEL_BASED_3D_ENGINEERING_MIM_LF  {1 0 10303 442 1 1 4}'));

ENDSEC;
DATA;
#5=PRODUCT('03264G-206_M000','','\X2\53C2FF1A\X0\KG741-205\X2\000D\X0\\X2\000A\X0\02694G-205_X',(#2)) ;
#2=PRODUCT_CONTEXT(' ',#1,'mechanical') ;
#1=APPLICATION_CONTEXT('managed model based 3d engineering') ;
#10=PRODUCT_DEFINITION('',' ',#6,#3) ;
#3=PRODUCT_DEFINITION_CONTEXT('part definition',#1,' ') ;
#11=PRODUCT_DEFINITION_SHAPE(' ',' ',#10) ;
#7853=MECHANICAL_DESIGN_GEOMETRIC_PRESENTATION_REPRESENTATION(' ',(#30),#16) ;
#7854=MECHANICAL_DESIGN_GEOMETRIC_PRESENTATION_REPRESENTATION(' ',(#993),#16) ;
#7=PRODUCT_CATEGORY('part','specification') ;
#19=SHAPE_REPRESENTATION(' ',(#18),#16) ;
#17=CARTESIAN_POINT(' ',(0.,0.,0.)) ;
#31=CARTESIAN_POINT('Axis2P3D Location',(21.5,1.05780237792,-2.8584589091)) ;
#36=CARTESIAN_POINT('Line Origine',(21.5,-1.937241,-0.7321925)) ;
#40=CARTESIAN_POINT('Vertex',(21.5,-1.937241,-0.467529)) ;
#42=CARTESIAN_POINT('Vertex',(21.5,-1.937241,-0.996856)) ;
#45=CARTESIAN_POINT('Line Origine',(21.5,-1.124146,-0.996856)) ;
#49=CARTESIAN_POINT('Vertex',(21.5,-0.311051,-0.996856)) ;
#52=CARTESIAN_POINT('Line Origine',(21.5,-0.311051,-1.5098185)) ;
#56=CARTESIAN_POINT('Vertex',(21.5,-0.311051,-2.022781)) ;
#59=CARTESIAN_POINT('Line Origine',(21.5,-0.309281,-2.1050185)) ;
#63=CARTESIAN_POINT('Vertex',(21.5,-0.307511,-2.187256)) ;
#66=CARTESIAN_POINT('Line Origine',(21.5,-0.3022085,-2.2642515)) ;
#70=CARTESIAN_POINT('Vertex',(21.5,-0.296906,-2.341247)) ;
#73=CARTESIAN_POINT('Line Origine',(21.5,-0.288079,-2.413009)) ;
#77=CARTESIAN_POINT('Vertex',(21.5,-0.279252,-2.484771)) ;
#80=CARTESIAN_POINT('Line Origine',(21.5,-0.2668845,-2.551292)) ;
#84=CARTESIAN_POINT('Vertex',(21.5,-0.254517,-2.617813)) ;
#87=CARTESIAN_POINT('Line Origine',(21.5,-0.2386175,-2.679092)) ;
#91=CARTESIAN_POINT('Vertex',(21.5,-0.222718,-2.740371)) ;
#94=CARTESIAN_POINT('Line Origine',(21.5,-0.203278,-2.7964165)) ;
#98=CARTESIAN_POINT('Vertex',(21.5,-0.183838,-2.852462)) ;
#101=CARTESIAN_POINT('Line Origine',(21.5,-0.1608735,-2.9032665)) ;
#105=CARTESIAN_POINT('Vertex',(21.5,-0.137909,-2.954071)) ;
#108=CARTESIAN_POINT('Line Origine',(21.5,-0.1114125,-2.999641)) ;
#112=CARTESIAN_POINT('Vertex',(21.5,-0.084916,-3.045211)) ;
#115=CARTESIAN_POINT('Line Origine',(21.5,-0.054879,-3.08554)) ;
#119=CARTESIAN_POINT('Vertex',(21.5,-0.024842,-3.125869)) ;
#122=CARTESIAN_POINT('Line Origine',(21.5,0.00872750000002,-3.160957)) ;
#126=CARTESIAN_POINT('Vertex',(21.5,0.042297,-3.196045)) ;
#129=CARTESIAN_POINT('Line Origine',(21.5,0.0784145,-3.2268905)) ;
#133=CARTESIAN_POINT('Vertex',(21.5,0.114532,-3.257736)) ;
#136=CARTESIAN_POINT('Line Origine',(21.5,0.152221,-3.2853315)) ;
#140=CARTESIAN_POINT('Vertex',(21.5,0.18991,-3.312927)) ;
#143=CARTESIAN_POINT('Line Origine',(21.5,0.2291635,-3.33728)) ;
#147=CARTESIAN_POINT('Vertex',(21.5,0.268417,-3.361633)) ;
#150=CARTESIAN_POINT('Line Origine',(21.5,0.309242,-3.382736)) ;
#154=CARTESIAN_POINT('Vertex',(21.5,0.350067,-3.403839)) ;
#157=CARTESIAN_POINT('Line Origine',(21.5,0.3924635,-3.4216995)) ;
#161=CARTESIAN_POINT('Vertex',(21.5,0.43486,-3.43956)) ;
#164=CARTESIAN_POINT('Line Origine',(21.5,0.4788205,-3.45417)) ;
#168=CARTESIAN_POINT('Vertex',(21.5,0.522781,-3.46878)) ;
#171=CARTESIAN_POINT('Line Origine',(21.5,0.568313,-3.480148)) ;
#175=CARTESIAN_POINT('Vertex',(21.5,0.613845,-3.491516)) ;
#178=CARTESIAN_POINT('Line Origine',(21.5,0.660949,-3.4996335)) ;
#182=CARTESIAN_POINT('Vertex',(21.5,0.708053,-3.507751)) ;
#185=CARTESIAN_POINT('Line Origine',(21.5,0.756721,-3.5126185)) ;
#189=CARTESIAN_POINT('Vertex',(21.5,0.805389,-3.517486)) ;
#192=CARTESIAN_POINT('Line Origine',(21.5,0.8556285,-3.519111)) ;
#196=CARTESIAN_POINT('Vertex',(21.5,0.905868,-3.520736)) ;
#199=CARTESIAN_POINT('Line Origine',(21.5,0.9353635,-3.520126)) ;
#203=CARTESIAN_POINT('Vertex',(21.5,0.964859,-3.519516)) ;
#206=CARTESIAN_POINT('Line Origine',(21.5,0.9938655,-3.5177)) ;
#210=CARTESIAN_POINT('Vertex',(21.5,1.022872,-3.515884)) ;
#213=CARTESIAN_POINT('Line Origine',(21.5,1.0513835,-3.5128475)) ;
#217=CARTESIAN_POINT('Vertex',(21.5,1.079895,-3.509811)) ;
#220=CARTESIAN_POINT('Line Origine',(21.5,1.1079175,-3.5055615)) ;
#224=CARTESIAN_POINT('Vertex',(21.5,1.13594,-3.501312)) ;
#227=CARTESIAN_POINT('Line Origine',(21.5,1.163467,-3.4958415)) ;
#231=CARTESIAN_POINT('Vertex',(21.5,1.190994,-3.490371)) ;
#234=CARTESIAN_POINT('Line Origine',(21.5,1.2180325,-3.4836955)) ;
#238=CARTESIAN_POINT('Vertex',(21.5,1.245071,-3.47702)) ;
#241=CARTESIAN_POINT('Line Origine',(21.5,1.2716215,-3.469131)) ;
#245=CARTESIAN_POINT('Vertex',(21.5,1.298172,-3.461242)) ;
#248=CARTESIAN_POINT('Line Origine',(21.5,1.324234,-3.4521325)) ;
#252=CARTESIAN_POINT('Vertex',(21.5,1.350296,-3.443023)) ;
#255=CARTESIAN_POINT('Line Origine',(21.5,1.375862,-3.4327005)) ;
#259=CARTESIAN_POINT('Vertex',(21.5,1.401428,-3.422378)) ;
#262=CARTESIAN_POINT('Line Origine',(21.5,1.426498,-3.41085)) ;
#266=CARTESIAN_POINT('Vertex',(21.5,1.451568,-3.399322)) ;
#269=CARTESIAN_POINT('Line Origine',(21.5,1.475845,-3.386787)) ;
#273=CARTESIAN_POINT('Vertex',(21.5,1.500122,-3.374252)) ;
#276=CARTESIAN_POINT('Line Origine',(21.5,1.5232925,-3.3609465)) ;
#280=CARTESIAN_POINT('Vertex',(21.5,1.546463,-3.347641)) ;
#283=CARTESIAN_POINT('Line Origine',(21.5,1.5685345,-3.3335495)) ;
#287=CARTESIAN_POINT('Vertex',(21.5,1.590606,-3.319458)) ;
#290=CARTESIAN_POINT('Line Origine',(21.5,1.611564,-3.304596)) ;
#294=CARTESIAN_POINT('Vertex',(21.5,1.632522,-3.289734)) ;
#297=CARTESIAN_POINT('Line Origine',(21.5,1.6523815,-3.2740935)) ;
#301=CARTESIAN_POINT('Vertex',(21.5,1.672241,-3.258453)) ;
#304=CARTESIAN_POINT('Line Origine',(21.5,1.690994,-3.2420345)) ;
#308=CARTESIAN_POINT('Vertex',(21.5,1.709747,-3.225616)) ;
#311=CARTESIAN_POINT('Line Origine',(21.5,1.7273935,-3.2084195)) ;
#315=CARTESIAN_POINT('Vertex',(21.5,1.74504,-3.191223)) ;
#318=CARTESIAN_POINT('Line Origine',(21.5,1.761581,-3.173248)) ;
#322=CARTESIAN_POINT('Vertex',(21.5,1.778122,-3.155273)) ;
#325=CARTESIAN_POINT('Line Origine',(21.5,1.793556,-3.13652)) ;
#329=CARTESIAN_POINT('Vertex',(21.5,1.80899,-3.117767)) ;
#332=CARTESIAN_POINT('Line Origine',(21.5,1.8233255,-3.0982435)) ;
#336=CARTESIAN_POINT('Vertex',(21.5,1.837661,-3.07872)) ;
#339=CARTESIAN_POINT('Line Origine',(21.5,1.8509975,-3.058319)) ;
#343=CARTESIAN_POINT('Vertex',(21.5,1.864334,-3.037918)) ;
#346=CARTESIAN_POINT('Line Origine',(21.5,1.8767775,-3.016571)) ;
#350=CARTESIAN_POINT('Vertex',(21.5,1.889221,-2.995224)) ;
#353=CARTESIAN_POINT('Line Origine',(21.5,1.900787,-2.9729155)) ;
#357=CARTESIAN_POINT('Vertex',(21.5,1.912353,-2.950607)) ;
#360=CARTESIAN_POINT('Line Origine',(21.5,1.9230265,-2.927345)) ;
#364=CARTESIAN_POINT('Vertex',(21.5,1.9337,-2.904083)) ;
#367=CARTESIAN_POINT('Line Origine',(21.5,1.9434885,-2.8798675)) ;
#371=CARTESIAN_POINT('Vertex',(21.5,1.953277,-2.855652)) ;
#374=CARTESIAN_POINT('Line Origine',(21.5,1.9621805,-2.8304825)) ;
#378=CARTESIAN_POINT('Vertex',(21.5,1.971084,-2.805313)) ;
#381=CARTESIAN_POINT('Line Origine',(21.5,1.979095,-2.77919)) ;
#385=CARTESIAN_POINT('Vertex',(21.5,1.987106,-2.753067)) ;
#388=CARTESIAN_POINT('Line Origine',(21.5,1.9942395,-2.7259825)) ;
#392=CARTESIAN_POINT('Vertex',(21.5,2.001373,-2.698898)) ;
#395=CARTESIAN_POINT('Line Origine',(21.5,2.007614,-2.6708675)) ;
#399=CARTESIAN_POINT('Vertex',(21.5,2.013855,-2.642837)) ;
#402=CARTESIAN_POINT('Line Origine',(21.5,2.0192105,-2.6138455)) ;
#406=CARTESIAN_POINT('Vertex',(21.5,2.024566,-2.584854)) ;
#409=CARTESIAN_POINT('Line Origine',(21.5,2.02819,-2.562904)) ;
#413=CARTESIAN_POINT('Vertex',(21.5,2.031814,-2.540954)) ;
#416=CARTESIAN_POINT('Line Origine',(21.5,2.035064,-2.51712)) ;
#420=CARTESIAN_POINT('Vertex',(21.5,2.038314,-2.493286)) ;
#423=CARTESIAN_POINT('Line Origine',(21.5,2.041175,-2.467567)) ;
#427=CARTESIAN_POINT('Vertex',(21.5,2.044036,-2.441848)) ;
#430=CARTESIAN_POINT('Line Origine',(21.5,2.0465235,-2.4142525)) ;
#434=CARTESIAN_POINT('Vertex',(21.5,2.049011,-2.386657)) ;
#437=CARTESIAN_POINT('Line Origine',(21.5,2.051109,-2.357177)) ;
#441=CARTESIAN_POINT('Vertex',(21.5,2.053207,-2.327697)) ;
#444=CARTESIAN_POINT('Line Origine',(21.5,2.0549235,-2.296333)) ;
#448=CARTESIAN_POINT('Vertex',(21.5,2.05664,-2.264969)) ;
#451=CARTESIAN_POINT('Line Origine',(21.5,2.057983,-2.23172)) ;
#455=CARTESIAN_POINT('Vertex',(21.5,2.059326,-2.198471)) ;
#458=CARTESIAN_POINT('Line Origine',(21.5,2.0602795,-2.1633375)) ;
#462=CARTESIAN_POINT('Vertex',(21.5,2.061233,-2.128204)) ;
#465=CARTESIAN_POINT('Line Origine',(21.5,2.061805,-2.091194)) ;
#469=CARTESIAN_POINT('Vertex',(21.5,2.062377,-2.054184)) ;
#473=CARTESIAN_POINT('Control Point',(21.5,2.062377,-2.054184)) ;
#474=CARTESIAN_POINT('Control Point',(21.5,2.06245339987,-2.03862602648)) ;
#475=CARTESIAN_POINT('Control Point',(21.5,2.06252979974,-2.02306805295)) ;
#476=CARTESIAN_POINT('Control Point',(21.5,2.06257418181,-2.00750988981)) ;
#477=CARTESIAN_POINT('Control Point',(21.5,2.06266953518,-1.69017882592)) ;
#478=CARTESIAN_POINT('Control Point',(21.5,2.06273103164,-1.37284775203)) ;
#479=CARTESIAN_POINT('Control Point',(21.5,2.062759,-1.07107483421)) ;
#480=CARTESIAN_POINT('Control Point',(21.5,2.062759,-0.769301917103)) ;
#481=CARTESIAN_POINT('Control Point',(21.5,2.062759,-0.467529)) ;
#482=CARTESIAN_POINT('Vertex',(21.5,2.062759,-0.467529)) ;
#485=CARTESIAN_POINT('Line Origine',(21.5,0.062759,-0.467529)) ;
#556=CARTESIAN_POINT('Line Origine',(21.5,1.590728,-1.508453)) ;
#560=CARTESIAN_POINT('Vertex',(21.5,1.590728,-2.02005)) ;
#562=CARTESIAN_POINT('Vertex',(21.5,1.590728,-0.996856)) ;
#565=CARTESIAN_POINT('Line Origine',(21.5,1.5905525,-2.0549315)) ;
#569=CARTESIAN_POINT('Vertex',(21.5,1.590377,-2.089813)) ;
#572=CARTESIAN_POINT('Line Origine',(21.5,1.589843,-2.122436)) ;
#576=CARTESIAN_POINT('Vertex',(21.5,1.589309,-2.155059)) ;
#579=CARTESIAN_POINT('Line Origine',(21.5,1.588424,-2.1854165)) ;
#583=CARTESIAN_POINT('Vertex',(21.5,1.587539,-2.215774)) ;
#586=CARTESIAN_POINT('Line Origine',(21.5,1.5862955,-2.243858)) ;
#590=CARTESIAN_POINT('Vertex',(21.5,1.585052,-2.271942)) ;
#593=CARTESIAN_POINT('Line Origine',(21.5,1.5834575,-2.2977675)) ;
#597=CARTESIAN_POINT('Vertex',(21.5,1.581863,-2.323593)) ;
#600=CARTESIAN_POINT('Line Origine',(21.5,1.57991,-2.34716)) ;
#604=CARTESIAN_POINT('Vertex',(21.5,1.577957,-2.370727)) ;
#607=CARTESIAN_POINT('Line Origine',(21.5,1.575653,-2.3920205)) ;
#611=CARTESIAN_POINT('Vertex',(21.5,1.573349,-2.413314)) ;
#614=CARTESIAN_POINT('Line Origine',(21.5,1.570686,-2.432342)) ;
#618=CARTESIAN_POINT('Vertex',(21.5,1.568023,-2.45137)) ;
#621=CARTESIAN_POINT('Line Origine',(21.5,1.5650095,-2.4681395)) ;
#625=CARTESIAN_POINT('Vertex',(21.5,1.561996,-2.484909)) ;
#628=CARTESIAN_POINT('Line Origine',(21.5,1.558624,-2.4994125)) ;
#632=CARTESIAN_POINT('Vertex',(21.5,1.555252,-2.513916)) ;
#635=CARTESIAN_POINT('Line Origine',(21.5,1.5489195,-2.534248)) ;
#639=CARTESIAN_POINT('Vertex',(21.5,1.542587,-2.55458)) ;
#642=CARTESIAN_POINT('Line Origine',(21.5,1.535034,-2.5741115)) ;
#646=CARTESIAN_POINT('Vertex',(21.5,1.527481,-2.593643)) ;
#649=CARTESIAN_POINT('Line Origine',(21.5,1.5187145,-2.6123655)) ;
#653=CARTESIAN_POINT('Vertex',(21.5,1.509948,-2.631088)) ;
#656=CARTESIAN_POINT('Line Origine',(21.5,1.499969,-2.6490095)) ;
#660=CARTESIAN_POINT('Vertex',(21.5,1.48999,-2.666931)) ;
#663=CARTESIAN_POINT('Line Origine',(21.5,1.4787975,-2.6840435)) ;
#667=CARTESIAN_POINT('Vertex',(21.5,1.467605,-2.701156)) ;
#670=CARTESIAN_POINT('Line Origine',(21.5,1.455192,-2.717468)) ;
#674=CARTESIAN_POINT('Vertex',(21.5,1.442779,-2.73378)) ;
#677=CARTESIAN_POINT('Line Origine',(21.5,1.4291605,-2.7492825)) ;
#681=CARTESIAN_POINT('Vertex',(21.5,1.415542,-2.764785)) ;
#684=CARTESIAN_POINT('Line Origine',(21.5,1.400703,-2.779487)) ;
#688=CARTESIAN_POINT('Vertex',(21.5,1.385864,-2.794189)) ;
#691=CARTESIAN_POINT('Line Origine',(21.5,1.3698195,-2.808082)) ;
#695=CARTESIAN_POINT('Vertex',(21.5,1.353775,-2.821975)) ;
#698=CARTESIAN_POINT('Line Origine',(21.5,1.3365095,-2.835067)) ;
#702=CARTESIAN_POINT('Vertex',(21.5,1.319244,-2.848159)) ;
#705=CARTESIAN_POINT('Line Origine',(21.5,1.3010095,-2.8602135)) ;
#709=CARTESIAN_POINT('Vertex',(21.5,1.282775,-2.872268)) ;
#712=CARTESIAN_POINT('Line Origine',(21.5,1.263816,-2.8830485)) ;
#716=CARTESIAN_POINT('Vertex',(21.5,1.244857,-2.893829)) ;
#719=CARTESIAN_POINT('Line Origine',(21.5,1.225181,-2.903343)) ;
#723=CARTESIAN_POINT('Vertex',(21.5,1.205505,-2.912857)) ;
#726=CARTESIAN_POINT('Line Origine',(21.5,1.185104,-2.921104)) ;
#730=CARTESIAN_POINT('Vertex',(21.5,1.164703,-2.929351)) ;
#733=CARTESIAN_POINT('Line Origine',(21.5,1.143577,-2.936332)) ;
#737=CARTESIAN_POINT('Vertex',(21.5,1.122451,-2.943313)) ;
#740=CARTESIAN_POINT('Line Origine',(21.5,1.1006005,-2.94902)) ;
#744=CARTESIAN_POINT('Vertex',(21.5,1.07875,-2.954727)) ;
#747=CARTESIAN_POINT('Line Origine',(21.5,1.0561745,-2.959167)) ;
#751=CARTESIAN_POINT('Vertex',(21.5,1.033599,-2.963607)) ;
#754=CARTESIAN_POINT('Line Origine',(21.5,1.0103065,-2.966781)) ;
#758=CARTESIAN_POINT('Vertex',(21.5,0.987014,-2.969955)) ;
#761=CARTESIAN_POINT('Line Origine',(21.5,0.962997,-2.971855)) ;
#765=CARTESIAN_POINT('Vertex',(21.5,0.93898,-2.973755)) ;
#768=CARTESIAN_POINT('Line Origine',(21.5,0.9142375,-2.9743955)) ;
#772=CARTESIAN_POINT('Vertex',(21.5,0.889495,-2.975036)) ;
#775=CARTESIAN_POINT('Line Origine',(21.5,0.8556205,-2.973953)) ;
#779=CARTESIAN_POINT('Vertex',(21.5,0.821746,-2.97287)) ;
#782=CARTESIAN_POINT('Line Origine',(21.5,0.789428,-2.9696425)) ;
#786=CARTESIAN_POINT('Vertex',(21.5,0.75711,-2.966415)) ;
#789=CARTESIAN_POINT('Line Origine',(21.5,0.7263485,-2.961021)) ;
#793=CARTESIAN_POINT('Vertex',(21.5,0.695587,-2.955627)) ;
#796=CARTESIAN_POINT('Line Origine',(21.5,0.666374,-2.9480815)) ;
#800=CARTESIAN_POINT('Vertex',(21.5,0.637161,-2.940536)) ;
#803=CARTESIAN_POINT('Line Origine',(21.5,0.609512,-2.930839)) ;
#807=CARTESIAN_POINT('Vertex',(21.5,0.581863,-2.921142)) ;
#810=CARTESIAN_POINT('Line Origine',(21.5,0.555763,-2.909286)) ;
#814=CARTESIAN_POINT('Vertex',(21.5,0.529663,-2.89743)) ;
#817=CARTESIAN_POINT('Line Origine',(21.5,0.505119,-2.8834225)) ;
#821=CARTESIAN_POINT('Vertex',(21.5,0.480575,-2.869415)) ;
#824=CARTESIAN_POINT('Line Origine',(21.5,0.4575875,-2.8532485)) ;
#828=CARTESIAN_POINT('Vertex',(21.5,0.4346,-2.837082)) ;
#831=CARTESIAN_POINT('Line Origine',(21.5,0.413169,-2.818756)) ;
#835=CARTESIAN_POINT('Vertex',(21.5,0.391738,-2.80043)) ;
#838=CARTESIAN_POINT('Line Origine',(21.5,0.371856,-2.7799525)) ;
#842=CARTESIAN_POINT('Vertex',(21.5,0.351974,-2.759475)) ;
#845=CARTESIAN_POINT('Line Origine',(21.5,0.3338315,-2.7364345)) ;
#849=CARTESIAN_POINT('Vertex',(21.5,0.315689,-2.713394)) ;
#852=CARTESIAN_POINT('Line Origine',(21.5,0.2994535,-2.6873775)) ;
#856=CARTESIAN_POINT('Vertex',(21.5,0.283218,-2.661361)) ;
#859=CARTESIAN_POINT('Line Origine',(21.5,0.2688975,-2.6323695)) ;
#863=CARTESIAN_POINT('Vertex',(21.5,0.254577,-2.603378)) ;
#866=CARTESIAN_POINT('Line Origine',(21.5,0.242164,-2.571411)) ;
#870=CARTESIAN_POINT('Vertex',(21.5,0.229751,-2.539444)) ;
#873=CARTESIAN_POINT('Line Origine',(21.5,0.2192455,-2.504509)) ;
#877=CARTESIAN_POINT('Vertex',(21.5,0.20874,-2.469574)) ;
#880=CARTESIAN_POINT('Line Origine',(21.5,0.2001415,-2.4316635)) ;
#884=CARTESIAN_POINT('Vertex',(21.5,0.191543,-2.393753)) ;
#887=CARTESIAN_POINT('Line Origine',(21.5,0.1848595,-2.352867)) ;
#891=CARTESIAN_POINT('Vertex',(21.5,0.178176,-2.311981)) ;
#894=CARTESIAN_POINT('Line Origine',(21.5,0.1734,-2.2681195)) ;
#898=CARTESIAN_POINT('Vertex',(21.5,0.168624,-2.224258)) ;
#901=CARTESIAN_POINT('Line Origine',(21.5,0.165763,-2.177421)) ;
#905=CARTESIAN_POINT('Vertex',(21.5,0.162902,-2.130584)) ;
#908=CARTESIAN_POINT('Line Origine',(21.5,0.161941,-2.080772)) ;
#912=CARTESIAN_POINT('Vertex',(21.5,0.16098,-2.03096)) ;
#915=CARTESIAN_POINT('Line Origine',(21.5,0.16098,-1.513908)) ;
#919=CARTESIAN_POINT('Vertex',(21.5,0.16098,-0.996856)) ;
#922=CARTESIAN_POINT('Line Origine',(21.5,0.875854,-0.996856)) ;
#995=CARTESIAN_POINT('Axis2P3D Location',(0.,0.,-2.2)) ;
#1000=CARTESIAN_POINT('Line Origine',(-8.,3.75,-2.2)) ;
#1004=CARTESIAN_POINT('Vertex',(-8.,4.,-2.2)) ;
#1006=CARTESIAN_POINT('Vertex',(-8.,3.5,-2.2)) ;
#1009=CARTESIAN_POINT('Line Origine',(-5.5,4.,-2.2)) ;
#1013=CARTESIAN_POINT('Vertex',(-3.,4.,-2.2)) ;
#1016=CARTESIAN_POINT('Line Origine',(-3.,3.75,-2.2)) ;
#1020=CARTESIAN_POINT('Vertex',(-3.,3.5,-2.2)) ;
#1023=CARTESIAN_POINT('Line Origine',(-5.5,3.5,-2.2)) ;
#1035=CARTESIAN_POINT('Axis2P3D Location',(-5.5,3.5,-2.7)) ;
#1040=CARTESIAN_POINT('Axis2P3D Location',(-3.,3.5,-2.7)) ;
#1044=CARTESIAN_POINT('Vertex',(-3.,3.,-2.7)) ;
#1047=CARTESIAN_POINT('Line Origine',(-5.5,3.,-2.7)) ;
#1051=CARTESIAN_POINT('Vertex',(-8.,3.,-2.7)) ;
#1054=CARTESIAN_POINT('Axis2P3D Location',(-8.,3.5,-2.7)) ;
#1066=CARTESIAN_POINT('Axis2P3D Location',(-8.,3.5,-2.7)) ;
#1071=CARTESIAN_POINT('Axis2P3D Location',(-8.,3.5,-2.7)) ;
#1075=CARTESIAN_POINT('Vertex',(-8.5,3.5,-2.7)) ;
#1078=CARTESIAN_POINT('Axis2P3D Location',(-8.,3.5,-2.7)) ;
#1089=CARTESIAN_POINT('Axis2P3D Location',(-8.,3.75,-2.7)) ;
#1094=CARTESIAN_POINT('Line Origine',(-8.5,3.75,-2.7)) ;
#1098=CARTESIAN_POINT('Vertex',(-8.5,4.,-2.7)) ;
#1101=CARTESIAN_POINT('Axis2P3D Location',(-8.,4.,-2.7)) ;
#1113=CARTESIAN_POINT('Axis2P3D Location',(-8.,4.,-2.7)) ;
#1118=CARTESIAN_POINT('Axis2P3D Location',(-8.,4.,-2.7)) ;
#1122=CARTESIAN_POINT('Vertex',(-8.,4.5,-2.7)) ;
#1125=CARTESIAN_POINT('Axis2P3D Location',(-8.,4.,-2.7)) ;
#1136=CARTESIAN_POINT('Axis2P3D Location',(-5.5,4.,-2.7)) ;
#1141=CARTESIAN_POINT('Line Origine',(-5.5,4.5,-2.7)) ;
#1145=CARTESIAN_POINT('Vertex',(-3.,4.5,-2.7)) ;
#1148=CARTESIAN_POINT('Axis2P3D Location',(-3.,4.,-2.7)) ;
#1160=CARTESIAN_POINT('Axis2P3D Location',(-3.,4.,-2.7)) ;
#1165=CARTESIAN_POINT('Axis2P3D Location',(-3.,4.,-2.7)) ;
#1169=CARTESIAN_POINT('Vertex',(-2.5,4.,-2.7)) ;
#1172=CARTESIAN_POINT('Axis2P3D Location',(-3.,4.,-2.7)) ;
#1183=CARTESIAN_POINT('Axis2P3D Location',(-3.,3.75,-2.7)) ;
#1188=CARTESIAN_POINT('Line Origine',(-2.5,3.75,-2.7)) ;
#1192=CARTESIAN_POINT('Vertex',(-2.5,3.5,-2.7)) ;
#1195=CARTESIAN_POINT('Axis2P3D Location',(-3.,3.5,-2.7)) ;
#1207=CARTESIAN_POINT('Axis2P3D Location',(-3.,3.5,-2.7)) ;
#1212=CARTESIAN_POINT('Axis2P3D Location',(-3.,3.5,-2.7)) ;
#1223=CARTESIAN_POINT('Axis2P3D Location',(-3.,3.5,-4.05)) ;
#1228=CARTESIAN_POINT('Axis2P3D Location',(-3.,3.5,-5.4)) ;
#1232=CARTESIAN_POINT('Vertex',(-3.,3.,-5.4)) ;
#1234=CARTESIAN_POINT('Vertex',(-2.5,3.5,-5.4)) ;
#1237=CARTESIAN_POINT('Line Origine',(-3.,3.,-4.05)) ;
#1242=CARTESIAN_POINT('Line Origine',(-2.5,3.5,-4.05)) ;
#1254=CARTESIAN_POINT('Axis2P3D Location',(-8.5,3.,0.)) ;
#1259=CARTESIAN_POINT('Line Origine',(-8.,3.,-4.05)) ;
#1263=CARTESIAN_POINT('Vertex',(-8.,3.,-5.4)) ;
#1266=CARTESIAN_POINT('Line Origine',(-5.5,3.,-5.4)) ;
#1278=CARTESIAN_POINT('Axis2P3D Location',(-8.,3.5,-4.05)) ;
#1283=CARTESIAN_POINT('Axis2P3D Location',(-8.,3.5,-5.4)) ;
#1287=CARTESIAN_POINT('Vertex',(-8.5,3.5,-5.4)) ;
#1290=CARTESIAN_POINT('Line Origine',(-8.5,3.5,-4.05)) ;
#1302=CARTESIAN_POINT('Axis2P3D Location',(-8.5,3.,0.)) ;
#1307=CARTESIAN_POINT('Line Origine',(-8.5,3.75,-5.4)) ;
#1311=CARTESIAN_POINT('Vertex',(-8.5,4.,-5.4)) ;
#1314=CARTESIAN_POINT('Line Origine',(-8.5,4.,-4.05)) ;
#1326=CARTESIAN_POINT('Axis2P3D Location',(-8.,4.,-4.05)) ;
#1331=CARTESIAN_POINT('Axis2P3D Location',(-8.,4.,-5.4)) ;
#1335=CARTESIAN_POINT('Vertex',(-8.,4.5,-5.4)) ;
#1338=CARTESIAN_POINT('Line Origine',(-8.,4.5,-4.05)) ;
#1350=CARTESIAN_POINT('Axis2P3D Location',(-2.5,4.5,0.)) ;
#1355=CARTESIAN_POINT('Line Origine',(-3.,4.5,-4.05)) ;
#1359=CARTESIAN_POINT('Vertex',(-3.,4.5,-5.4)) ;
#1362=CARTESIAN_POINT('Line Origine',(-5.5,4.5,-5.4)) ;
#1374=CARTESIAN_POINT('Axis2P3D Location',(-3.,4.,-4.05)) ;
#1379=CARTESIAN_POINT('Axis2P3D Location',(-3.,4.,-5.4)) ;
#1383=CARTESIAN_POINT('Vertex',(-2.5,4.,-5.4)) ;
#1386=CARTESIAN_POINT('Line Origine',(-2.5,4.,-4.05)) ;
#1398=CARTESIAN_POINT('Axis2P3D Location',(-2.5,4.5,0.)) ;
#1403=CARTESIAN_POINT('Line Origine',(-2.5,3.75,-5.4)) ;
#1415=CARTESIAN_POINT('Axis2P3D Location',(-2.,0.,-5.4)) ;
#1420=CARTESIAN_POINT('Axis2P3D Location',(-2.,3.5,-5.4)) ;
#1424=CARTESIAN_POINT('Vertex',(-2.,3.5,-5.9)) ;
#1427=CARTESIAN_POINT('Axis2P3D Location',(-2.,4.,-5.4)) ;
#1431=CARTESIAN_POINT('Vertex',(-2.,4.,-5.9)) ;
#1434=CARTESIAN_POINT('Line Origine',(-2.,0.,-5.9)) ;
#1446=CARTESIAN_POINT('Axis2P3D Location',(-3.,4.,-5.4)) ;
#1451=CARTESIAN_POINT('Axis2P3D Location',(-3.,5.,-5.4)) ;
#1455=CARTESIAN_POINT('Vertex',(-3.,5.,-5.9)) ;
#1458=CARTESIAN_POINT('Axis2P3D Location',(-3.,4.,-5.9)) ;
#1470=CARTESIAN_POINT('Axis2P3D Location',(-2.5,5.,-5.4)) ;
#1475=CARTESIAN_POINT('Axis2P3D Location',(-8.,5.,-5.4)) ;
#1479=CARTESIAN_POINT('Vertex',(-8.,5.,-5.9)) ;
#1482=CARTESIAN_POINT('Line Origine',(-2.5,5.,-5.9)) ;
#1494=CARTESIAN_POINT('Axis2P3D Location',(-8.,4.,-5.4)) ;
#1499=CARTESIAN_POINT('Axis2P3D Location',(-9.,4.,-5.4)) ;
#1503=CARTESIAN_POINT('Vertex',(-9.,4.,-5.9)) ;
#1506=CARTESIAN_POINT('Axis2P3D Location',(-8.,4.,-5.9)) ;
#1518=CARTESIAN_POINT('Axis2P3D Location',(-9.,0.,-5.4)) ;
#1523=CARTESIAN_POINT('Axis2P3D Location',(-9.,3.5,-5.4)) ;
#1527=CARTESIAN_POINT('Vertex',(-9.,3.5,-5.9)) ;
#1530=CARTESIAN_POINT('Line Origine',(-9.,0.,-5.9)) ;
#1542=CARTESIAN_POINT('Axis2P3D Location',(-8.,3.5,-5.4)) ;
#1547=CARTESIAN_POINT('Axis2P3D Location',(-8.,2.5,-5.4)) ;
#1551=CARTESIAN_POINT('Vertex',(-8.,2.5,-5.9)) ;
#1554=CARTESIAN_POINT('Axis2P3D Location',(-8.,3.5,-5.9)) ;
#1566=CARTESIAN_POINT('Axis2P3D Location',(-2.5,2.5,-5.4)) ;
#1571=CARTESIAN_POINT('Axis2P3D Location',(-3.,2.5,-5.4)) ;
#1575=CARTESIAN_POINT('Vertex',(-3.,2.5,-5.9)) ;
#1578=CARTESIAN_POINT('Line Origine',(-2.5,2.5,-5.9)) ;
#1590=CARTESIAN_POINT('Axis2P3D Location',(-3.,3.5,-5.4)) ;
#1595=CARTESIAN_POINT('Axis2P3D Location',(-3.,3.5,-5.9)) ;
#1607=CARTESIAN_POINT('Axis2P3D Location',(0.,0.,-5.9)) ;
#1612=CARTESIAN_POINT('Line Origine',(3.65,4.25,-5.9)) ;
#1616=CARTESIAN_POINT('Vertex',(-0.2,4.25,-5.9)) ;
#1618=CARTESIAN_POINT('Vertex',(7.5,4.25,-5.9)) ;
#1621=CARTESIAN_POINT('Line Origine',(7.5,0.,-5.9)) ;
#1625=CARTESIAN_POINT('Vertex',(7.5,-4.25,-5.9)) ;
#1628=CARTESIAN_POINT('Line Origine',(3.65,-4.25,-5.9)) ;
#1632=CARTESIAN_POINT('Vertex',(-0.2,-4.25,-5.9)) ;
#1635=CARTESIAN_POINT('Line Origine',(-0.2,-4.725,-5.9)) ;
#1639=CARTESIAN_POINT('Vertex',(-0.2,-5.2,-5.9)) ;
#1642=CARTESIAN_POINT('Line Origine',(-6.35,-5.2,-5.9)) ;
#1646=CARTESIAN_POINT('Vertex',(-12.5,-5.2,-5.9)) ;
#1649=CARTESIAN_POINT('Line Origine',(-12.5,-8.881784197E-16,-5.9)) ;
#1653=CARTESIAN_POINT('Vertex',(-12.5,5.2,-5.9)) ;
#1656=CARTESIAN_POINT('Line Origine',(-6.35,5.2,-5.9)) ;
#1660=CARTESIAN_POINT('Vertex',(-0.2,5.2,-5.9)) ;
#1663=CARTESIAN_POINT('Line Origine',(-0.2,4.725,-5.9)) ;
#1688=CARTESIAN_POINT('Line Origine',(-5.5,-5.,-5.9)) ;
#1692=CARTESIAN_POINT('Vertex',(-8.,-5.,-5.9)) ;
#1694=CARTESIAN_POINT('Vertex',(-3.,-5.,-5.9)) ;
#1697=CARTESIAN_POINT('Axis2P3D Location',(-3.,-4.,-5.9)) ;
#1701=CARTESIAN_POINT('Vertex',(-2.,-4.,-5.9)) ;
#1704=CARTESIAN_POINT('Line Origine',(-2.,-3.75,-5.9)) ;
#1708=CARTESIAN_POINT('Vertex',(-2.,-3.5,-5.9)) ;
#1711=CARTESIAN_POINT('Axis2P3D Location',(-3.,-3.5,-5.9)) ;
#1715=CARTESIAN_POINT('Vertex',(-3.,-2.5,-5.9)) ;
#1718=CARTESIAN_POINT('Line Origine',(-5.5,-2.5,-5.9)) ;
#1722=CARTESIAN_POINT('Vertex',(-8.,-2.5,-5.9)) ;
#1725=CARTESIAN_POINT('Axis2P3D Location',(-8.,-3.5,-5.9)) ;
#1729=CARTESIAN_POINT('Vertex',(-9.,-3.5,-5.9)) ;
#1732=CARTESIAN_POINT('Line Origine',(-9.,-3.75,-5.9)) ;
#1736=CARTESIAN_POINT('Vertex',(-9.,-4.,-5.9)) ;
#1739=CARTESIAN_POINT('Axis2P3D Location',(-8.,-4.,-5.9)) ;
#1754=CARTESIAN_POINT('Line Origine',(-0.6,-2.,-5.9)) ;
#1758=CARTESIAN_POINT('Vertex',(-2.,-2.,-5.9)) ;
#1760=CARTESIAN_POINT('Vertex',(0.8,-2.,-5.9)) ;
#1763=CARTESIAN_POINT('Line Origine',(0.8,0.,-5.9)) ;
#1767=CARTESIAN_POINT('Vertex',(0.8,2.,-5.9)) ;
#1770=CARTESIAN_POINT('Line Origine',(-0.6,2.,-5.9)) ;
#1774=CARTESIAN_POINT('Vertex',(-2.,2.,-5.9)) ;
#1777=CARTESIAN_POINT('Line Origine',(-2.,0.,-5.9)) ;
#1788=CARTESIAN_POINT('Line Origine',(-10.4,-2.,-5.9)) ;
#1792=CARTESIAN_POINT('Vertex',(-11.8,-2.,-5.9)) ;
#1794=CARTESIAN_POINT('Vertex',(-9.,-2.,-5.9)) ;
#1797=CARTESIAN_POINT('Line Origine',(-9.,0.,-5.9)) ;
#1801=CARTESIAN_POINT('Vertex',(-9.,2.,-5.9)) ;
#1804=CARTESIAN_POINT('Line Origine',(-10.4,2.,-5.9)) ;
#1808=CARTESIAN_POINT('Vertex',(-11.8,2.,-5.9)) ;
#1811=CARTESIAN_POINT('Line Origine',(-11.8,0.,-5.9)) ;
#1823=CARTESIAN_POINT('Axis2P3D Location',(-2.75,-5.2,-5.4)) ;
#1828=CARTESIAN_POINT('Line Origine',(-2.75,-5.7,-5.4)) ;
#1832=CARTESIAN_POINT('Vertex',(-0.2,-5.7,-5.4)) ;
#1834=CARTESIAN_POINT('Vertex',(-12.5,-5.7,-5.4)) ;
#1837=CARTESIAN_POINT('Axis2P3D Location',(-12.5,-5.2,-5.4)) ;
#1842=CARTESIAN_POINT('Axis2P3D Location',(-0.2,-5.2,-5.4)) ;
#1854=CARTESIAN_POINT('Axis2P3D Location',(-12.5,-5.2,-5.4)) ;
#1859=CARTESIAN_POINT('Axis2P3D Location',(-12.5,-5.2,-5.4)) ;
#1863=CARTESIAN_POINT('Vertex',(-13.,-5.2,-5.4)) ;
#1866=CARTESIAN_POINT('Axis2P3D Location',(-12.5,-5.2,-5.4)) ;
#1877=CARTESIAN_POINT('Axis2P3D Location',(-12.5,-5.2,-2.)) ;
#1882=CARTESIAN_POINT('Line Origine',(-12.5,-5.7,-2.)) ;
#1886=CARTESIAN_POINT('Vertex',(-12.5,-5.7,-1.9)) ;
#1889=CARTESIAN_POINT('Axis2P3D Location',(-12.5,-5.2,-1.9)) ;
#1893=CARTESIAN_POINT('Vertex',(-13.,-5.2,-1.9)) ;
#1896=CARTESIAN_POINT('Line Origine',(-13.,-5.2,-2.)) ;
#1908=CARTESIAN_POINT('Axis2P3D Location',(0.,0.,-1.9)) ;
#1913=CARTESIAN_POINT('Line Origine',(-13.,-5.725,-1.9)) ;
#1917=CARTESIAN_POINT('Vertex',(-13.,-6.25,-1.9)) ;
#1920=CARTESIAN_POINT('Line Origine',(-11.5,-5.7,-1.9)) ;
#1924=CARTESIAN_POINT('Vertex',(-10.5,-5.7,-1.9)) ;
#1927=CARTESIAN_POINT('Line Origine',(-10.5,-5.975,-1.9)) ;
#1931=CARTESIAN_POINT('Vertex',(-10.5,-6.25,-1.9)) ;
#1934=CARTESIAN_POINT('Line Origine',(-11.75,-6.25,-1.9)) ;
#1947=CARTESIAN_POINT('Axis2P3D Location',(-10.5,-6.9,0.)) ;
#1952=CARTESIAN_POINT('Line Origine',(-10.5,-6.575,-1.2)) ;
#1956=CARTESIAN_POINT('Vertex',(-10.5,-6.9,-0.5)) ;
#1959=CARTESIAN_POINT('Line Origine',(-10.5,-5.7,-0.95)) ;
#1963=CARTESIAN_POINT('Vertex',(-10.5,-5.7,0.)) ;
#1966=CARTESIAN_POINT('Line Origine',(-10.5,-6.3,0.)) ;
#1970=CARTESIAN_POINT('Vertex',(-10.5,-6.9,0.)) ;
#1973=CARTESIAN_POINT('Line Origine',(-10.5,-6.9,-0.25)) ;
#1986=CARTESIAN_POINT('Axis2P3D Location',(-11.75,-6.9,-0.5)) ;
#1991=CARTESIAN_POINT('Line Origine',(-11.75,-6.9,-0.5)) ;
#1995=CARTESIAN_POINT('Vertex',(-13.,-6.9,-0.5)) ;
#1998=CARTESIAN_POINT('Line Origine',(-13.,-6.575,-1.2)) ;
#2010=CARTESIAN_POINT('Axis2P3D Location',(0.,-6.9,0.)) ;
#2015=CARTESIAN_POINT('Line Origine',(-11.75,-6.9,0.)) ;
#2019=CARTESIAN_POINT('Vertex',(-13.,-6.9,0.)) ;
#2022=CARTESIAN_POINT('Line Origine',(-13.,-6.9,-0.25)) ;
#2034=CARTESIAN_POINT('Axis2P3D Location',(0.,0.,0.)) ;
#2039=CARTESIAN_POINT('Line Origine',(-11.5,-5.7,0.)) ;
#2043=CARTESIAN_POINT('Vertex',(-12.5,-5.7,0.)) ;
#2046=CARTESIAN_POINT('Axis2P3D Location',(-12.5,-5.2,0.)) ;
#2050=CARTESIAN_POINT('Vertex',(-13.,-5.2,0.)) ;
#2053=CARTESIAN_POINT('Line Origine',(-13.,-6.05,0.)) ;
#2066=CARTESIAN_POINT('Axis2P3D Location',(-12.5,-5.2,-2.)) ;
#2071=CARTESIAN_POINT('Line Origine',(-13.,-5.2,-2.)) ;
#2075=CARTESIAN_POINT('Vertex',(-13.,-5.2,1.5)) ;
#2078=CARTESIAN_POINT('Line Origine',(-12.5,-5.7,-2.)) ;
#2082=CARTESIAN_POINT('Vertex',(-12.5,-5.7,1.5)) ;
#2085=CARTESIAN_POINT('Axis2P3D Location',(-12.5,-5.2,1.5)) ;
#2097=CARTESIAN_POINT('Axis2P3D Location',(-13.,-5.7,0.)) ;
#2102=CARTESIAN_POINT('Line Origine',(-0.2,-5.7,0.75)) ;
#2106=CARTESIAN_POINT('Vertex',(-0.2,-5.7,1.5)) ;
#2108=CARTESIAN_POINT('Vertex',(-0.2,-5.7,0.)) ;
#2111=CARTESIAN_POINT('Line Origine',(-1.85,-5.7,1.5)) ;
#2115=CARTESIAN_POINT('Vertex',(-3.5,-5.7,1.5)) ;
#2118=CARTESIAN_POINT('Line Origine',(-3.5,-5.7,0.65)) ;
#2122=CARTESIAN_POINT('Vertex',(-3.5,-5.7,-0.2)) ;
#2125=CARTESIAN_POINT('Line Origine',(-5.5,-5.7,-0.2)) ;
#2129=CARTESIAN_POINT('Vertex',(-7.5,-5.7,-0.2)) ;
#2132=CARTESIAN_POINT('Line Origine',(-7.5,-5.7,0.65)) ;
#2136=CARTESIAN_POINT('Vertex',(-7.5,-5.7,1.5)) ;
#2139=CARTESIAN_POINT('Line Origine',(-10.,-5.7,1.5)) ;
#2144=CARTESIAN_POINT('Line Origine',(-0.2,-5.7,-3.65)) ;
#2148=CARTESIAN_POINT('Vertex',(-0.2,-5.7,-1.9)) ;
#2151=CARTESIAN_POINT('Line Origine',(-1.35,-5.7,-1.9)) ;
#2155=CARTESIAN_POINT('Vertex',(-2.5,-5.7,-1.9)) ;
#2158=CARTESIAN_POINT('Line Origine',(-2.5,-5.7,-0.95)) ;
#2162=CARTESIAN_POINT('Vertex',(-2.5,-5.7,0.)) ;
#2165=CARTESIAN_POINT('Line Origine',(-1.35,-5.7,0.)) ;
#2189=CARTESIAN_POINT('Axis2P3D Location',(-2.5,6.9,0.)) ;
#2194=CARTESIAN_POINT('Line Origine',(-2.5,-6.575,-1.2)) ;
#2198=CARTESIAN_POINT('Vertex',(-2.5,-6.9,-0.5)) ;
#2200=CARTESIAN_POINT('Vertex',(-2.5,-6.25,-1.9)) ;
#2203=CARTESIAN_POINT('Line Origine',(-2.5,-6.9,-0.25)) ;
#2207=CARTESIAN_POINT('Vertex',(-2.5,-6.9,0.)) ;
#2210=CARTESIAN_POINT('Line Origine',(-2.5,-6.3,0.)) ;
#2215=CARTESIAN_POINT('Line Origine',(-2.5,-5.975,-1.9)) ;
#2228=CARTESIAN_POINT('Line Origine',(-1.25,-6.9,0.)) ;
#2232=CARTESIAN_POINT('Vertex',(0.,-6.9,0.)) ;
#2235=CARTESIAN_POINT('Line Origine',(0.,-6.2,0.)) ;
#2239=CARTESIAN_POINT('Vertex',(1.94289029309E-16,-5.5,0.)) ;
#2242=CARTESIAN_POINT('Axis2P3D Location',(-0.2,-5.5,0.)) ;
#2255=CARTESIAN_POINT('Axis2P3D Location',(-0.2,-5.5,-2.)) ;
#2260=CARTESIAN_POINT('Line Origine',(1.94289029309E-16,-5.5,-2.)) ;
#2264=CARTESIAN_POINT('Vertex',(0.,-5.5,1.5)) ;
#2267=CARTESIAN_POINT('Axis2P3D Location',(-0.2,-5.5,1.5)) ;
#2279=CARTESIAN_POINT('Axis2P3D Location',(-0.2,-5.5,1.5)) ;
#2284=CARTESIAN_POINT('Axis2P3D Location',(-0.2,-5.5,1.5)) ;
#2288=CARTESIAN_POINT('Vertex',(-0.2,-5.5,1.7)) ;
#2291=CARTESIAN_POINT('Axis2P3D Location',(-0.2,-5.5,1.5)) ;
#2302=CARTESIAN_POINT('Axis2P3D Location',(-2.65000000001,-5.5,1.5)) ;
#2307=CARTESIAN_POINT('Line Origine',(-2.65000000001,-5.5,1.7)) ;
#2311=CARTESIAN_POINT('Vertex',(-3.5,-5.5,1.7)) ;
#2314=CARTESIAN_POINT('Axis2P3D Location',(-3.5,-5.5,1.5)) ;
#2326=CARTESIAN_POINT('Axis2P3D Location',(-3.5,-6.9,0.)) ;
#2331=CARTESIAN_POINT('Line Origine',(-3.5,-3.8,1.7)) ;
#2335=CARTESIAN_POINT('Vertex',(-3.5,-2.1,1.7)) ;
#2338=CARTESIAN_POINT('Line Origine',(-3.5,-2.1,0.75)) ;
#2342=CARTESIAN_POINT('Vertex',(-3.5,-2.1,-0.2)) ;
#2345=CARTESIAN_POINT('Line Origine',(-3.5,-3.9,-0.2)) ;
#2358=CARTESIAN_POINT('Axis2P3D Location',(-5.5,0.,-0.2)) ;
#2363=CARTESIAN_POINT('Line Origine',(-1.95,-2.1,-0.2)) ;
#2367=CARTESIAN_POINT('Vertex',(-0.4,-2.1,-0.2)) ;
#2370=CARTESIAN_POINT('Line Origine',(-0.4,-2.05,-0.2)) ;
#2374=CARTESIAN_POINT('Vertex',(-0.4,-2.,-0.2)) ;
#2377=CARTESIAN_POINT('Line Origine',(-0.95,-2.,-0.2)) ;
#2381=CARTESIAN_POINT('Vertex',(-1.5,-2.,-0.2)) ;
#2384=CARTESIAN_POINT('Line Origine',(-1.5,0.,-0.2)) ;
#2388=CARTESIAN_POINT('Vertex',(-1.5,2.,-0.2)) ;
#2391=CARTESIAN_POINT('Line Origine',(-0.95,2.,-0.2)) ;
#2395=CARTESIAN_POINT('Vertex',(-0.4,2.,-0.2)) ;
#2398=CARTESIAN_POINT('Line Origine',(-0.4,2.05,-0.2)) ;
#2402=CARTESIAN_POINT('Vertex',(-0.4,2.1,-0.2)) ;
#2405=CARTESIAN_POINT('Line Origine',(-5.5,2.1,-0.2)) ;
#2409=CARTESIAN_POINT('Vertex',(-10.6,2.1,-0.2)) ;
#2412=CARTESIAN_POINT('Line Origine',(-10.6,2.05,-0.2)) ;
#2416=CARTESIAN_POINT('Vertex',(-10.6,2.,-0.2)) ;
#2419=CARTESIAN_POINT('Line Origine',(-10.05,2.,-0.2)) ;
#2423=CARTESIAN_POINT('Vertex',(-9.5,2.,-0.2)) ;
#2426=CARTESIAN_POINT('Line Origine',(-9.5,0.,-0.2)) ;
#2430=CARTESIAN_POINT('Vertex',(-9.5,-2.,-0.2)) ;
#2433=CARTESIAN_POINT('Line Origine',(-10.05,-2.,-0.2)) ;
#2437=CARTESIAN_POINT('Vertex',(-10.6,-2.,-0.2)) ;
#2440=CARTESIAN_POINT('Line Origine',(-10.6,-2.05,-0.2)) ;
#2444=CARTESIAN_POINT('Vertex',(-10.6,-2.1,-0.2)) ;
#2447=CARTESIAN_POINT('Line Origine',(-9.05,-2.1,-0.2)) ;
#2451=CARTESIAN_POINT('Vertex',(-7.5,-2.1,-0.2)) ;
#2454=CARTESIAN_POINT('Line Origine',(-7.5,-3.9,-0.2)) ;
#2477=CARTESIAN_POINT('Axis2P3D Location',(-5.5,0.,-0.2)) ;
#2481=CARTESIAN_POINT('Vertex',(-3.475,0.,-0.2)) ;
#2483=CARTESIAN_POINT('Vertex',(-7.525,2.47990976827E-16,-0.2)) ;
#2486=CARTESIAN_POINT('Axis2P3D Location',(-5.5,0.,-0.2)) ;
#2496=CARTESIAN_POINT('Axis2P3D Location',(-5.5,0.,-2.5)) ;
#2501=CARTESIAN_POINT('Line Origine',(-7.525,2.47990976827E-16,-2.5)) ;
#2505=CARTESIAN_POINT('Vertex',(-7.525,2.47990976827E-16,-5.)) ;
#2508=CARTESIAN_POINT('Axis2P3D Location',(-5.5,0.,-5.)) ;
#2512=CARTESIAN_POINT('Vertex',(-3.475,0.,-5.)) ;
#2515=CARTESIAN_POINT('Line Origine',(-3.475,0.,-2.5)) ;
#2527=CARTESIAN_POINT('Axis2P3D Location',(-5.5,0.,-5.)) ;
#2539=CARTESIAN_POINT('Axis2P3D Location',(-5.5,0.,-5.)) ;
#2549=CARTESIAN_POINT('Axis2P3D Location',(-0.2,5.5,-2.)) ;
#2554=CARTESIAN_POINT('Line Origine',(-0.2,5.7,-2.)) ;
#2558=CARTESIAN_POINT('Vertex',(-0.2,5.7,1.5)) ;
#2560=CARTESIAN_POINT('Vertex',(-0.2,5.7,0.)) ;
#2563=CARTESIAN_POINT('Axis2P3D Location',(-0.2,5.5,1.5)) ;
#2567=CARTESIAN_POINT('Vertex',(0.,5.5,1.5)) ;
#2570=CARTESIAN_POINT('Line Origine',(0.,5.5,-2.)) ;
#2574=CARTESIAN_POINT('Vertex',(0.,5.5,0.)) ;
#2577=CARTESIAN_POINT('Axis2P3D Location',(-0.2,5.5,4.4408920985E-16)) ;
#2589=CARTESIAN_POINT('Line Origine',(-1.25,6.9,0.)) ;
#2593=CARTESIAN_POINT('Vertex',(-2.5,6.9,0.)) ;
#2595=CARTESIAN_POINT('Vertex',(0.,6.9,0.)) ;
#2598=CARTESIAN_POINT('Line Origine',(-2.5,6.3,0.)) ;
#2602=CARTESIAN_POINT('Vertex',(-2.5,5.7,0.)) ;
#2605=CARTESIAN_POINT('Line Origine',(-1.35,5.7,0.)) ;
#2610=CARTESIAN_POINT('Line Origine',(0.,6.2,0.)) ;
#2623=CARTESIAN_POINT('Axis2P3D Location',(-2.5,6.9,0.)) ;
#2628=CARTESIAN_POINT('Line Origine',(-2.5,6.9,-0.25)) ;
#2632=CARTESIAN_POINT('Vertex',(-2.5,6.9,-0.5)) ;
#2635=CARTESIAN_POINT('Line Origine',(0.,6.9,-0.25)) ;
#2639=CARTESIAN_POINT('Vertex',(0.,6.9,-0.5)) ;
#2642=CARTESIAN_POINT('Line Origine',(-1.25,6.9,-0.5)) ;
#2654=CARTESIAN_POINT('Axis2P3D Location',(-1.25,6.9,-0.5)) ;
#2659=CARTESIAN_POINT('Line Origine',(-1.25,6.25,-1.9)) ;
#2663=CARTESIAN_POINT('Vertex',(-2.5,6.25,-1.9)) ;
#2665=CARTESIAN_POINT('Vertex',(0.,6.25,-1.9)) ;
#2668=CARTESIAN_POINT('Line Origine',(-2.5,6.575,-1.2)) ;
#2673=CARTESIAN_POINT('Line Origine',(0.,6.575,-1.2)) ;
#2685=CARTESIAN_POINT('Line Origine',(0.,5.875,-1.9)) ;
#2689=CARTESIAN_POINT('Vertex',(0.,5.5,-1.9)) ;
#2692=CARTESIAN_POINT('Axis2P3D Location',(-0.2,5.5,-1.9)) ;
#2696=CARTESIAN_POINT('Vertex',(-0.2,5.7,-1.9)) ;
#2699=CARTESIAN_POINT('Line Origine',(-1.35,5.7,-1.9)) ;
#2703=CARTESIAN_POINT('Vertex',(-2.5,5.7,-1.9)) ;
#2706=CARTESIAN_POINT('Line Origine',(-2.5,5.975,-1.9)) ;
#2719=CARTESIAN_POINT('Axis2P3D Location',(-0.2,5.5,-2.1)) ;
#2724=CARTESIAN_POINT('Line Origine',(0.,5.5,-2.1)) ;
#2728=CARTESIAN_POINT('Vertex',(0.,5.5,-5.4)) ;
#2731=CARTESIAN_POINT('Axis2P3D Location',(-0.2,5.5,-5.4)) ;
#2735=CARTESIAN_POINT('Vertex',(-0.2,5.7,-5.4)) ;
#2738=CARTESIAN_POINT('Line Origine',(-0.2,5.7,-2.1)) ;
#2750=CARTESIAN_POINT('Line Origine',(-10.5,6.575,-1.2)) ;
#2754=CARTESIAN_POINT('Vertex',(-10.5,6.9,-0.5)) ;
#2756=CARTESIAN_POINT('Vertex',(-10.5,6.25,-1.9)) ;
#2759=CARTESIAN_POINT('Line Origine',(-10.5,6.9,-0.25)) ;
#2763=CARTESIAN_POINT('Vertex',(-10.5,6.9,0.)) ;
#2766=CARTESIAN_POINT('Line Origine',(-10.5,6.3,0.)) ;
#2770=CARTESIAN_POINT('Vertex',(-10.5,5.7,0.)) ;
#2773=CARTESIAN_POINT('Line Origine',(-10.5,5.7,-0.95)) ;
#2777=CARTESIAN_POINT('Vertex',(-10.5,5.7,-1.9)) ;
#2780=CARTESIAN_POINT('Line Origine',(-10.5,5.975,-1.9)) ;
#2793=CARTESIAN_POINT('Axis2P3D Location',(-12.5,5.2,-5.4)) ;
#2798=CARTESIAN_POINT('Axis2P3D Location',(-12.5,5.2,-5.4)) ;
#2802=CARTESIAN_POINT('Vertex',(-13.,5.2,-5.4)) ;
#2805=CARTESIAN_POINT('Axis2P3D Location',(-12.5,5.2,-5.4)) ;
#2809=CARTESIAN_POINT('Vertex',(-12.5,5.7,-5.4)) ;
#2812=CARTESIAN_POINT('Axis2P3D Location',(-12.5,5.2,-5.4)) ;
#2823=CARTESIAN_POINT('Axis2P3D Location',(-4.4408920985E-16,5.7,0.)) ;
#2828=CARTESIAN_POINT('Line Origine',(-2.5,5.7,-0.95)) ;
#2833=CARTESIAN_POINT('Line Origine',(-6.35,5.7,-5.4)) ;
#2838=CARTESIAN_POINT('Line Origine',(-12.5,5.7,-3.65)) ;
#2842=CARTESIAN_POINT('Vertex',(-12.5,5.7,-1.9)) ;
#2845=CARTESIAN_POINT('Line Origine',(-11.5,5.7,-1.9)) ;
#2850=CARTESIAN_POINT('Line Origine',(-11.5,5.7,0.)) ;
#2854=CARTESIAN_POINT('Vertex',(-12.5,5.7,0.)) ;
#2857=CARTESIAN_POINT('Line Origine',(-12.5,5.7,0.75)) ;
#2861=CARTESIAN_POINT('Vertex',(-12.5,5.7,1.5)) ;
#2864=CARTESIAN_POINT('Line Origine',(-6.35,5.7,1.5)) ;
#2884=CARTESIAN_POINT('Axis2P3D Location',(-0.2,5.2,-5.4)) ;
#2889=CARTESIAN_POINT('Axis2P3D Location',(0.,5.2,-5.4)) ;
#2893=CARTESIAN_POINT('Vertex',(0.,5.2,-5.7)) ;
#2896=CARTESIAN_POINT('Axis2P3D Location',(-0.2,5.2,-5.7)) ;
#2901=CARTESIAN_POINT('Axis2P3D Location',(-0.2,5.2,-5.4)) ;
#2913=CARTESIAN_POINT('Axis2P3D Location',(-8.,-4.,-2.7)) ;
#2918=CARTESIAN_POINT('Axis2P3D Location',(-8.,-4.,-2.7)) ;
#2922=CARTESIAN_POINT('Vertex',(-8.,-4.,-2.2)) ;
#2924=CARTESIAN_POINT('Vertex',(-8.,-4.5,-2.7)) ;
#2927=CARTESIAN_POINT('Axis2P3D Location',(-8.,-4.,-2.7)) ;
#2931=CARTESIAN_POINT('Vertex',(-8.5,-4.,-2.7)) ;
#2934=CARTESIAN_POINT('Axis2P3D Location',(-8.,-4.,-2.7)) ;
#2945=CARTESIAN_POINT('Axis2P3D Location',(-3.,-4.,-2.7)) ;
#2950=CARTESIAN_POINT('Axis2P3D Location',(-3.,-4.,-2.7)) ;
#2954=CARTESIAN_POINT('Vertex',(-3.,-4.,-2.2)) ;
#2956=CARTESIAN_POINT('Vertex',(-2.5,-4.,-2.7)) ;
#2959=CARTESIAN_POINT('Axis2P3D Location',(-3.,-4.,-2.7)) ;
#2963=CARTESIAN_POINT('Vertex',(-3.,-4.5,-2.7)) ;
#2966=CARTESIAN_POINT('Axis2P3D Location',(-3.,-4.,-2.7)) ;
#2985=CARTESIAN_POINT('Axis2P3D Location',(0.,3.8,0.)) ;
#2990=CARTESIAN_POINT('Line Origine',(18.5,3.8,-1.9)) ;
#2994=CARTESIAN_POINT('Vertex',(18.5,3.8,-6.9)) ;
#2996=CARTESIAN_POINT('Vertex',(18.5,3.8,3.1)) ;
#2999=CARTESIAN_POINT('Line Origine',(16.875,3.8,3.1)) ;
#3003=CARTESIAN_POINT('Vertex',(15.25,3.8,3.1)) ;
#3006=CARTESIAN_POINT('Line Origine',(15.25,3.8,-1.9)) ;
#3010=CARTESIAN_POINT('Vertex',(15.25,3.8,-6.9)) ;
#3013=CARTESIAN_POINT('Line Origine',(16.875,3.8,-6.9)) ;
#3025=CARTESIAN_POINT('Line Origine',(-5.5,-4.,-2.2)) ;
#3030=CARTESIAN_POINT('Line Origine',(-8.,-3.75,-2.2)) ;
#3034=CARTESIAN_POINT('Vertex',(-8.,-3.5,-2.2)) ;
#3037=CARTESIAN_POINT('Line Origine',(-5.5,-3.5,-2.2)) ;
#3041=CARTESIAN_POINT('Vertex',(-3.,-3.5,-2.2)) ;
#3044=CARTESIAN_POINT('Line Origine',(-3.,-3.75,-2.2)) ;
#3056=CARTESIAN_POINT('Axis2P3D Location',(-5.5,-4.,-2.7)) ;
#3061=CARTESIAN_POINT('Line Origine',(-5.5,-4.5,-2.7)) ;
#3073=CARTESIAN_POINT('Axis2P3D Location',(-8.,-3.5,-2.7)) ;
#3078=CARTESIAN_POINT('Axis2P3D Location',(-8.,-3.5,-2.7)) ;
#3082=CARTESIAN_POINT('Vertex',(-8.5,-3.5,-2.7)) ;
#3085=CARTESIAN_POINT('Axis2P3D Location',(-8.,-3.5,-2.7)) ;
#3089=CARTESIAN_POINT('Vertex',(-8.,-3.,-2.7)) ;
#3092=CARTESIAN_POINT('Axis2P3D Location',(-8.,-3.5,-2.7)) ;
#3103=CARTESIAN_POINT('Line Origine',(13.25,3.8,-1.9)) ;
#3107=CARTESIAN_POINT('Vertex',(13.25,3.8,-6.9)) ;
#3109=CARTESIAN_POINT('Vertex',(13.25,3.8,3.1)) ;
#3112=CARTESIAN_POINT('Line Origine',(11.625,3.8,3.1)) ;
#3116=CARTESIAN_POINT('Vertex',(10.,3.8,3.1)) ;
#3119=CARTESIAN_POINT('Line Origine',(10.,3.8,-1.9)) ;
#3123=CARTESIAN_POINT('Vertex',(10.,3.8,-6.9)) ;
#3126=CARTESIAN_POINT('Line Origine',(11.625,3.8,-6.9)) ;
#3138=CARTESIAN_POINT('Axis2P3D Location',(-8.,-4.,-4.05)) ;
#3143=CARTESIAN_POINT('Axis2P3D Location',(-8.,-4.,-5.4)) ;
#3147=CARTESIAN_POINT('Vertex',(-8.5,-4.,-5.4)) ;
#3149=CARTESIAN_POINT('Vertex',(-8.,-4.5,-5.4)) ;
#3152=CARTESIAN_POINT('Line Origine',(-8.5,-4.,-4.05)) ;
#3157=CARTESIAN_POINT('Line Origine',(-8.,-4.5,-4.05)) ;
#3169=CARTESIAN_POINT('Axis2P3D Location',(-8.,-3.5,-4.05)) ;
#3174=CARTESIAN_POINT('Axis2P3D Location',(-8.,-3.5,-5.4)) ;
#3178=CARTESIAN_POINT('Vertex',(-8.,-3.,-5.4)) ;
#3180=CARTESIAN_POINT('Vertex',(-8.5,-3.5,-5.4)) ;
#3183=CARTESIAN_POINT('Line Origine',(-8.,-3.,-4.05)) ;
#3188=CARTESIAN_POINT('Line Origine',(-8.5,-3.5,-4.05)) ;
#3200=CARTESIAN_POINT('Axis2P3D Location',(-3.,-4.,-4.05)) ;
#3205=CARTESIAN_POINT('Axis2P3D Location',(-3.,-4.,-5.4)) ;
#3209=CARTESIAN_POINT('Vertex',(-3.,-4.5,-5.4)) ;
#3211=CARTESIAN_POINT('Vertex',(-2.5,-4.,-5.4)) ;
#3214=CARTESIAN_POINT('Line Origine',(-3.,-4.5,-4.05)) ;
#3219=CARTESIAN_POINT('Line Origine',(-2.5,-4.,-4.05)) ;
#3231=CARTESIAN_POINT('Axis2P3D Location',(-8.5,-4.5,0.)) ;
#3236=CARTESIAN_POINT('Line Origine',(-5.5,-4.5,-5.4)) ;
#3248=CARTESIAN_POINT('Line Origine',(-2.5,-3.75,-5.4)) ;
#3252=CARTESIAN_POINT('Vertex',(-2.5,-3.5,-5.4)) ;
#3255=CARTESIAN_POINT('Line Origine',(-2.5,-3.75,-2.7)) ;
#3259=CARTESIAN_POINT('Vertex',(-2.5,-3.5,-2.7)) ;
#3262=CARTESIAN_POINT('Line Origine',(-2.5,-3.5,-4.05)) ;
#3274=CARTESIAN_POINT('Axis2P3D Location',(-3.,-3.5,-4.05)) ;
#3279=CARTESIAN_POINT('Axis2P3D Location',(-3.,-3.5,-5.4)) ;
#3283=CARTESIAN_POINT('Vertex',(-3.,-3.,-5.4)) ;
#3286=CARTESIAN_POINT('Axis2P3D Location',(-3.,-3.5,-2.7)) ;
#3290=CARTESIAN_POINT('Vertex',(-3.,-3.,-2.7)) ;
#3293=CARTESIAN_POINT('Line Origine',(-3.,-3.,-4.05)) ;
#3305=CARTESIAN_POINT('Axis2P3D Location',(-2.5,-3.,0.)) ;
#3310=CARTESIAN_POINT('Line Origine',(-5.5,-3.,-2.7)) ;
#3315=CARTESIAN_POINT('Line Origine',(-5.5,-3.,-5.4)) ;
#3327=CARTESIAN_POINT('Line Origine',(-8.5,-3.75,-5.4)) ;
#3332=CARTESIAN_POINT('Line Origine',(-8.5,-3.75,-2.7)) ;
#3344=CARTESIAN_POINT('Axis2P3D Location',(18.5,3.3,-1.9)) ;
#3349=CARTESIAN_POINT('Line Origine',(19.,3.3,-1.9)) ;
#3353=CARTESIAN_POINT('Vertex',(19.,3.3,-6.9)) ;
#3355=CARTESIAN_POINT('Vertex',(19.,3.3,3.1)) ;
#3358=CARTESIAN_POINT('Axis2P3D Location',(18.5,3.3,3.1)) ;
#3363=CARTESIAN_POINT('Axis2P3D Location',(18.5,3.3,-6.9)) ;
#3375=CARTESIAN_POINT('Axis2P3D Location',(15.25,3.3,-1.9)) ;
#3380=CARTESIAN_POINT('Line Origine',(14.75,3.3,-1.9)) ;
#3384=CARTESIAN_POINT('Vertex',(14.75,3.3,3.1)) ;
#3386=CARTESIAN_POINT('Vertex',(14.75,3.3,-6.9)) ;
#3389=CARTESIAN_POINT('Axis2P3D Location',(15.25,3.3,-6.9)) ;
#3394=CARTESIAN_POINT('Axis2P3D Location',(15.25,3.3,3.1)) ;
#3406=CARTESIAN_POINT('Axis2P3D Location',(11.625,3.3,3.1)) ;
#3411=CARTESIAN_POINT('Line Origine',(11.625,3.3,3.6)) ;
#3415=CARTESIAN_POINT('Vertex',(13.25,3.3,3.6)) ;
#3417=CARTESIAN_POINT('Vertex',(10.,3.3,3.6)) ;
#3420=CARTESIAN_POINT('Axis2P3D Location',(10.,3.3,3.1)) ;
#3425=CARTESIAN_POINT('Axis2P3D Location',(13.25,3.3,3.1)) ;
#3437=CARTESIAN_POINT('Axis2P3D Location',(21.5,0.,0.)) ;
#3442=CARTESIAN_POINT('Line Origine',(21.5,-8.881784197E-16,-7.4)) ;
#3446=CARTESIAN_POINT('Vertex',(21.5,-3.8,-7.4)) ;
#3448=CARTESIAN_POINT('Vertex',(21.5,3.8,-7.4)) ;
#3451=CARTESIAN_POINT('Line Origine',(21.5,3.8,-1.9)) ;
#3455=CARTESIAN_POINT('Vertex',(21.5,3.8,3.6)) ;
#3458=CARTESIAN_POINT('Line Origine',(21.5,-8.881784197E-16,3.6)) ;
#3462=CARTESIAN_POINT('Vertex',(21.5,-3.8,3.6)) ;
#3465=CARTESIAN_POINT('Line Origine',(21.5,-3.8,-1.9)) ;
#3477=CARTESIAN_POINT('Axis2P3D Location',(13.25,3.3,3.1)) ;
#3482=CARTESIAN_POINT('Axis2P3D Location',(13.25,3.3,3.1)) ;
#3486=CARTESIAN_POINT('Vertex',(13.75,3.3,3.1)) ;
#3489=CARTESIAN_POINT('Axis2P3D Location',(13.25,3.3,3.1)) ;
#3500=CARTESIAN_POINT('Axis2P3D Location',(10.,3.3,3.1)) ;
#3505=CARTESIAN_POINT('Axis2P3D Location',(10.,3.3,3.1)) ;
#3509=CARTESIAN_POINT('Vertex',(9.5,3.3,3.1)) ;
#3512=CARTESIAN_POINT('Axis2P3D Location',(10.,3.3,3.1)) ;
#3523=CARTESIAN_POINT('Axis2P3D Location',(16.875,3.3,3.1)) ;
#3528=CARTESIAN_POINT('Line Origine',(16.875,3.3,3.6)) ;
#3532=CARTESIAN_POINT('Vertex',(18.5,3.3,3.6)) ;
#3534=CARTESIAN_POINT('Vertex',(15.25,3.3,3.6)) ;
#3537=CARTESIAN_POINT('Axis2P3D Location',(15.25,3.3,3.1)) ;
#3542=CARTESIAN_POINT('Axis2P3D Location',(18.5,3.3,3.1)) ;
#3554=CARTESIAN_POINT('Axis2P3D Location',(-11.75,6.9,-0.5)) ;
#3559=CARTESIAN_POINT('Line Origine',(-11.75,6.25,-1.9)) ;
#3563=CARTESIAN_POINT('Vertex',(-13.,6.25,-1.9)) ;
#3566=CARTESIAN_POINT('Line Origine',(-13.,6.575,-1.2)) ;
#3570=CARTESIAN_POINT('Vertex',(-13.,6.9,-0.5)) ;
#3573=CARTESIAN_POINT('Line Origine',(-11.75,6.9,-0.5)) ;
#3585=CARTESIAN_POINT('Axis2P3D Location',(-14.5,-1.24160069296,-7.11236625156E-17)) ;
#3591=CARTESIAN_POINT('Control Point',(-15.5818663277,-1.05043414219,-7.11236625156E-17)) ;
#3592=CARTESIAN_POINT('Control Point',(-15.6097042516,-1.04573128074,-7.11236625156E-17)) ;
#3593=CARTESIAN_POINT('Control Point',(-15.6371896284,-1.03903304761,-7.11236625156E-17)) ;
#3594=CARTESIAN_POINT('Control Point',(-15.6644545073,-1.0302623225,-7.11236625156E-17)) ;
#3595=CARTESIAN_POINT('Control Point',(-15.7171287993,-1.00902938148,-7.11236625156E-17)) ;
#3596=CARTESIAN_POINT('Control Point',(-15.7660719239,-0.980618979027,-7.11236625156E-17)) ;
#3597=CARTESIAN_POINT('Control Point',(-15.7898541524,-0.96441450752,-7.11236625156E-17)) ;
#3598=CARTESIAN_POINT('Control Point',(-15.8347333306,-0.92888241022,-7.11236625156E-17)) ;
#3599=CARTESIAN_POINT('Control Point',(-15.8737983013,-0.887712783314,-7.11236625156E-17)) ;
#3600=CARTESIAN_POINT('Control Point',(-15.8921544359,-0.865349362607,-7.11236625156E-17)) ;
#3601=CARTESIAN_POINT('Control Point',(-15.9256842204,-0.818056536606,-7.11236625156E-17)) ;
#3602=CARTESIAN_POINT('Control Point',(-15.9517607578,-0.767543901617,-7.11236625156E-17)) ;
#3603=CARTESIAN_POINT('Control Point',(-15.9632475476,-0.740766989406,-7.11236625156E-17)) ;
#3604=CARTESIAN_POINT('Control Point',(-15.977540051,-0.699945245663,-7.11236625156E-17)) ;
#3605=CARTESIAN_POINT('Control Point',(-15.9873978745,-0.659307537349,-7.11236625156E-17)) ;
#3606=CARTESIAN_POINT('Control Point',(-15.9903154413,-0.645189965681,-7.11236625156E-17)) ;
#3607=CARTESIAN_POINT('Control Point',(-15.9955002223,-0.61513601164,-7.11236625156E-17)) ;
#3608=CARTESIAN_POINT('Control Point',(-15.998496151,-0.585790961245,-7.11236625156E-17)) ;
#3609=CARTESIAN_POINT('Control Point',(-15.9995186984,-0.570255558022,-7.11236625156E-17)) ;
#3610=CARTESIAN_POINT('Control Point',(-16.0000000001,-0.555112188863,-7.11236625156E-17)) ;
#3611=CARTESIAN_POINT('Control Point',(-16.,-0.540322879283,-7.11236625156E-17)) ;
#3612=CARTESIAN_POINT('Vertex',(-16.,-0.540322879283,-7.11236625156E-17)) ;
#3614=CARTESIAN_POINT('Vertex',(-15.5818663277,-1.05043414219,-7.11236625156E-17)) ;
#3617=CARTESIAN_POINT('Line Origine',(-16.,-0.558370277468,-7.11236625156E-17)) ;
#3621=CARTESIAN_POINT('Vertex',(-16.,-0.576417675654,-7.11236625156E-17)) ;
#3625=CARTESIAN_POINT('Control Point',(-15.5821964483,-1.06963392528,-7.11236625156E-17)) ;
#3626=CARTESIAN_POINT('Control Point',(-15.6101394554,-1.06497675743,-7.11236625156E-17)) ;
#3627=CARTESIAN_POINT('Control Point',(-15.6377524852,-1.05834058874,-7.11236625156E-17)) ;
#3628=CARTESIAN_POINT('Control Point',(-15.6648488559,-1.04975652501,-7.11236625156E-17)) ;
#3629=CARTESIAN_POINT('Control Point',(-15.7438240006,-1.01842003062,-7.11236625156E-17)) ;
#3630=CARTESIAN_POINT('Control Point',(-15.8150143995,-0.970900565356,-7.11236625156E-17)) ;
#3631=CARTESIAN_POINT('Control Point',(-15.8576106098,-0.932736645639,-7.11236625156E-17)) ;
#3632=CARTESIAN_POINT('Control Point',(-15.9304800337,-0.845912697467,-7.11236625156E-17)) ;
#3633=CARTESIAN_POINT('Control Point',(-15.9766346922,-0.742412940201,-7.11236625156E-17)) ;
#3634=CARTESIAN_POINT('Control Point',(-15.992212672,-0.688044512806,-7.11236625156E-17)) ;
#3635=CARTESIAN_POINT('Control Point',(-16.,-0.632231369533,-7.11236625156E-17)) ;
#3636=CARTESIAN_POINT('Control Point',(-16.,-0.576417675654,-7.11236625156E-17)) ;
#3637=CARTESIAN_POINT('Vertex',(-15.5821964483,-1.06963392528,-7.11236625156E-17)) ;
#3640=CARTESIAN_POINT('Line Origine',(-14.2910982242,-1.28481696264,-7.11236625156E-17)) ;
#3644=CARTESIAN_POINT('Vertex',(-13.,-1.5,-7.11236625156E-17)) ;
#3647=CARTESIAN_POINT('Line Origine',(-13.,-1.49330343737,-7.11236625156E-17)) ;
#3651=CARTESIAN_POINT('Vertex',(-13.,-1.48660687473,-7.11236625156E-17)) ;
#3654=CARTESIAN_POINT('Line Origine',(-14.2909331638,-1.26852050846,-7.11236625156E-17)) ;
#3668=CARTESIAN_POINT('Axis2P3D Location',(-14.5,-1.24907189293,-0.106350536321)) ;
#3673=CARTESIAN_POINT('Line Origine',(-15.5821964483,-1.06871271609,-0.105560116951)) ;
#3677=CARTESIAN_POINT('Vertex',(-15.582196046,-1.06778632119,-0.211125723517)) ;
#3680=CARTESIAN_POINT('Line Origine',(-14.2910982242,-1.28295808543,-0.213006229826)) ;
#3684=CARTESIAN_POINT('Vertex',(-13.,-1.49811729425,-0.214892161248)) ;
#3687=CARTESIAN_POINT('Line Origine',(-13.,-1.49906233198,-0.107446112875)) ;
#3699=CARTESIAN_POINT('Axis2P3D Location',(-13.,1.11022302463E-15,-0.201780008381)) ;
#3704=CARTESIAN_POINT('Axis2P3D Location',(-15.582196046,1.02955099048E-14,-0.201780008381)) ;
#3708=CARTESIAN_POINT('Vertex',(-15.5821964483,1.06779150691,-0.211120233901)) ;
#3711=CARTESIAN_POINT('Line Origine',(-14.5,1.24813764588,-0.212704234191)) ;
#3715=CARTESIAN_POINT('Vertex',(-13.,1.49812466396,-0.214892225751)) ;
#3718=CARTESIAN_POINT('Axis2P3D Location',(-13.,1.11022302463E-15,-0.201780008381)) ;
#3730=CARTESIAN_POINT('Axis2P3D Location',(-14.5,1.24907189293,-0.106350536321)) ;
#3735=CARTESIAN_POINT('Line Origine',(-15.5821964483,1.06871271609,-0.105560116951)) ;
#3739=CARTESIAN_POINT('Vertex',(-15.5821964483,1.06963392528,1.38163182329E-16)) ;
#3742=CARTESIAN_POINT('Line Origine',(-14.2910982242,1.28481696264,-3.72063491128E-13)) ;
#3746=CARTESIAN_POINT('Vertex',(-13.,1.5,1.38163182329E-16)) ;
#3749=CARTESIAN_POINT('Line Origine',(-13.,1.49906233198,-0.107446112875)) ;
#3761=CARTESIAN_POINT('Axis2P3D Location',(-14.5,1.24160069296,1.38163182329E-16)) ;
#3766=CARTESIAN_POINT('Line Origine',(-14.2909330708,1.26852052417,1.38163182329E-16)) ;
#3770=CARTESIAN_POINT('Vertex',(-13.,1.48660687473,1.38163182329E-16)) ;
#3772=CARTESIAN_POINT('Vertex',(-15.5818661417,1.05043417362,1.38163182329E-16)) ;
#3775=CARTESIAN_POINT('Line Origine',(-13.,1.49330343737,1.38163182329E-16)) ;
#3781=CARTESIAN_POINT('Control Point',(-15.5821964483,1.06963392528,1.38163182329E-16)) ;
#3782=CARTESIAN_POINT('Control Point',(-15.5852773412,1.0691134485,1.38163182329E-16)) ;
#3783=CARTESIAN_POINT('Control Point',(-15.5883582341,1.06859297172,1.38163182329E-16)) ;
#3784=CARTESIAN_POINT('Control Point',(-15.5914305969,1.0680206606,1.38163182329E-16)) ;
#3785=CARTESIAN_POINT('Control Point',(-15.6170887869,1.06312373528,1.38163182329E-16)) ;
#3786=CARTESIAN_POINT('Control Point',(-15.642414004,1.05655386658,1.38163182329E-16)) ;
#3787=CARTESIAN_POINT('Control Point',(-15.6644726196,1.04945125439,1.38163182329E-16)) ;
#3788=CARTESIAN_POINT('Control Point',(-15.6875628711,1.04051696029,1.38163182329E-16)) ;
#3789=CARTESIAN_POINT('Control Point',(-15.7100209898,1.03019219056,1.38163182329E-16)) ;
#3790=CARTESIAN_POINT('Control Point',(-15.7115821688,1.02946630686,1.38163182329E-16)) ;
#3791=CARTESIAN_POINT('Control Point',(-15.764202269,1.00472413295,1.38163182329E-16)) ;
#3792=CARTESIAN_POINT('Control Point',(-15.8131933274,0.972348034647,1.38163182329E-16)) ;
#3793=CARTESIAN_POINT('Control Point',(-15.8559649411,0.934380812083,1.38163182329E-16)) ;
#3794=CARTESIAN_POINT('Control Point',(-15.9295344708,0.847538508705,1.38163182329E-16)) ;
#3795=CARTESIAN_POINT('Control Point',(-15.9762471854,0.743759252262,1.38163182329E-16)) ;
#3796=CARTESIAN_POINT('Control Point',(-15.9920835603,0.688966075133,1.38163182329E-16)) ;
#3797=CARTESIAN_POINT('Control Point',(-16.,0.63269215526,1.38163182329E-16)) ;
#3798=CARTESIAN_POINT('Control Point',(-16.,0.576417675652,1.38163182329E-16)) ;
#3799=CARTESIAN_POINT('Vertex',(-16.,0.576417675652,1.38163182329E-16)) ;
#3802=CARTESIAN_POINT('Line Origine',(-16.,0.558370416773,1.38163182329E-16)) ;
#3806=CARTESIAN_POINT('Vertex',(-16.,0.540323157893,1.38163182329E-16)) ;
#3810=CARTESIAN_POINT('Control Point',(-15.5818661417,1.05043417362,1.38163182329E-16)) ;
#3811=CARTESIAN_POINT('Control Point',(-15.6097040424,1.04573132171,1.38163182329E-16)) ;
#3812=CARTESIAN_POINT('Control Point',(-15.6371894028,1.03903309667,1.38163182329E-16)) ;
#3813=CARTESIAN_POINT('Control Point',(-15.664454314,1.03026234626,1.38163182329E-16)) ;
#3814=CARTESIAN_POINT('Control Point',(-15.7171285887,1.00902940843,1.38163182329E-16)) ;
#3815=CARTESIAN_POINT('Control Point',(-15.7660716802,0.980619098214,1.38163182329E-16)) ;
#3816=CARTESIAN_POINT('Control Point',(-15.7898539915,0.964414635553,1.38163182329E-16)) ;
#3817=CARTESIAN_POINT('Control Point',(-15.8347332571,0.92888249054,1.38163182329E-16)) ;
#3818=CARTESIAN_POINT('Control Point',(-15.8737982933,0.887712804436,1.38163182329E-16)) ;
#3819=CARTESIAN_POINT('Control Point',(-15.892154427,0.865349391803,1.38163182329E-16)) ;
#3820=CARTESIAN_POINT('Control Point',(-15.9256842145,0.818056581406,1.38163182329E-16)) ;
#3821=CARTESIAN_POINT('Control Point',(-15.951760749,0.767543984211,1.38163182329E-16)) ;
#3822=CARTESIAN_POINT('Control Point',(-15.9632475389,0.740767091155,1.38163182329E-16)) ;
#3823=CARTESIAN_POINT('Control Point',(-15.9775400421,0.699945384642,1.38163182329E-16)) ;
#3824=CARTESIAN_POINT('Control Point',(-15.9873978622,0.659307744773,1.38163182329E-16)) ;
#3825=CARTESIAN_POINT('Control Point',(-15.9903154291,0.645190193282,1.38163182329E-16)) ;
#3826=CARTESIAN_POINT('Control Point',(-15.9955002193,0.615136237745,1.38163182329E-16)) ;
#3827=CARTESIAN_POINT('Control Point',(-15.9984961501,0.58579121355,1.38163182329E-16)) ;
#3828=CARTESIAN_POINT('Control Point',(-15.9995186985,0.57025580699,1.38163182329E-16)) ;
#3829=CARTESIAN_POINT('Control Point',(-15.9999999999,0.555112447131,1.38163182329E-16)) ;
#3830=CARTESIAN_POINT('Control Point',(-16.,0.540323157893,1.38163182329E-16)) ;
#3842=CARTESIAN_POINT('Control Point',(-13.,-1.48660687473,-6.10622663544E-16)) ;
#3843=CARTESIAN_POINT('Control Point',(-13.,-1.42912428524,0.427270063606)) ;
#3844=CARTESIAN_POINT('Control Point',(-13.,-1.21843148033,0.83417039894)) ;
#3845=CARTESIAN_POINT('Control Point',(-13.,-0.862238842431,1.14544179655)) ;
#3846=CARTESIAN_POINT('Control Point',(-13.,-6.48653414723E-15,1.45455820345)) ;
#3847=CARTESIAN_POINT('Control Point',(-13.,0.862238842431,1.14544179655)) ;
#3848=CARTESIAN_POINT('Control Point',(-13.,1.21843148033,0.83417039894)) ;
#3849=CARTESIAN_POINT('Control Point',(-13.,1.42912428524,0.427270063606)) ;
#3850=CARTESIAN_POINT('Control Point',(-13.,1.48660687473,-5.55111512313E-16)) ;
#3851=CARTESIAN_POINT('Control Point',(-13.6,-1.38524467915,-5.82867087928E-16)) ;
#3852=CARTESIAN_POINT('Control Point',(-13.6,-1.32830310036,0.39548685614)) ;
#3853=CARTESIAN_POINT('Control Point',(-13.6,-1.13044691163,0.770956503183)) ;
#3854=CARTESIAN_POINT('Control Point',(-13.6,-0.799346146425,1.05763338767)) ;
#3855=CARTESIAN_POINT('Control Point',(-13.6,1.09033460311E-11,1.34236661227)) ;
#3856=CARTESIAN_POINT('Control Point',(-13.6,0.79934614644,1.05763338767)) ;
#3857=CARTESIAN_POINT('Control Point',(-13.6,1.13044691169,0.770956503168)) ;
#3858=CARTESIAN_POINT('Control Point',(-13.6,1.32830310036,0.395486856132)) ;
#3859=CARTESIAN_POINT('Control Point',(-13.6,1.38524467921,-5.55111512313E-16)) ;
#3860=CARTESIAN_POINT('Control Point',(-14.2,-1.28388248357,-6.52256026967E-16)) ;
#3861=CARTESIAN_POINT('Control Point',(-14.2,-1.22748191549,0.363703648673)) ;
#3862=CARTESIAN_POINT('Control Point',(-14.2,-1.04246234294,0.707742607426)) ;
#3863=CARTESIAN_POINT('Control Point',(-14.2,-0.736453450419,0.969824978786)) ;
#3864=CARTESIAN_POINT('Control Point',(-14.2,2.18131785964E-11,1.23017502109)) ;
#3865=CARTESIAN_POINT('Control Point',(-14.2,0.736453450449,0.969824978786)) ;
#3866=CARTESIAN_POINT('Control Point',(-14.2,1.04246234305,0.707742607396)) ;
#3867=CARTESIAN_POINT('Control Point',(-14.2,1.22748191549,0.363703648658)) ;
#3868=CARTESIAN_POINT('Control Point',(-14.2,1.28388248368,-5.82867087928E-16)) ;
#3869=CARTESIAN_POINT('Control Point',(-14.8,-1.18252028804,2.77555756156E-16)) ;
#3870=CARTESIAN_POINT('Control Point',(-14.8,-1.12666073062,0.3319204412)) ;
#3871=CARTESIAN_POINT('Control Point',(-14.8,-0.954477774242,0.644528711613)) ;
#3872=CARTESIAN_POINT('Control Point',(-14.8,-0.673560754355,0.882016569993)) ;
#3873=CARTESIAN_POINT('Control Point',(-14.8,1.85990919164E-13,1.11798343001)) ;
#3874=CARTESIAN_POINT('Control Point',(-14.8,0.673560754355,0.882016569993)) ;
#3875=CARTESIAN_POINT('Control Point',(-14.8,0.954477774213,0.644528711641)) ;
#3876=CARTESIAN_POINT('Control Point',(-14.8,1.12666073062,0.331920441229)) ;
#3877=CARTESIAN_POINT('Control Point',(-14.8,1.1825202881,6.24500451352E-16)) ;
#3878=CARTESIAN_POINT('Control Point',(-15.4,-1.08115809258,2.91433543964E-16)) ;
#3879=CARTESIAN_POINT('Control Point',(-15.4,-1.02583954575,0.300137233755)) ;
#3880=CARTESIAN_POINT('Control Point',(-15.4,-0.866493205547,0.581314815884)) ;
#3881=CARTESIAN_POINT('Control Point',(-15.4,-0.610668058379,0.79420816114)) ;
#3882=CARTESIAN_POINT('Control Point',(-15.4,8.86289511042E-14,1.00579183886)) ;
#3883=CARTESIAN_POINT('Control Point',(-15.4,0.610668058379,0.79420816114)) ;
#3884=CARTESIAN_POINT('Control Point',(-15.4,0.866493205533,0.581314815899)) ;
#3885=CARTESIAN_POINT('Control Point',(-15.4,1.02583954575,0.30013723377)) ;
#3886=CARTESIAN_POINT('Control Point',(-15.4,1.08115809261,6.24500451352E-16)) ;
#3887=CARTESIAN_POINT('Control Point',(-16.,-0.979795897113,2.63677968348E-16)) ;
#3888=CARTESIAN_POINT('Control Point',(-16.,-0.925018360873,0.268354026311)) ;
#3889=CARTESIAN_POINT('Control Point',(-16.,-0.778508636852,0.518100920156)) ;
#3890=CARTESIAN_POINT('Control Point',(-16.,-0.547775362402,0.706399752286)) ;
#3891=CARTESIAN_POINT('Control Point',(-16.,-8.73301695504E-15,0.893600247714)) ;
#3892=CARTESIAN_POINT('Control Point',(-16.,0.547775362402,0.706399752286)) ;
#3893=CARTESIAN_POINT('Control Point',(-16.,0.778508636852,0.518100920156)) ;
#3894=CARTESIAN_POINT('Control Point',(-16.,0.925018360873,0.268354026311)) ;
#3895=CARTESIAN_POINT('Control Point',(-16.,0.979795897113,6.38378239159E-16)) ;
#3897=CARTESIAN_POINT('Control Point',(-15.5818663277,-1.05043414216,-6.95347866919E-16)) ;
#3898=CARTESIAN_POINT('Control Point',(-15.5819225059,-1.03189664541,0.0975884652524)) ;
#3899=CARTESIAN_POINT('Control Point',(-15.581630125,-1.0016165423,0.195589686242)) ;
#3900=CARTESIAN_POINT('Control Point',(-15.5819903509,-0.961062901442,0.28480103972)) ;
#3901=CARTESIAN_POINT('Control Point',(-15.5820430933,-0.872461996226,0.433569246146)) ;
#3902=CARTESIAN_POINT('Control Point',(-15.5820871449,-0.756398419605,0.561319621477)) ;
#3903=CARTESIAN_POINT('Control Point',(-15.5821047478,-0.702967009227,0.610930297292)) ;
#3904=CARTESIAN_POINT('Control Point',(-15.5821496536,-0.547743229091,0.732253833011)) ;
#3905=CARTESIAN_POINT('Control Point',(-15.5821833359,-0.367884491486,0.815897025285)) ;
#3906=CARTESIAN_POINT('Control Point',(-15.5821974663,-0.247445289685,0.851764902808)) ;
#3907=CARTESIAN_POINT('Control Point',(-15.5822015212,-3.52591043897E-05,0.887503979465)) ;
#3908=CARTESIAN_POINT('Control Point',(-15.5821974659,0.247569558369,0.851760808925)) ;
#3909=CARTESIAN_POINT('Control Point',(-15.5821833405,0.367864672188,0.815906502779)) ;
#3910=CARTESIAN_POINT('Control Point',(-15.5821496554,0.54773602471,0.732259952244)) ;
#3911=CARTESIAN_POINT('Control Point',(-15.5821047474,0.70296923912,0.610928380271)) ;
#3912=CARTESIAN_POINT('Control Point',(-15.5820871438,0.756400589501,0.561317482698)) ;
#3913=CARTESIAN_POINT('Control Point',(-15.5820430925,0.872464464756,0.433566027951)) ;
#3914=CARTESIAN_POINT('Control Point',(-15.5819903488,0.9610652869,0.284796581866)) ;
#3915=CARTESIAN_POINT('Control Point',(-15.5816058676,1.00159044009,0.195690612625)) ;
#3916=CARTESIAN_POINT('Control Point',(-15.5819159494,1.03188899266,0.0976346099621)) ;
#3917=CARTESIAN_POINT('Control Point',(-15.5818661417,1.0504341736,1.94289029309E-16)) ;
#3920=CARTESIAN_POINT('Control Point',(-13.,-1.48660687473,-1.02695629778E-15)) ;
#3921=CARTESIAN_POINT('Control Point',(-13.,-1.42912428524,0.427270063606)) ;
#3922=CARTESIAN_POINT('Control Point',(-13.,-1.21843148033,0.83417039894)) ;
#3923=CARTESIAN_POINT('Control Point',(-13.,-0.862238842431,1.14544179655)) ;
#3924=CARTESIAN_POINT('Control Point',(-13.,-6.48653414724E-15,1.45455820345)) ;
#3925=CARTESIAN_POINT('Control Point',(-13.,0.862238842431,1.14544179655)) ;
#3926=CARTESIAN_POINT('Control Point',(-13.,1.21843148033,0.83417039894)) ;
#3927=CARTESIAN_POINT('Control Point',(-13.,1.42912428524,0.427270063606)) ;
#3928=CARTESIAN_POINT('Control Point',(-13.,1.48660687473,-5.82867087928E-16)) ;
#3937=CARTESIAN_POINT('Axis2P3D Location',(-0.2,5.5,1.5)) ;
#3942=CARTESIAN_POINT('Axis2P3D Location',(-0.2,5.5,1.5)) ;
#3946=CARTESIAN_POINT('Vertex',(-0.2,5.5,1.7)) ;
#3949=CARTESIAN_POINT('Axis2P3D Location',(-0.2,5.5,1.5)) ;
#3960=CARTESIAN_POINT('Axis2P3D Location',(-12.5,5.2,-2.)) ;
#3965=CARTESIAN_POINT('Line Origine',(-13.,5.2,-2.)) ;
#3969=CARTESIAN_POINT('Vertex',(-13.,5.2,-1.9)) ;
#3972=CARTESIAN_POINT('Axis2P3D Location',(-12.5,5.2,-1.9)) ;
#3984=CARTESIAN_POINT('Line Origine',(-13.,5.725,-1.9)) ;
#3997=CARTESIAN_POINT('Line Origine',(-11.75,6.9,0.)) ;
#4001=CARTESIAN_POINT('Vertex',(-13.,6.9,0.)) ;
#4004=CARTESIAN_POINT('Line Origine',(-13.,6.05,0.)) ;
#4008=CARTESIAN_POINT('Vertex',(-13.,5.2,0.)) ;
#4011=CARTESIAN_POINT('Axis2P3D Location',(-12.5,5.2,0.)) ;
#4024=CARTESIAN_POINT('Axis2P3D Location',(-12.5,5.2,-2.)) ;
#4029=CARTESIAN_POINT('Line Origine',(-13.,5.2,-2.)) ;
#4033=CARTESIAN_POINT('Vertex',(-13.,5.2,1.5)) ;
#4036=CARTESIAN_POINT('Axis2P3D Location',(-12.5,5.2,1.5)) ;
#4048=CARTESIAN_POINT('Line Origine',(-13.,6.9,-0.25)) ;
#4060=CARTESIAN_POINT('Axis2P3D Location',(13.25,3.3,-1.9)) ;
#4065=CARTESIAN_POINT('Line Origine',(13.75,3.3,-1.9)) ;
#4069=CARTESIAN_POINT('Vertex',(13.75,3.3,-6.9)) ;
#4072=CARTESIAN_POINT('Axis2P3D Location',(13.25,3.3,-6.9)) ;
#4084=CARTESIAN_POINT('Axis2P3D Location',(0.,2.75,0.)) ;
#4089=CARTESIAN_POINT('Line Origine',(6.,2.75,-2.2)) ;
#4093=CARTESIAN_POINT('Vertex',(6.,2.75,-3.9)) ;
#4095=CARTESIAN_POINT('Vertex',(6.,2.75,-0.5)) ;
#4098=CARTESIAN_POINT('Line Origine',(4.4,2.75,-0.5)) ;
#4102=CARTESIAN_POINT('Vertex',(2.8,2.75,-0.5)) ;
#4105=CARTESIAN_POINT('Line Origine',(2.8,2.75,-2.2)) ;
#4109=CARTESIAN_POINT('Vertex',(2.8,2.75,-3.9)) ;
#4112=CARTESIAN_POINT('Line Origine',(4.4,2.75,-3.9)) ;
#4124=CARTESIAN_POINT('Axis2P3D Location',(4.4,2.25,-3.9)) ;
#4129=CARTESIAN_POINT('Line Origine',(4.4,2.25,-4.4)) ;
#4133=CARTESIAN_POINT('Vertex',(2.8,2.25,-4.4)) ;
#4135=CARTESIAN_POINT('Vertex',(6.,2.25,-4.4)) ;
#4138=CARTESIAN_POINT('Axis2P3D Location',(6.,2.25,-3.9)) ;
#4143=CARTESIAN_POINT('Axis2P3D Location',(2.8,2.25,-3.9)) ;
#4155=CARTESIAN_POINT('Axis2P3D Location',(2.8,2.25,-3.9)) ;
#4160=CARTESIAN_POINT('Axis2P3D Location',(2.8,2.25,-3.9)) ;
#4164=CARTESIAN_POINT('Vertex',(2.3,2.25,-3.9)) ;
#4167=CARTESIAN_POINT('Axis2P3D Location',(2.8,2.25,-3.9)) ;
#4178=CARTESIAN_POINT('Axis2P3D Location',(6.,2.25,-3.9)) ;
#4183=CARTESIAN_POINT('Axis2P3D Location',(6.,2.25,-3.9)) ;
#4187=CARTESIAN_POINT('Vertex',(6.5,2.25,-3.9)) ;
#4190=CARTESIAN_POINT('Axis2P3D Location',(6.,2.25,-3.9)) ;
#4201=CARTESIAN_POINT('Axis2P3D Location',(2.8,2.25,-2.2)) ;
#4206=CARTESIAN_POINT('Line Origine',(2.3,2.25,-2.2)) ;
#4210=CARTESIAN_POINT('Vertex',(2.3,2.25,-0.5)) ;
#4213=CARTESIAN_POINT('Axis2P3D Location',(2.8,2.25,-0.5)) ;
#4225=CARTESIAN_POINT('Axis2P3D Location',(2.8,2.25,-0.5)) ;
#4230=CARTESIAN_POINT('Axis2P3D Location',(2.8,2.25,-0.5)) ;
#4234=CARTESIAN_POINT('Vertex',(2.8,2.25,-1.73472347598E-18)) ;
#4237=CARTESIAN_POINT('Axis2P3D Location',(2.8,2.25,-0.5)) ;
#4248=CARTESIAN_POINT('Axis2P3D Location',(6.,2.25,-2.2)) ;
#4253=CARTESIAN_POINT('Line Origine',(6.5,2.25,-2.2)) ;
#4257=CARTESIAN_POINT('Vertex',(6.5,2.25,-0.5)) ;
#4260=CARTESIAN_POINT('Axis2P3D Location',(6.,2.25,-0.5)) ;
#4272=CARTESIAN_POINT('Axis2P3D Location',(6.,2.25,-0.5)) ;
#4277=CARTESIAN_POINT('Axis2P3D Location',(6.,2.25,-0.5)) ;
#4281=CARTESIAN_POINT('Vertex',(6.,2.25,-1.73472347598E-18)) ;
#4284=CARTESIAN_POINT('Axis2P3D Location',(6.,2.25,-0.5)) ;
#4295=CARTESIAN_POINT('Axis2P3D Location',(4.4,2.25,-0.5)) ;
#4300=CARTESIAN_POINT('Line Origine',(4.4,2.25,1.11022302463E-16)) ;
#4312=CARTESIAN_POINT('Axis2P3D Location',(-2.75,5.5,1.5)) ;
#4317=CARTESIAN_POINT('Axis2P3D Location',(-12.5,5.5,1.5)) ;
#4321=CARTESIAN_POINT('Vertex',(-12.5,5.5,1.7)) ;
#4324=CARTESIAN_POINT('Line Origine',(-2.75,5.5,1.7)) ;
#4336=CARTESIAN_POINT('Axis2P3D Location',(-0.2,5.36373800034,1.5)) ;
#4341=CARTESIAN_POINT('Line Origine',(0.,5.36373800034,1.5)) ;
#4345=CARTESIAN_POINT('Vertex',(0.,4.65,1.5)) ;
#4348=CARTESIAN_POINT('Line Origine',(-0.2,5.36373800034,1.7)) ;
#4352=CARTESIAN_POINT('Vertex',(-0.2,4.25,1.7)) ;
#4356=CARTESIAN_POINT('Control Point',(0.,4.65,1.5)) ;
#4357=CARTESIAN_POINT('Control Point',(2.87835598977E-17,4.57334816168,1.60220245109)) ;
#4358=CARTESIAN_POINT('Control Point',(-0.0666105619389,4.46394645722,1.67160999119)) ;
#4359=CARTESIAN_POINT('Control Point',(-0.131713114986,4.35797104548,1.7)) ;
#4360=CARTESIAN_POINT('Control Point',(-0.2,4.25,1.7)) ;
#4369=CARTESIAN_POINT('Axis2P3D Location',(19.5,-1.7763568394E-15,-7.4)) ;
#4375=CARTESIAN_POINT('Control Point',(21.5,3.8,-7.4)) ;
#4376=CARTESIAN_POINT('Control Point',(21.5,3.95473292503,-8.01894140904)) ;
#4377=CARTESIAN_POINT('Control Point',(21.2618901117,4.10916496828,-8.63663311461)) ;
#4378=CARTESIAN_POINT('Control Point',(20.7785495406,4.23625029583,-9.14501774298)) ;
#4379=CARTESIAN_POINT('Control Point',(20.1379896122,4.3,-9.4)) ;
#4380=CARTESIAN_POINT('Control Point',(19.5,4.3,-9.4)) ;
#4381=CARTESIAN_POINT('Vertex',(19.5,4.3,-9.4)) ;
#4385=CARTESIAN_POINT('Control Point',(21.5,-3.8,-7.4)) ;
#4386=CARTESIAN_POINT('Control Point',(21.5,-3.95473292503,-8.01894140904)) ;
#4387=CARTESIAN_POINT('Control Point',(21.2618901117,-4.10916496827,-8.6366331146)) ;
#4388=CARTESIAN_POINT('Control Point',(20.7785495406,-4.23625029583,-9.14501774298)) ;
#4389=CARTESIAN_POINT('Control Point',(20.1379896122,-4.3,-9.4)) ;
#4390=CARTESIAN_POINT('Control Point',(19.5,-4.3,-9.4)) ;
#4391=CARTESIAN_POINT('Vertex',(19.5,-4.3,-9.4)) ;
#4394=CARTESIAN_POINT('Line Origine',(19.5,-1.7763568394E-15,-9.4)) ;
#4407=CARTESIAN_POINT('Control Point',(21.5,3.8,-7.4)) ;
#4408=CARTESIAN_POINT('Control Point',(21.5,3.8,-7.4)) ;
#4409=CARTESIAN_POINT('Control Point',(21.5,3.8,-7.4)) ;
#4410=CARTESIAN_POINT('Control Point',(21.5,3.8,-7.4)) ;
#4411=CARTESIAN_POINT('Control Point',(21.5,3.8,-7.4)) ;
#4412=CARTESIAN_POINT('Control Point',(21.5,3.8,-7.4)) ;
#4413=CARTESIAN_POINT('Control Point',(21.5,4.07571379649,-7.46892736789)) ;
#4414=CARTESIAN_POINT('Control Point',(21.5,4.03435651077,-7.51028465361)) ;
#4415=CARTESIAN_POINT('Control Point',(21.5,3.99299921532,-7.55164193933)) ;
#4416=CARTESIAN_POINT('Control Point',(21.5,3.95164193933,-7.59299921532)) ;
#4417=CARTESIAN_POINT('Control Point',(21.5,3.91028465361,-7.63435651078)) ;
#4418=CARTESIAN_POINT('Control Point',(21.5,3.86892736789,-7.6757137965)) ;
#4419=CARTESIAN_POINT('Control Point',(21.4524868179,4.35142036367,-7.53785658138)) ;
#4420=CARTESIAN_POINT('Control Point',(21.4667229255,4.26875399282,-7.62061002525)) ;
#4421=CARTESIAN_POINT('Control Point',(21.4738721068,4.18608966897,-7.70336346913)) ;
#4422=CARTESIAN_POINT('Control Point',(21.4738721068,4.10336349435,-7.78608964375)) ;
#4423=CARTESIAN_POINT('Control Point',(21.4667229255,4.02061004171,-7.86875397638)) ;
#4424=CARTESIAN_POINT('Control Point',(21.4524868179,3.93785658138,-7.9514203637)) ;
#4425=CARTESIAN_POINT('Control Point',(21.3574384363,4.61694948554,-7.60423684733)) ;
#4426=CARTESIAN_POINT('Control Point',(21.4002197449,4.50077761889,-7.72990166546)) ;
#4427=CARTESIAN_POINT('Control Point',(21.4214713246,4.37969345248,-7.85556648359)) ;
#4428=CARTESIAN_POINT('Control Point',(21.4214713246,4.25556643693,-7.97969349914)) ;
#4429=CARTESIAN_POINT('Control Point',(21.4002197449,4.12990163462,-8.10077764973)) ;
#4430=CARTESIAN_POINT('Control Point',(21.3574384363,4.00423684733,-8.21694948554)) ;
#4431=CARTESIAN_POINT('Control Point',(21.1304576796,5.01465605456,-7.70366434113)) ;
#4432=CARTESIAN_POINT('Control Point',(21.2321552581,4.87147210732,-7.9055500611)) ;
#4433=CARTESIAN_POINT('Control Point',(21.2854216136,4.69942106408,-8.10743578107)) ;
#4434=CARTESIAN_POINT('Control Point',(21.2854216136,4.50743581023,-8.29942103493)) ;
#4435=CARTESIAN_POINT('Control Point',(21.2321552581,4.30555008037,-8.47147208805)) ;
#4436=CARTESIAN_POINT('Control Point',(21.1304576796,4.10366434113,-8.61465605456)) ;
#4437=CARTESIAN_POINT('Control Point',(20.8019830398,5.33336899254,-7.78334204348)) ;
#4438=CARTESIAN_POINT('Control Point',(20.94699047,5.20935048586,-8.06975358882)) ;
#4439=CARTESIAN_POINT('Control Point',(21.0272388593,5.01247708796,-8.35616513416)) ;
#4440=CARTESIAN_POINT('Control Point',(21.0272388593,4.75616511594,-8.61247710619)) ;
#4441=CARTESIAN_POINT('Control Point',(20.94699047,4.46975357678,-8.8093504979)) ;
#4442=CARTESIAN_POINT('Control Point',(20.8019830398,4.18334204348,-8.93336899254)) ;
#4443=CARTESIAN_POINT('Control Point',(20.6621766401,5.44199051217,-7.81049762008)) ;
#4444=CARTESIAN_POINT('Control Point',(20.8185319363,5.33230173812,-8.13036761786)) ;
#4445=CARTESIAN_POINT('Control Point',(20.9068042038,5.13034810405,-8.45023761563)) ;
#4446=CARTESIAN_POINT('Control Point',(20.9068042038,4.85023759889,-8.73034812079)) ;
#4447=CARTESIAN_POINT('Control Point',(20.8185319363,4.53036760735,-8.93230174863)) ;
#4448=CARTESIAN_POINT('Control Point',(20.6621766401,4.21049762008,-9.04199051217)) ;
#4449=CARTESIAN_POINT('Control Point',(20.3612238861,5.62648989817,-7.85662248244)) ;
#4450=CARTESIAN_POINT('Control Point',(20.5200849673,5.55590294091,-8.24284240774)) ;
#4451=CARTESIAN_POINT('Control Point',(20.6130604706,5.35295657615,-8.62906233304)) ;
#4452=CARTESIAN_POINT('Control Point',(20.6130604706,5.02906234964,-8.95295655954)) ;
#4453=CARTESIAN_POINT('Control Point',(20.5200849673,4.64284241817,-9.15590293048)) ;
#4454=CARTESIAN_POINT('Control Point',(20.3612238861,4.25662248244,-9.22648989817)) ;
#4455=CARTESIAN_POINT('Control Point',(20.0256266832,5.74175541905,-7.88543884693)) ;
#4456=CARTESIAN_POINT('Control Point',(20.1424075527,5.71418084887,-8.32539676283)) ;
#4457=CARTESIAN_POINT('Control Point',(20.2126443219,5.52072058431,-8.76535467873)) ;
#4458=CARTESIAN_POINT('Control Point',(20.2126443219,5.16535466226,-9.12072060078)) ;
#4459=CARTESIAN_POINT('Control Point',(20.1424075527,4.72539675248,-9.31418085922)) ;
#4460=CARTESIAN_POINT('Control Point',(20.0256266832,4.28543884693,-9.34175541905)) ;
#4461=CARTESIAN_POINT('Control Point',(19.852479014,5.78058564907,-7.89514641636)) ;
#4462=CARTESIAN_POINT('Control Point',(19.9356476614,5.77145989835,-8.35600066246)) ;
#4463=CARTESIAN_POINT('Control Point',(19.9861831602,5.58363786711,-8.81685490856)) ;
#4464=CARTESIAN_POINT('Control Point',(19.9861831602,5.21685491401,-9.18363786167)) ;
#4465=CARTESIAN_POINT('Control Point',(19.9356476614,4.75600066594,-9.37145989488)) ;
#4466=CARTESIAN_POINT('Control Point',(19.852479014,4.29514641636,-9.38058564907)) ;
#4467=CARTESIAN_POINT('Control Point',(19.6761901195,5.8,-7.9)) ;
#4468=CARTESIAN_POINT('Control Point',(19.7177039384,5.8,-8.37123889804)) ;
#4469=CARTESIAN_POINT('Control Point',(19.7429153303,5.6149449176,-8.84247779608)) ;
#4470=CARTESIAN_POINT('Control Point',(19.7429153303,5.24247779608,-9.2149449176)) ;
#4471=CARTESIAN_POINT('Control Point',(19.7177039384,4.77123889804,-9.4)) ;
#4472=CARTESIAN_POINT('Control Point',(19.6761901195,4.3,-9.4)) ;
#4473=CARTESIAN_POINT('Control Point',(19.5,5.8,-7.9)) ;
#4474=CARTESIAN_POINT('Control Point',(19.5,5.8,-8.37123889804)) ;
#4475=CARTESIAN_POINT('Control Point',(19.5,5.61494491748,-8.84247779608)) ;
#4476=CARTESIAN_POINT('Control Point',(19.5,5.24247779608,-9.21494491748)) ;
#4477=CARTESIAN_POINT('Control Point',(19.5,4.77123889804,-9.4)) ;
#4478=CARTESIAN_POINT('Control Point',(19.5,4.3,-9.4)) ;
#4480=CARTESIAN_POINT('Control Point',(19.5,5.8,-7.9)) ;
#4481=CARTESIAN_POINT('Control Point',(19.5,5.8,-8.37123889804)) ;
#4482=CARTESIAN_POINT('Control Point',(19.5,5.61547749393,-8.84291746504)) ;
#4483=CARTESIAN_POINT('Control Point',(19.5,5.24291746504,-9.21547749393)) ;
#4484=CARTESIAN_POINT('Control Point',(19.5,4.77123889804,-9.4)) ;
#4485=CARTESIAN_POINT('Control Point',(19.5,4.3,-9.4)) ;
#4486=CARTESIAN_POINT('Vertex',(19.5,5.8,-7.9)) ;
#4490=CARTESIAN_POINT('Control Point',(21.5,3.8,-7.4)) ;
#4491=CARTESIAN_POINT('Control Point',(21.5,3.80388065905,-7.40097014954)) ;
#4492=CARTESIAN_POINT('Control Point',(21.5,3.8077613181,-7.40194029909)) ;
#4493=CARTESIAN_POINT('Control Point',(21.4999717635,3.81164180337,-7.40291045089)) ;
#4494=CARTESIAN_POINT('Control Point',(21.4998735294,3.82514270056,-7.40628567511)) ;
#4495=CARTESIAN_POINT('Control Point',(21.4996613594,3.83864316776,-7.40966079178)) ;
#4496=CARTESIAN_POINT('Control Point',(21.4994523243,3.84826237597,-7.41206559375)) ;
#4497=CARTESIAN_POINT('Control Point',(21.4919120663,4.12000144448,-7.48000036788)) ;
#4498=CARTESIAN_POINT('Control Point',(21.4382087298,4.39027345572,-7.54756817976)) ;
#4499=CARTESIAN_POINT('Control Point',(21.3437075767,4.64081096462,-7.61020258685)) ;
#4500=CARTESIAN_POINT('Control Point',(21.1646522666,4.94847387426,-7.68711851941)) ;
#4501=CARTESIAN_POINT('Control Point',(20.9242196504,5.20824078457,-7.75206017939)) ;
#4502=CARTESIAN_POINT('Control Point',(20.8610385094,5.26941176385,-7.76735292701)) ;
#4503=CARTESIAN_POINT('Control Point',(20.7284055946,5.38439428364,-7.79609858478)) ;
#4504=CARTESIAN_POINT('Control Point',(20.5835249762,5.48449907824,-7.82112475577)) ;
#4505=CARTESIAN_POINT('Control Point',(20.5084749708,5.53048832699,-7.83262207177)) ;
#4506=CARTESIAN_POINT('Control Point',(20.3537702017,5.61394701576,-7.85348676388)) ;
#4507=CARTESIAN_POINT('Control Point',(20.1904330058,5.68013338549,-7.87003333647)) ;
#4508=CARTESIAN_POINT('Control Point',(20.1070507314,5.70869649776,-7.87717411922)) ;
#4509=CARTESIAN_POINT('Control Point',(19.9375966611,5.75649607906,-7.88912402497)) ;
#4510=CARTESIAN_POINT('Control Point',(19.7636722901,5.78547320642,-7.89636829641)) ;
#4511=CARTESIAN_POINT('Control Point',(19.6759968787,5.79516017196,-7.89879004299)) ;
#4512=CARTESIAN_POINT('Control Point',(19.5879984367,5.8,-7.9)) ;
#4513=CARTESIAN_POINT('Control Point',(19.5,5.8,-7.9)) ;
#4522=CARTESIAN_POINT('Control Point',(21.5,-3.8,-7.4)) ;
#4523=CARTESIAN_POINT('Control Point',(21.5,-3.8,-7.4)) ;
#4524=CARTESIAN_POINT('Control Point',(21.5,-3.8,-7.4)) ;
#4525=CARTESIAN_POINT('Control Point',(21.5,-3.8,-7.4)) ;
#4526=CARTESIAN_POINT('Control Point',(21.5,-3.8,-7.4)) ;
#4527=CARTESIAN_POINT('Control Point',(21.5,-3.8,-7.4)) ;
#4528=CARTESIAN_POINT('Control Point',(21.5,-3.86892736789,-7.6757137965)) ;
#4529=CARTESIAN_POINT('Control Point',(21.5,-3.91028465361,-7.63435651078)) ;
#4530=CARTESIAN_POINT('Control Point',(21.5,-3.95164193933,-7.59299921532)) ;
#4531=CARTESIAN_POINT('Control Point',(21.5,-3.99299921532,-7.55164193933)) ;
#4532=CARTESIAN_POINT('Control Point',(21.5,-4.03435651077,-7.51028465361)) ;
#4533=CARTESIAN_POINT('Control Point',(21.5,-4.0757137965,-7.46892736789)) ;
#4534=CARTESIAN_POINT('Control Point',(21.4524868179,-3.93785658138,-7.95142036369)) ;
#4535=CARTESIAN_POINT('Control Point',(21.4667229255,-4.02061002525,-7.86875399284)) ;
#4536=CARTESIAN_POINT('Control Point',(21.4738721068,-4.10336346912,-7.78608966899)) ;
#4537=CARTESIAN_POINT('Control Point',(21.4738721068,-4.18608964374,-7.70336349436)) ;
#4538=CARTESIAN_POINT('Control Point',(21.4667229255,-4.26875397636,-7.62061004172)) ;
#4539=CARTESIAN_POINT('Control Point',(21.4524868179,-4.35142036368,-7.53785658139)) ;
#4540=CARTESIAN_POINT('Control Point',(21.3574384363,-4.00423684733,-8.21694948554)) ;
#4541=CARTESIAN_POINT('Control Point',(21.4002197449,-4.12990166546,-8.1007776189)) ;
#4542=CARTESIAN_POINT('Control Point',(21.4214713246,-4.25556648359,-7.97969345248)) ;
#4543=CARTESIAN_POINT('Control Point',(21.4214713246,-4.37969349914,-7.85556643693)) ;
#4544=CARTESIAN_POINT('Control Point',(21.4002197449,-4.50077764973,-7.72990163463)) ;
#4545=CARTESIAN_POINT('Control Point',(21.3574384363,-4.61694948554,-7.60423684733)) ;
#4546=CARTESIAN_POINT('Control Point',(21.1304576796,-4.10366434113,-8.61465605456)) ;
#4547=CARTESIAN_POINT('Control Point',(21.2321552581,-4.3055500611,-8.47147210732)) ;
#4548=CARTESIAN_POINT('Control Point',(21.2854216136,-4.50743578107,-8.29942106408)) ;
#4549=CARTESIAN_POINT('Control Point',(21.2854216136,-4.69942103493,-8.10743581022)) ;
#4550=CARTESIAN_POINT('Control Point',(21.2321552581,-4.87147208806,-7.90555008037)) ;
#4551=CARTESIAN_POINT('Control Point',(21.1304576796,-5.01465605456,-7.70366434113)) ;
#4552=CARTESIAN_POINT('Control Point',(20.8019830398,-4.18334204348,-8.93336899254)) ;
#4553=CARTESIAN_POINT('Control Point',(20.94699047,-4.46975358882,-8.80935048586)) ;
#4554=CARTESIAN_POINT('Control Point',(21.0272388593,-4.75616513416,-8.61247708797)) ;
#4555=CARTESIAN_POINT('Control Point',(21.0272388593,-5.01247710619,-8.35616511594)) ;
#4556=CARTESIAN_POINT('Control Point',(20.94699047,-5.2093504979,-8.06975357678)) ;
#4557=CARTESIAN_POINT('Control Point',(20.8019830398,-5.33336899254,-7.78334204348)) ;
#4558=CARTESIAN_POINT('Control Point',(20.6621766401,-4.21049762008,-9.04199051217)) ;
#4559=CARTESIAN_POINT('Control Point',(20.8185319363,-4.53036761786,-8.93230173812)) ;
#4560=CARTESIAN_POINT('Control Point',(20.9068042038,-4.85023761563,-8.73034810405)) ;
#4561=CARTESIAN_POINT('Control Point',(20.9068042038,-5.13034812079,-8.45023759889)) ;
#4562=CARTESIAN_POINT('Control Point',(20.8185319363,-5.33230174863,-8.13036760735)) ;
#4563=CARTESIAN_POINT('Control Point',(20.6621766401,-5.44199051217,-7.81049762008)) ;
#4564=CARTESIAN_POINT('Control Point',(20.3612238861,-4.25662248244,-9.22648989817)) ;
#4565=CARTESIAN_POINT('Control Point',(20.5200849673,-4.64284240774,-9.15590294091)) ;
#4566=CARTESIAN_POINT('Control Point',(20.6130604706,-5.02906233304,-8.95295657615)) ;
#4567=CARTESIAN_POINT('Control Point',(20.6130604706,-5.35295655954,-8.62906234964)) ;
#4568=CARTESIAN_POINT('Control Point',(20.5200849673,-5.55590293048,-8.24284241817)) ;
#4569=CARTESIAN_POINT('Control Point',(20.3612238861,-5.62648989817,-7.85662248244)) ;
#4570=CARTESIAN_POINT('Control Point',(20.0256266832,-4.28543884693,-9.34175541905)) ;
#4571=CARTESIAN_POINT('Control Point',(20.1424075527,-4.72539676283,-9.31418084887)) ;
#4572=CARTESIAN_POINT('Control Point',(20.2126443219,-5.16535467873,-9.12072058431)) ;
#4573=CARTESIAN_POINT('Control Point',(20.2126443219,-5.52072060078,-8.76535466226)) ;
#4574=CARTESIAN_POINT('Control Point',(20.1424075527,-5.71418085922,-8.32539675248)) ;
#4575=CARTESIAN_POINT('Control Point',(20.0256266832,-5.74175541905,-7.88543884693)) ;
#4576=CARTESIAN_POINT('Control Point',(19.852479014,-4.29514641636,-9.38058564907)) ;
#4577=CARTESIAN_POINT('Control Point',(19.9356476614,-4.75600066246,-9.37145989835)) ;
#4578=CARTESIAN_POINT('Control Point',(19.9861831602,-5.21685490856,-9.18363786711)) ;
#4579=CARTESIAN_POINT('Control Point',(19.9861831602,-5.58363786167,-8.81685491401)) ;
#4580=CARTESIAN_POINT('Control Point',(19.9356476614,-5.77145989488,-8.35600066594)) ;
#4581=CARTESIAN_POINT('Control Point',(19.852479014,-5.78058564907,-7.89514641636)) ;
#4582=CARTESIAN_POINT('Control Point',(19.6761901195,-4.3,-9.4)) ;
#4583=CARTESIAN_POINT('Control Point',(19.7177039384,-4.77123889804,-9.4)) ;
#4584=CARTESIAN_POINT('Control Point',(19.7429153303,-5.24247779608,-9.2149449176)) ;
#4585=CARTESIAN_POINT('Control Point',(19.7429153303,-5.6149449176,-8.84247779608)) ;
#4586=CARTESIAN_POINT('Control Point',(19.7177039384,-5.8,-8.37123889804)) ;
#4587=CARTESIAN_POINT('Control Point',(19.6761901195,-5.8,-7.9)) ;
#4588=CARTESIAN_POINT('Control Point',(19.5,-4.3,-9.4)) ;
#4589=CARTESIAN_POINT('Control Point',(19.5,-4.77123889804,-9.4)) ;
#4590=CARTESIAN_POINT('Control Point',(19.5,-5.24247779608,-9.21494491748)) ;
#4591=CARTESIAN_POINT('Control Point',(19.5,-5.61494491748,-8.84247779608)) ;
#4592=CARTESIAN_POINT('Control Point',(19.5,-5.8,-8.37123889804)) ;
#4593=CARTESIAN_POINT('Control Point',(19.5,-5.8,-7.9)) ;
#4595=CARTESIAN_POINT('Control Point',(19.5,-4.3,-9.4)) ;
#4596=CARTESIAN_POINT('Control Point',(19.5,-4.77123889804,-9.4)) ;
#4597=CARTESIAN_POINT('Control Point',(19.5,-5.24291746504,-9.21547749393)) ;
#4598=CARTESIAN_POINT('Control Point',(19.5,-5.61547749393,-8.84291746504)) ;
#4599=CARTESIAN_POINT('Control Point',(19.5,-5.8,-8.37123889804)) ;
#4600=CARTESIAN_POINT('Control Point',(19.5,-5.8,-7.9)) ;
#4601=CARTESIAN_POINT('Vertex',(19.5,-5.8,-7.9)) ;
#4605=CARTESIAN_POINT('Control Point',(21.5,-3.8,-7.4)) ;
#4606=CARTESIAN_POINT('Control Point',(21.5,-3.80388065905,-7.40097014954)) ;
#4607=CARTESIAN_POINT('Control Point',(21.5,-3.8077613181,-7.40194029909)) ;
#4608=CARTESIAN_POINT('Control Point',(21.4999717635,-3.81164180337,-7.40291045089)) ;
#4609=CARTESIAN_POINT('Control Point',(21.4998735294,-3.82514270056,-7.40628567511)) ;
#4610=CARTESIAN_POINT('Control Point',(21.4996613594,-3.83864316776,-7.40966079178)) ;
#4611=CARTESIAN_POINT('Control Point',(21.4994523243,-3.84826237597,-7.41206559375)) ;
#4612=CARTESIAN_POINT('Control Point',(21.4919120663,-4.12000144448,-7.48000036788)) ;
#4613=CARTESIAN_POINT('Control Point',(21.4382087298,-4.39027345573,-7.54756817976)) ;
#4614=CARTESIAN_POINT('Control Point',(21.3437075767,-4.64081096461,-7.61020258685)) ;
#4615=CARTESIAN_POINT('Control Point',(21.1646522666,-4.94847387426,-7.68711851941)) ;
#4616=CARTESIAN_POINT('Control Point',(20.9242196504,-5.20824078457,-7.75206017939)) ;
#4617=CARTESIAN_POINT('Control Point',(20.8610385094,-5.26941176385,-7.76735292701)) ;
#4618=CARTESIAN_POINT('Control Point',(20.7284055946,-5.38439428364,-7.79609858478)) ;
#4619=CARTESIAN_POINT('Control Point',(20.5835249762,-5.48449907824,-7.82112475577)) ;
#4620=CARTESIAN_POINT('Control Point',(20.5084749708,-5.53048832699,-7.83262207177)) ;
#4621=CARTESIAN_POINT('Control Point',(20.3537702017,-5.61394701576,-7.85348676388)) ;
#4622=CARTESIAN_POINT('Control Point',(20.1904330058,-5.68013338549,-7.87003333647)) ;
#4623=CARTESIAN_POINT('Control Point',(20.1070507314,-5.70869649776,-7.87717411922)) ;
#4624=CARTESIAN_POINT('Control Point',(19.9375966611,-5.75649607906,-7.88912402497)) ;
#4625=CARTESIAN_POINT('Control Point',(19.7636722901,-5.78547320642,-7.89636829641)) ;
#4626=CARTESIAN_POINT('Control Point',(19.6759968787,-5.79516017196,-7.89879004299)) ;
#4627=CARTESIAN_POINT('Control Point',(19.5879984367,-5.8,-7.9)) ;
#4628=CARTESIAN_POINT('Control Point',(19.5,-5.8,-7.9)) ;
#4636=CARTESIAN_POINT('Axis2P3D Location',(19.5,-1.7763568394E-15,3.6)) ;
#4642=CARTESIAN_POINT('Control Point',(21.5,-3.8,3.6)) ;
#4643=CARTESIAN_POINT('Control Point',(21.5,-3.95473292503,4.21894140904)) ;
#4644=CARTESIAN_POINT('Control Point',(21.2618901117,-4.10916496829,4.83663311462)) ;
#4645=CARTESIAN_POINT('Control Point',(20.7785495406,-4.23625029582,5.34501774298)) ;
#4646=CARTESIAN_POINT('Control Point',(20.1379896122,-4.3,5.6)) ;
#4647=CARTESIAN_POINT('Control Point',(19.5,-4.3,5.6)) ;
#4648=CARTESIAN_POINT('Vertex',(19.5,-4.3,5.6)) ;
#4652=CARTESIAN_POINT('Control Point',(21.5,3.8,3.6)) ;
#4653=CARTESIAN_POINT('Control Point',(21.5,3.95473292503,4.21894140903)) ;
#4654=CARTESIAN_POINT('Control Point',(21.2618901117,4.10916496829,4.83663311464)) ;
#4655=CARTESIAN_POINT('Control Point',(20.7785495406,4.23625029583,5.34501774298)) ;
#4656=CARTESIAN_POINT('Control Point',(20.1379896122,4.3,5.6)) ;
#4657=CARTESIAN_POINT('Control Point',(19.5,4.3,5.6)) ;
#4658=CARTESIAN_POINT('Vertex',(19.5,4.3,5.6)) ;
#4661=CARTESIAN_POINT('Line Origine',(19.5,-1.7763568394E-15,5.6)) ;
#4674=CARTESIAN_POINT('Control Point',(21.5,3.8,3.6)) ;
#4675=CARTESIAN_POINT('Control Point',(21.5,3.8,3.6)) ;
#4676=CARTESIAN_POINT('Control Point',(21.5,3.8,3.6)) ;
#4677=CARTESIAN_POINT('Control Point',(21.5,3.8,3.6)) ;
#4678=CARTESIAN_POINT('Control Point',(21.5,3.8,3.6)) ;
#4679=CARTESIAN_POINT('Control Point',(21.5,3.8,3.6)) ;
#4680=CARTESIAN_POINT('Control Point',(21.5,3.86892736789,3.87571379649)) ;
#4681=CARTESIAN_POINT('Control Point',(21.5,3.91028465361,3.83435651077)) ;
#4682=CARTESIAN_POINT('Control Point',(21.5,3.95164193933,3.79299921532)) ;
#4683=CARTESIAN_POINT('Control Point',(21.5,3.99299921532,3.75164193933)) ;
#4684=CARTESIAN_POINT('Control Point',(21.5,4.03435651077,3.71028465361)) ;
#4685=CARTESIAN_POINT('Control Point',(21.5,4.07571379649,3.66892736789)) ;
#4686=CARTESIAN_POINT('Control Point',(21.4524868179,3.93785658138,4.15142036366)) ;
#4687=CARTESIAN_POINT('Control Point',(21.4667229255,4.02061002525,4.06875399281)) ;
#4688=CARTESIAN_POINT('Control Point',(21.4738721068,4.10336346911,3.98608966897)) ;
#4689=CARTESIAN_POINT('Control Point',(21.4738721068,4.18608964374,3.90336349435)) ;
#4690=CARTESIAN_POINT('Control Point',(21.4667229255,4.26875397636,3.82061004171)) ;
#4691=CARTESIAN_POINT('Control Point',(21.4524868179,4.35142036368,3.73785658138)) ;
#4692=CARTESIAN_POINT('Control Point',(21.3574384363,4.00423684733,4.41694948555)) ;
#4693=CARTESIAN_POINT('Control Point',(21.4002197449,4.12990166546,4.3007776189)) ;
#4694=CARTESIAN_POINT('Control Point',(21.4214713246,4.25556648359,4.17969345249)) ;
#4695=CARTESIAN_POINT('Control Point',(21.4214713246,4.37969349915,4.05556643694)) ;
#4696=CARTESIAN_POINT('Control Point',(21.4002197449,4.50077764974,3.92990163463)) ;
#4697=CARTESIAN_POINT('Control Point',(21.3574384363,4.61694948555,3.80423684733)) ;
#4698=CARTESIAN_POINT('Control Point',(21.1304576796,4.10366434113,4.81465605457)) ;
#4699=CARTESIAN_POINT('Control Point',(21.2321552581,4.3055500611,4.67147210733)) ;
#4700=CARTESIAN_POINT('Control Point',(21.2854216136,4.50743578107,4.49942106409)) ;
#4701=CARTESIAN_POINT('Control Point',(21.2854216136,4.69942103493,4.30743581023)) ;
#4702=CARTESIAN_POINT('Control Point',(21.2321552581,4.87147208806,4.10555008037)) ;
#4703=CARTESIAN_POINT('Control Point',(21.1304576796,5.01465605456,3.90366434113)) ;
#4704=CARTESIAN_POINT('Control Point',(20.8019830398,4.18334204348,5.13336899254)) ;
#4705=CARTESIAN_POINT('Control Point',(20.94699047,4.46975358882,5.00935048586)) ;
#4706=CARTESIAN_POINT('Control Point',(21.0272388593,4.75616513416,4.81247708796)) ;
#4707=CARTESIAN_POINT('Control Point',(21.0272388593,5.01247710619,4.55616511594)) ;
#4708=CARTESIAN_POINT('Control Point',(20.94699047,5.2093504979,4.26975357678)) ;
#4709=CARTESIAN_POINT('Control Point',(20.8019830398,5.33336899254,3.98334204348)) ;
#4710=CARTESIAN_POINT('Control Point',(20.6621766401,4.21049762008,5.24199051217)) ;
#4711=CARTESIAN_POINT('Control Point',(20.8185319363,4.53036761786,5.13230173812)) ;
#4712=CARTESIAN_POINT('Control Point',(20.9068042038,4.85023761563,4.93034810405)) ;
#4713=CARTESIAN_POINT('Control Point',(20.9068042038,5.13034812079,4.65023759889)) ;
#4714=CARTESIAN_POINT('Control Point',(20.8185319363,5.33230174863,4.33036760735)) ;
#4715=CARTESIAN_POINT('Control Point',(20.6621766401,5.44199051217,4.01049762008)) ;
#4716=CARTESIAN_POINT('Control Point',(20.3612238861,4.25662248244,5.42648989817)) ;
#4717=CARTESIAN_POINT('Control Point',(20.5200849673,4.64284240774,5.35590294091)) ;
#4718=CARTESIAN_POINT('Control Point',(20.6130604706,5.02906233304,5.15295657615)) ;
#4719=CARTESIAN_POINT('Control Point',(20.6130604706,5.35295655954,4.82906234964)) ;
#4720=CARTESIAN_POINT('Control Point',(20.5200849673,5.55590293048,4.44284241817)) ;
#4721=CARTESIAN_POINT('Control Point',(20.3612238861,5.62648989817,4.05662248244)) ;
#4722=CARTESIAN_POINT('Control Point',(20.0256266832,4.28543884693,5.54175541905)) ;
#4723=CARTESIAN_POINT('Control Point',(20.1424075527,4.72539676283,5.51418084887)) ;
#4724=CARTESIAN_POINT('Control Point',(20.2126443219,5.16535467873,5.32072058431)) ;
#4725=CARTESIAN_POINT('Control Point',(20.2126443219,5.52072060078,4.96535466226)) ;
#4726=CARTESIAN_POINT('Control Point',(20.1424075527,5.71418085922,4.52539675248)) ;
#4727=CARTESIAN_POINT('Control Point',(20.0256266832,5.74175541905,4.08543884693)) ;
#4728=CARTESIAN_POINT('Control Point',(19.852479014,4.29514641636,5.58058564907)) ;
#4729=CARTESIAN_POINT('Control Point',(19.9356476614,4.75600066246,5.57145989835)) ;
#4730=CARTESIAN_POINT('Control Point',(19.9861831602,5.21685490856,5.38363786711)) ;
#4731=CARTESIAN_POINT('Control Point',(19.9861831602,5.58363786167,5.01685491401)) ;
#4732=CARTESIAN_POINT('Control Point',(19.9356476614,5.77145989488,4.55600066594)) ;
#4733=CARTESIAN_POINT('Control Point',(19.852479014,5.78058564907,4.09514641636)) ;
#4734=CARTESIAN_POINT('Control Point',(19.6761901195,4.3,5.6)) ;
#4735=CARTESIAN_POINT('Control Point',(19.7177039384,4.77123889804,5.6)) ;
#4736=CARTESIAN_POINT('Control Point',(19.7429153303,5.24247779608,5.4149449176)) ;
#4737=CARTESIAN_POINT('Control Point',(19.7429153303,5.6149449176,5.04247779608)) ;
#4738=CARTESIAN_POINT('Control Point',(19.7177039384,5.8,4.57123889804)) ;
#4739=CARTESIAN_POINT('Control Point',(19.6761901195,5.8,4.1)) ;
#4740=CARTESIAN_POINT('Control Point',(19.5,4.3,5.6)) ;
#4741=CARTESIAN_POINT('Control Point',(19.5,4.77123889804,5.6)) ;
#4742=CARTESIAN_POINT('Control Point',(19.5,5.24247779608,5.41494491748)) ;
#4743=CARTESIAN_POINT('Control Point',(19.5,5.61494491748,5.04247779608)) ;
#4744=CARTESIAN_POINT('Control Point',(19.5,5.8,4.57123889804)) ;
#4745=CARTESIAN_POINT('Control Point',(19.5,5.8,4.1)) ;
#4747=CARTESIAN_POINT('Control Point',(19.5,4.3,5.6)) ;
#4748=CARTESIAN_POINT('Control Point',(19.5,4.77123889804,5.6)) ;
#4749=CARTESIAN_POINT('Control Point',(19.5,5.24291746504,5.41547749393)) ;
#4750=CARTESIAN_POINT('Control Point',(19.5,5.61547749393,5.04291746504)) ;
#4751=CARTESIAN_POINT('Control Point',(19.5,5.8,4.57123889804)) ;
#4752=CARTESIAN_POINT('Control Point',(19.5,5.8,4.1)) ;
#4753=CARTESIAN_POINT('Vertex',(19.5,5.8,4.1)) ;
#4757=CARTESIAN_POINT('Control Point',(21.5,3.8,3.6)) ;
#4758=CARTESIAN_POINT('Control Point',(21.5,3.80388065905,3.60097014954)) ;
#4759=CARTESIAN_POINT('Control Point',(21.5,3.8077613181,3.60194029909)) ;
#4760=CARTESIAN_POINT('Control Point',(21.4999717635,3.81164180337,3.60291045089)) ;
#4761=CARTESIAN_POINT('Control Point',(21.4998735294,3.82514270056,3.60628567511)) ;
#4762=CARTESIAN_POINT('Control Point',(21.4996613594,3.83864316776,3.60966079178)) ;
#4763=CARTESIAN_POINT('Control Point',(21.4994523243,3.84826237597,3.61206559375)) ;
#4764=CARTESIAN_POINT('Control Point',(21.4919120663,4.12000144447,3.68000036788)) ;
#4765=CARTESIAN_POINT('Control Point',(21.4382087298,4.39027345573,3.74756817975)) ;
#4766=CARTESIAN_POINT('Control Point',(21.3437075767,4.64081096463,3.81020258685)) ;
#4767=CARTESIAN_POINT('Control Point',(21.1646522666,4.94847387426,3.88711851941)) ;
#4768=CARTESIAN_POINT('Control Point',(20.9242196504,5.20824078457,3.95206017939)) ;
#4769=CARTESIAN_POINT('Control Point',(20.8610385094,5.26941176385,3.96735292701)) ;
#4770=CARTESIAN_POINT('Control Point',(20.7284055946,5.38439428364,3.99609858478)) ;
#4771=CARTESIAN_POINT('Control Point',(20.5835249762,5.48449907824,4.02112475577)) ;
#4772=CARTESIAN_POINT('Control Point',(20.5084749708,5.53048832699,4.03262207177)) ;
#4773=CARTESIAN_POINT('Control Point',(20.3537702017,5.61394701576,4.05348676388)) ;
#4774=CARTESIAN_POINT('Control Point',(20.1904330058,5.68013338549,4.07003333647)) ;
#4775=CARTESIAN_POINT('Control Point',(20.1070507314,5.70869649776,4.07717411922)) ;
#4776=CARTESIAN_POINT('Control Point',(19.9375966611,5.75649607906,4.08912402497)) ;
#4777=CARTESIAN_POINT('Control Point',(19.7636722901,5.78547320642,4.09636829641)) ;
#4778=CARTESIAN_POINT('Control Point',(19.6759968787,5.79516017196,4.09879004299)) ;
#4779=CARTESIAN_POINT('Control Point',(19.5879984367,5.8,4.1)) ;
#4780=CARTESIAN_POINT('Control Point',(19.5,5.8,4.1)) ;
#4789=CARTESIAN_POINT('Control Point',(21.5,-3.8,3.6)) ;
#4790=CARTESIAN_POINT('Control Point',(21.5,-3.8,3.6)) ;
#4791=CARTESIAN_POINT('Control Point',(21.5,-3.8,3.6)) ;
#4792=CARTESIAN_POINT('Control Point',(21.5,-3.8,3.6)) ;
#4793=CARTESIAN_POINT('Control Point',(21.5,-3.8,3.6)) ;
#4794=CARTESIAN_POINT('Control Point',(21.5,-3.8,3.6)) ;
#4795=CARTESIAN_POINT('Control Point',(21.5,-4.07571379649,3.66892736789)) ;
#4796=CARTESIAN_POINT('Control Point',(21.5,-4.03435651077,3.71028465361)) ;
#4797=CARTESIAN_POINT('Control Point',(21.5,-3.99299921532,3.75164193933)) ;
#4798=CARTESIAN_POINT('Control Point',(21.5,-3.95164193933,3.79299921532)) ;
#4799=CARTESIAN_POINT('Control Point',(21.5,-3.91028465361,3.83435651077)) ;
#4800=CARTESIAN_POINT('Control Point',(21.5,-3.86892736789,3.87571379649)) ;
#4801=CARTESIAN_POINT('Control Point',(21.4524868179,-4.35142036368,3.73785658138)) ;
#4802=CARTESIAN_POINT('Control Point',(21.4667229255,-4.26875399282,3.82061002525)) ;
#4803=CARTESIAN_POINT('Control Point',(21.4738721068,-4.18608966898,3.90336346911)) ;
#4804=CARTESIAN_POINT('Control Point',(21.4738721068,-4.10336349435,3.98608964374)) ;
#4805=CARTESIAN_POINT('Control Point',(21.4667229255,-4.02061004171,4.06875397636)) ;
#4806=CARTESIAN_POINT('Control Point',(21.4524868179,-3.93785658138,4.15142036368)) ;
#4807=CARTESIAN_POINT('Control Point',(21.3574384363,-4.61694948555,3.80423684733)) ;
#4808=CARTESIAN_POINT('Control Point',(21.4002197449,-4.5007776189,3.92990166546)) ;
#4809=CARTESIAN_POINT('Control Point',(21.4214713246,-4.37969345248,4.05556648359)) ;
#4810=CARTESIAN_POINT('Control Point',(21.4214713246,-4.25556643693,4.17969349914)) ;
#4811=CARTESIAN_POINT('Control Point',(21.4002197449,-4.12990163463,4.30077764973)) ;
#4812=CARTESIAN_POINT('Control Point',(21.3574384363,-4.00423684733,4.41694948555)) ;
#4813=CARTESIAN_POINT('Control Point',(21.1304576796,-5.01465605456,3.90366434113)) ;
#4814=CARTESIAN_POINT('Control Point',(21.2321552581,-4.87147210733,4.1055500611)) ;
#4815=CARTESIAN_POINT('Control Point',(21.2854216136,-4.69942106408,4.30743578107)) ;
#4816=CARTESIAN_POINT('Control Point',(21.2854216136,-4.50743581023,4.49942103493)) ;
#4817=CARTESIAN_POINT('Control Point',(21.2321552581,-4.30555008037,4.67147208806)) ;
#4818=CARTESIAN_POINT('Control Point',(21.1304576796,-4.10366434113,4.81465605456)) ;
#4819=CARTESIAN_POINT('Control Point',(20.8019830398,-5.33336899254,3.98334204348)) ;
#4820=CARTESIAN_POINT('Control Point',(20.94699047,-5.20935048586,4.26975358882)) ;
#4821=CARTESIAN_POINT('Control Point',(21.0272388593,-5.01247708797,4.55616513416)) ;
#4822=CARTESIAN_POINT('Control Point',(21.0272388593,-4.75616511594,4.81247710619)) ;
#4823=CARTESIAN_POINT('Control Point',(20.94699047,-4.46975357678,5.0093504979)) ;
#4824=CARTESIAN_POINT('Control Point',(20.8019830398,-4.18334204348,5.13336899254)) ;
#4825=CARTESIAN_POINT('Control Point',(20.6621766401,-5.44199051217,4.01049762008)) ;
#4826=CARTESIAN_POINT('Control Point',(20.8185319363,-5.33230173812,4.33036761786)) ;
#4827=CARTESIAN_POINT('Control Point',(20.9068042038,-5.13034810405,4.65023761563)) ;
#4828=CARTESIAN_POINT('Control Point',(20.9068042038,-4.85023759889,4.93034812079)) ;
#4829=CARTESIAN_POINT('Control Point',(20.8185319363,-4.53036760735,5.13230174863)) ;
#4830=CARTESIAN_POINT('Control Point',(20.6621766401,-4.21049762008,5.24199051217)) ;
#4831=CARTESIAN_POINT('Control Point',(20.3612238861,-5.62648989817,4.05662248244)) ;
#4832=CARTESIAN_POINT('Control Point',(20.5200849673,-5.55590294091,4.44284240774)) ;
#4833=CARTESIAN_POINT('Control Point',(20.6130604706,-5.35295657615,4.82906233304)) ;
#4834=CARTESIAN_POINT('Control Point',(20.6130604706,-5.02906234964,5.15295655954)) ;
#4835=CARTESIAN_POINT('Control Point',(20.5200849673,-4.64284241817,5.35590293048)) ;
#4836=CARTESIAN_POINT('Control Point',(20.3612238861,-4.25662248244,5.42648989817)) ;
#4837=CARTESIAN_POINT('Control Point',(20.0256266832,-5.74175541905,4.08543884693)) ;
#4838=CARTESIAN_POINT('Control Point',(20.1424075527,-5.71418084887,4.52539676283)) ;
#4839=CARTESIAN_POINT('Control Point',(20.2126443219,-5.52072058431,4.96535467873)) ;
#4840=CARTESIAN_POINT('Control Point',(20.2126443219,-5.16535466226,5.32072060078)) ;
#4841=CARTESIAN_POINT('Control Point',(20.1424075527,-4.72539675248,5.51418085922)) ;
#4842=CARTESIAN_POINT('Control Point',(20.0256266832,-4.28543884693,5.54175541905)) ;
#4843=CARTESIAN_POINT('Control Point',(19.852479014,-5.78058564907,4.09514641636)) ;
#4844=CARTESIAN_POINT('Control Point',(19.9356476614,-5.77145989835,4.55600066246)) ;
#4845=CARTESIAN_POINT('Control Point',(19.9861831602,-5.58363786711,5.01685490856)) ;
#4846=CARTESIAN_POINT('Control Point',(19.9861831602,-5.21685491401,5.38363786167)) ;
#4847=CARTESIAN_POINT('Control Point',(19.9356476614,-4.75600066594,5.57145989488)) ;
#4848=CARTESIAN_POINT('Control Point',(19.852479014,-4.29514641636,5.58058564907)) ;
#4849=CARTESIAN_POINT('Control Point',(19.6761901195,-5.8,4.1)) ;
#4850=CARTESIAN_POINT('Control Point',(19.7177039384,-5.8,4.57123889804)) ;
#4851=CARTESIAN_POINT('Control Point',(19.7429153303,-5.6149449176,5.04247779608)) ;
#4852=CARTESIAN_POINT('Control Point',(19.7429153303,-5.24247779608,5.4149449176)) ;
#4853=CARTESIAN_POINT('Control Point',(19.7177039384,-4.77123889804,5.6)) ;
#4854=CARTESIAN_POINT('Control Point',(19.6761901195,-4.3,5.6)) ;
#4855=CARTESIAN_POINT('Control Point',(19.5,-5.8,4.1)) ;
#4856=CARTESIAN_POINT('Control Point',(19.5,-5.8,4.57123889804)) ;
#4857=CARTESIAN_POINT('Control Point',(19.5,-5.61494491748,5.04247779608)) ;
#4858=CARTESIAN_POINT('Control Point',(19.5,-5.24247779608,5.41494491748)) ;
#4859=CARTESIAN_POINT('Control Point',(19.5,-4.77123889804,5.6)) ;
#4860=CARTESIAN_POINT('Control Point',(19.5,-4.3,5.6)) ;
#4862=CARTESIAN_POINT('Control Point',(19.5,-5.8,4.1)) ;
#4863=CARTESIAN_POINT('Control Point',(19.5,-5.8,4.57123889804)) ;
#4864=CARTESIAN_POINT('Control Point',(19.5,-5.61547749393,5.04291746504)) ;
#4865=CARTESIAN_POINT('Control Point',(19.5,-5.24291746504,5.41547749393)) ;
#4866=CARTESIAN_POINT('Control Point',(19.5,-4.77123889804,5.6)) ;
#4867=CARTESIAN_POINT('Control Point',(19.5,-4.3,5.6)) ;
#4868=CARTESIAN_POINT('Vertex',(19.5,-5.8,4.1)) ;
#4872=CARTESIAN_POINT('Control Point',(21.5,-3.8,3.6)) ;
#4873=CARTESIAN_POINT('Control Point',(21.5,-3.80388065905,3.60097014954)) ;
#4874=CARTESIAN_POINT('Control Point',(21.5,-3.8077613181,3.60194029909)) ;
#4875=CARTESIAN_POINT('Control Point',(21.4999717635,-3.81164180337,3.60291045089)) ;
#4876=CARTESIAN_POINT('Control Point',(21.4998735294,-3.82514270056,3.60628567511)) ;
#4877=CARTESIAN_POINT('Control Point',(21.4996613594,-3.83864316776,3.60966079178)) ;
#4878=CARTESIAN_POINT('Control Point',(21.4994523243,-3.84826237597,3.61206559375)) ;
#4879=CARTESIAN_POINT('Control Point',(21.4919120663,-4.12000144447,3.68000036788)) ;
#4880=CARTESIAN_POINT('Control Point',(21.4382087298,-4.39027345573,3.74756817975)) ;
#4881=CARTESIAN_POINT('Control Point',(21.3437075767,-4.64081096462,3.81020258685)) ;
#4882=CARTESIAN_POINT('Control Point',(21.1646522666,-4.94847387426,3.88711851941)) ;
#4883=CARTESIAN_POINT('Control Point',(20.9242196504,-5.20824078457,3.95206017939)) ;
#4884=CARTESIAN_POINT('Control Point',(20.8610385094,-5.26941176385,3.96735292701)) ;
#4885=CARTESIAN_POINT('Control Point',(20.7284055946,-5.38439428364,3.99609858478)) ;
#4886=CARTESIAN_POINT('Control Point',(20.5835249762,-5.48449907824,4.02112475577)) ;
#4887=CARTESIAN_POINT('Control Point',(20.5084749708,-5.53048832699,4.03262207177)) ;
#4888=CARTESIAN_POINT('Control Point',(20.3537702017,-5.61394701576,4.05348676388)) ;
#4889=CARTESIAN_POINT('Control Point',(20.1904330058,-5.68013338549,4.07003333647)) ;
#4890=CARTESIAN_POINT('Control Point',(20.1070507314,-5.70869649776,4.07717411922)) ;
#4891=CARTESIAN_POINT('Control Point',(19.9375966611,-5.75649607906,4.08912402497)) ;
#4892=CARTESIAN_POINT('Control Point',(19.7636722901,-5.78547320642,4.09636829641)) ;
#4893=CARTESIAN_POINT('Control Point',(19.6759968787,-5.79516017196,4.09879004299)) ;
#4894=CARTESIAN_POINT('Control Point',(19.5879984367,-5.8,4.1)) ;
#4895=CARTESIAN_POINT('Control Point',(19.5,-5.8,4.1)) ;
#4903=CARTESIAN_POINT('Axis2P3D Location',(19.5,3.8,-1.9)) ;
#4908=CARTESIAN_POINT('Line Origine',(19.5,5.8,-1.9)) ;
#4920=CARTESIAN_POINT('Axis2P3D Location',(19.5,-3.8,-1.9)) ;
#4925=CARTESIAN_POINT('Line Origine',(19.5,-5.8,-1.9)) ;
#4937=CARTESIAN_POINT('Axis2P3D Location',(14.75,0.,3.6)) ;
#4942=CARTESIAN_POINT('Line Origine',(13.25,-1.,3.6)) ;
#4946=CARTESIAN_POINT('Vertex',(13.25,-5.8,3.6)) ;
#4949=CARTESIAN_POINT('Line Origine',(14.25,-5.8,3.6)) ;
#4953=CARTESIAN_POINT('Vertex',(10.,-5.8,3.6)) ;
#4956=CARTESIAN_POINT('Line Origine',(10.,-1.,3.6)) ;
#4968=CARTESIAN_POINT('Axis2P3D Location',(13.25,-1.,3.1)) ;
#4973=CARTESIAN_POINT('Line Origine',(13.75,-1.,3.1)) ;
#4977=CARTESIAN_POINT('Vertex',(13.75,-5.8,3.1)) ;
#4980=CARTESIAN_POINT('Axis2P3D Location',(13.25,-5.8,3.1)) ;
#4992=CARTESIAN_POINT('Axis2P3D Location',(10.,-1.,3.1)) ;
#4997=CARTESIAN_POINT('Axis2P3D Location',(10.,-5.8,3.1)) ;
#5001=CARTESIAN_POINT('Vertex',(9.5,-5.8,3.1)) ;
#5004=CARTESIAN_POINT('Line Origine',(9.5,-1.,3.1)) ;
#5016=CARTESIAN_POINT('Line Origine',(18.5,-1.,3.6)) ;
#5020=CARTESIAN_POINT('Vertex',(18.5,-5.8,3.6)) ;
#5023=CARTESIAN_POINT('Line Origine',(14.25,-5.8,3.6)) ;
#5027=CARTESIAN_POINT('Vertex',(15.25,-5.8,3.6)) ;
#5030=CARTESIAN_POINT('Line Origine',(15.25,-1.,3.6)) ;
#5042=CARTESIAN_POINT('Axis2P3D Location',(18.5,-1.,3.1)) ;
#5047=CARTESIAN_POINT('Axis2P3D Location',(18.5,3.3,3.1)) ;
#5052=CARTESIAN_POINT('Line Origine',(19.,-1.,3.1)) ;
#5056=CARTESIAN_POINT('Vertex',(19.,-5.8,3.1)) ;
#5059=CARTESIAN_POINT('Axis2P3D Location',(18.5,-5.8,3.1)) ;
#5071=CARTESIAN_POINT('Axis2P3D Location',(15.25,-1.,3.1)) ;
#5076=CARTESIAN_POINT('Axis2P3D Location',(15.25,3.3,3.1)) ;
#5081=CARTESIAN_POINT('Axis2P3D Location',(15.25,-5.8,3.1)) ;
#5085=CARTESIAN_POINT('Vertex',(14.75,-5.8,3.1)) ;
#5088=CARTESIAN_POINT('Line Origine',(14.75,-1.,3.1)) ;
#5100=CARTESIAN_POINT('Axis2P3D Location',(13.75,0.,1.1)) ;
#5105=CARTESIAN_POINT('Line Origine',(13.75,-1.25,-6.9)) ;
#5109=CARTESIAN_POINT('Vertex',(13.75,-5.8,-6.9)) ;
#5112=CARTESIAN_POINT('Line Origine',(13.75,-5.8,-1.9)) ;
#5124=CARTESIAN_POINT('Axis2P3D Location',(13.25,-1.,-6.9)) ;
#5129=CARTESIAN_POINT('Axis2P3D Location',(13.25,3.3,-6.9)) ;
#5133=CARTESIAN_POINT('Vertex',(13.25,3.3,-7.4)) ;
#5136=CARTESIAN_POINT('Line Origine',(13.25,-1.,-7.4)) ;
#5140=CARTESIAN_POINT('Vertex',(13.25,-5.8,-7.4)) ;
#5143=CARTESIAN_POINT('Axis2P3D Location',(13.25,-5.8,-6.9)) ;
#5155=CARTESIAN_POINT('Axis2P3D Location',(9.5,0.,1.1)) ;
#5160=CARTESIAN_POINT('Line Origine',(9.5,-5.8,-1.9)) ;
#5164=CARTESIAN_POINT('Vertex',(9.5,-5.8,-6.9)) ;
#5167=CARTESIAN_POINT('Line Origine',(9.5,-1.25,-6.9)) ;
#5171=CARTESIAN_POINT('Vertex',(9.5,3.3,-6.9)) ;
#5174=CARTESIAN_POINT('Line Origine',(9.5,3.3,-1.9)) ;
#5186=CARTESIAN_POINT('Axis2P3D Location',(10.,-1.,-6.9)) ;
#5191=CARTESIAN_POINT('Axis2P3D Location',(10.,3.3,-6.9)) ;
#5195=CARTESIAN_POINT('Vertex',(10.,3.3,-7.4)) ;
#5198=CARTESIAN_POINT('Axis2P3D Location',(10.,-5.8,-6.9)) ;
#5202=CARTESIAN_POINT('Vertex',(10.,-5.8,-7.4)) ;
#5205=CARTESIAN_POINT('Line Origine',(10.,-1.,-7.4)) ;
#5217=CARTESIAN_POINT('Axis2P3D Location',(19.,0.,-7.4)) ;
#5222=CARTESIAN_POINT('Line Origine',(14.25,3.3,-7.4)) ;
#5226=CARTESIAN_POINT('Vertex',(15.25,3.3,-7.4)) ;
#5228=CARTESIAN_POINT('Vertex',(18.5,3.3,-7.4)) ;
#5231=CARTESIAN_POINT('Line Origine',(15.25,-1.,-7.4)) ;
#5235=CARTESIAN_POINT('Vertex',(15.25,-5.8,-7.4)) ;
#5238=CARTESIAN_POINT('Line Origine',(14.25,-5.8,-7.4)) ;
#5242=CARTESIAN_POINT('Vertex',(18.5,-5.8,-7.4)) ;
#5245=CARTESIAN_POINT('Line Origine',(18.5,-1.,-7.4)) ;
#5257=CARTESIAN_POINT('Axis2P3D Location',(18.5,-1.,-6.9)) ;
#5262=CARTESIAN_POINT('Axis2P3D Location',(18.5,3.3,-6.9)) ;
#5267=CARTESIAN_POINT('Axis2P3D Location',(18.5,-5.8,-6.9)) ;
#5271=CARTESIAN_POINT('Vertex',(19.,-5.8,-6.9)) ;
#5274=CARTESIAN_POINT('Line Origine',(19.,-1.,-6.9)) ;
#5286=CARTESIAN_POINT('Axis2P3D Location',(15.25,-1.,-6.9)) ;
#5291=CARTESIAN_POINT('Axis2P3D Location',(15.25,3.3,-6.9)) ;
#5296=CARTESIAN_POINT('Line Origine',(14.75,-1.,-6.9)) ;
#5300=CARTESIAN_POINT('Vertex',(14.75,-5.8,-6.9)) ;
#5303=CARTESIAN_POINT('Axis2P3D Location',(15.25,-5.8,-6.9)) ;
#5315=CARTESIAN_POINT('Axis2P3D Location',(19.,0.,-4.9)) ;
#5320=CARTESIAN_POINT('Line Origine',(19.,-5.8,-1.9)) ;
#5332=CARTESIAN_POINT('Axis2P3D Location',(14.75,0.,-4.9)) ;
#5337=CARTESIAN_POINT('Line Origine',(14.75,-5.8,-1.9)) ;
#5349=CARTESIAN_POINT('Line Origine',(14.25,3.3,-7.4)) ;
#5354=CARTESIAN_POINT('Line Origine',(14.25,-5.8,-7.4)) ;
#5366=CARTESIAN_POINT('Axis2P3D Location',(0.,5.7,0.)) ;
#5371=CARTESIAN_POINT('Axis2P3D Location',(0.,4.25,1.2)) ;
#5375=CARTESIAN_POINT('Vertex',(0.,4.75,1.2)) ;
#5378=CARTESIAN_POINT('Line Origine',(0.,4.75,-2.1)) ;
#5382=CARTESIAN_POINT('Vertex',(0.,4.75,-5.4)) ;
#5385=CARTESIAN_POINT('Axis2P3D Location',(0.,4.25,-5.4)) ;
#5389=CARTESIAN_POINT('Vertex',(0.,4.65,-5.7)) ;
#5392=CARTESIAN_POINT('Line Origine',(0.,4.925,-5.7)) ;
#5413=CARTESIAN_POINT('Control Point',(-15.5818663277,-1.05043414364,-1.05390807192E-10)) ;
#5414=CARTESIAN_POINT('Control Point',(-15.7206007729,-1.02781210217,-0.00429471998084)) ;
#5415=CARTESIAN_POINT('Control Point',(-15.851239683,-0.957269620451,-0.017686977277)) ;
#5416=CARTESIAN_POINT('Control Point',(-15.9505563816,-0.842166344519,-0.0395389542862)) ;
#5417=CARTESIAN_POINT('Control Point',(-16.0000000004,-0.70400183826,-0.0657690297698)) ;
#5418=CARTESIAN_POINT('Control Point',(-16.,-0.565837332125,-0.0919991052416)) ;
#5419=CARTESIAN_POINT('Control Point',(-15.5820334274,-0.995296491586,0.290272606164)) ;
#5420=CARTESIAN_POINT('Control Point',(-15.7207266678,-0.97381124156,0.279767676968)) ;
#5421=CARTESIAN_POINT('Control Point',(-15.8513117232,-0.906925520702,0.2470325255)) ;
#5422=CARTESIAN_POINT('Control Point',(-15.9505802823,-0.797830058771,0.193623621238)) ;
#5423=CARTESIAN_POINT('Control Point',(-16.0000000228,-0.666890529699,0.129518117314)) ;
#5424=CARTESIAN_POINT('Control Point',(-16.,-0.5359510084,0.0654126145298)) ;
#5425=CARTESIAN_POINT('Control Point',(-15.5820375984,-0.839610959876,0.562514250329)) ;
#5426=CARTESIAN_POINT('Control Point',(-15.72072976,-0.821525427007,0.54598575404)) ;
#5427=CARTESIAN_POINT('Control Point',(-15.8513134976,-0.765234965676,0.494523503447)) ;
#5428=CARTESIAN_POINT('Control Point',(-15.9505806737,-0.673424334044,0.410587102306)) ;
#5429=CARTESIAN_POINT('Control Point',(-15.9999999662,-0.563232318558,0.309841535713)) ;
#5430=CARTESIAN_POINT('Control Point',(-16.,-0.453040278007,0.209096000958)) ;
#5431=CARTESIAN_POINT('Control Point',(-15.5821817885,-0.591519759035,0.767404317371)) ;
#5432=CARTESIAN_POINT('Control Point',(-15.7208384001,-0.578755362091,0.746548442448)) ;
#5433=CARTESIAN_POINT('Control Point',(-15.8513756245,-0.539082355957,0.681699336529)) ;
#5434=CARTESIAN_POINT('Control Point',(-15.9506014434,-0.474395323047,0.575947301829)) ;
#5435=CARTESIAN_POINT('Control Point',(-16.0000000112,-0.39676409886,0.449032444655)) ;
#5436=CARTESIAN_POINT('Control Point',(-16.,-0.319132842071,0.32211758)) ;
#5437=CARTESIAN_POINT('Control Point',(-15.5822171997,0.000105273085352,0.971867760934)) ;
#5438=CARTESIAN_POINT('Control Point',(-15.7208650479,9.90204937824E-05,0.946506110605)) ;
#5439=CARTESIAN_POINT('Control Point',(-15.8513909349,8.43609453876E-05,0.867689359253)) ;
#5440=CARTESIAN_POINT('Control Point',(-15.950606291,6.16914183351E-05,0.739188857837)) ;
#5441=CARTESIAN_POINT('Control Point',(-15.9999999888,3.52301960977E-05,0.584973486669)) ;
#5442=CARTESIAN_POINT('Control Point',(-16.,8.7363511464E-06,0.430758122984)) ;
#5443=CARTESIAN_POINT('Control Point',(-15.5821817867,0.591366940871,0.76739383139)) ;
#5444=CARTESIAN_POINT('Control Point',(-15.7208383988,0.578613803786,0.746538186954)) ;
#5445=CARTESIAN_POINT('Control Point',(-15.8513756237,0.538966245696,0.681689794333)) ;
#5446=CARTESIAN_POINT('Control Point',(-15.9506014432,0.474318239947,0.575938925024)) ;
#5447=CARTESIAN_POINT('Control Point',(-16.0000000112,0.396732363199,0.449025464813)) ;
#5448=CARTESIAN_POINT('Control Point',(-16.,0.319146519094,0.322111997119)) ;
#5449=CARTESIAN_POINT('Control Point',(-15.5820665738,0.839695457199,0.562309667454)) ;
#5450=CARTESIAN_POINT('Control Point',(-15.7207516065,0.821592425628,0.545827569325)) ;
#5451=CARTESIAN_POINT('Control Point',(-15.8513261241,0.765267366815,0.494508760528)) ;
#5452=CARTESIAN_POINT('Control Point',(-15.9505846569,0.673405518336,0.410819939368)) ;
#5453=CARTESIAN_POINT('Control Point',(-15.9999999932,0.563155183394,0.310366331709)) ;
#5454=CARTESIAN_POINT('Control Point',(-16.,0.452904817071,0.209912699599)) ;
#5455=CARTESIAN_POINT('Control Point',(-15.582014298,0.995269883319,0.290420285725)) ;
#5456=CARTESIAN_POINT('Control Point',(-15.720712243,0.973795425451,0.279884506226)) ;
#5457=CARTESIAN_POINT('Control Point',(-15.8513033833,0.906930090774,0.24705380465)) ;
#5458=CARTESIAN_POINT('Control Point',(-15.9505776503,0.797864418055,0.193479907353)) ;
#5459=CARTESIAN_POINT('Control Point',(-16.0000000025,0.666958538758,0.129179789185)) ;
#5460=CARTESIAN_POINT('Control Point',(-16.,0.536052660265,0.0648796716708)) ;
#5461=CARTESIAN_POINT('Control Point',(-15.5818661417,1.0504341744,2.24608109889E-11)) ;
#5462=CARTESIAN_POINT('Control Point',(-15.7206006325,1.02781223109,-0.00429498967901)) ;
#5463=CARTESIAN_POINT('Control Point',(-15.8512396023,0.957269930823,-0.0176881119821)) ;
#5464=CARTESIAN_POINT('Control Point',(-15.9505563545,0.842166905644,-0.0395415089947)) ;
#5465=CARTESIAN_POINT('Control Point',(-16.,0.704002685104,-0.0657732918697)) ;
#5466=CARTESIAN_POINT('Control Point',(-16.,0.565838464563,-0.0920050747472)) ;
#5468=CARTESIAN_POINT('Control Point',(-16.,-0.540322879283,-3.66026653431E-15)) ;
#5469=CARTESIAN_POINT('Control Point',(-16.,-0.528407581566,0.0322843525819)) ;
#5470=CARTESIAN_POINT('Control Point',(-16.,-0.514081143094,0.0636649823618)) ;
#5471=CARTESIAN_POINT('Control Point',(-16.,-0.497426407937,0.0939183666625)) ;
#5472=CARTESIAN_POINT('Control Point',(-16.,-0.45714993183,0.155638405495)) ;
#5473=CARTESIAN_POINT('Control Point',(-16.,-0.407510161589,0.210286172975)) ;
#5474=CARTESIAN_POINT('Control Point',(-16.,-0.378700414168,0.237039879047)) ;
#5475=CARTESIAN_POINT('Control Point',(-16.,-0.320784054877,0.282308736892)) ;
#5476=CARTESIAN_POINT('Control Point',(-16.,-0.256543107008,0.317829441809)) ;
#5477=CARTESIAN_POINT('Control Point',(-16.,-0.22545529968,0.332122876959)) ;
#5478=CARTESIAN_POINT('Control Point',(-16.,-0.178144628627,0.349759587114)) ;
#5479=CARTESIAN_POINT('Control Point',(-16.,-0.129305886057,0.362102029457)) ;
#5480=CARTESIAN_POINT('Control Point',(-16.,-0.113372850209,0.365533479952)) ;
#5481=CARTESIAN_POINT('Control Point',(-16.,-0.0813025739525,0.371260748611)) ;
#5482=CARTESIAN_POINT('Control Point',(-16.,-0.048890895088,0.374709426788)) ;
#5483=CARTESIAN_POINT('Control Point',(-16.,-0.0326391013112,0.375860932733)) ;
#5484=CARTESIAN_POINT('Control Point',(-16.,0.0505135852499,0.378792390155)) ;
#5485=CARTESIAN_POINT('Control Point',(-16.,0.133368809705,0.366792313123)) ;
#5486=CARTESIAN_POINT('Control Point',(-16.,0.198080979447,0.34752911941)) ;
#5487=CARTESIAN_POINT('Control Point',(-16.,0.294997287309,0.302464613825)) ;
#5488=CARTESIAN_POINT('Control Point',(-16.,0.378701444027,0.237038957418)) ;
#5489=CARTESIAN_POINT('Control Point',(-16.,0.407511210286,0.210285179757)) ;
#5490=CARTESIAN_POINT('Control Point',(-16.,0.45715121024,0.155636788031)) ;
#5491=CARTESIAN_POINT('Control Point',(-16.,0.497427404923,0.093916673351)) ;
#5492=CARTESIAN_POINT('Control Point',(-16.,0.514081925247,0.0636639299396)) ;
#5493=CARTESIAN_POINT('Control Point',(-16.,0.528408090297,0.0322839523364)) ;
#5494=CARTESIAN_POINT('Control Point',(-16.,0.540323157893,-1.07552855511E-16)) ;
#5503=CARTESIAN_POINT('Axis2P3D Location',(-12.5,0.,-5.4)) ;
#5508=CARTESIAN_POINT('Line Origine',(-13.,0.,-5.4)) ;
#5520=CARTESIAN_POINT('Axis2P3D Location',(-2.75,5.2,-5.4)) ;
#5532=CARTESIAN_POINT('Axis2P3D Location',(-0.2,0.075,-5.7)) ;
#5538=CARTESIAN_POINT('Control Point',(0.,4.65,-5.7)) ;
#5539=CARTESIAN_POINT('Control Point',(-1.23358113847E-17,4.57334816168,-5.80220245109)) ;
#5540=CARTESIAN_POINT('Control Point',(-0.0666105619388,4.46394645722,-5.87160999119)) ;
#5541=CARTESIAN_POINT('Control Point',(-0.131713114986,4.35797104548,-5.9)) ;
#5542=CARTESIAN_POINT('Control Point',(-0.2,4.25,-5.9)) ;
#5551=CARTESIAN_POINT('Axis2P3D Location',(-5.5,-2.,0.)) ;
#5556=CARTESIAN_POINT('Line Origine',(-1.75,-2.,-3.05)) ;
#5561=CARTESIAN_POINT('Line Origine',(0.2,-2.,-0.2)) ;
#5565=CARTESIAN_POINT('Vertex',(0.8,-2.,-0.2)) ;
#5568=CARTESIAN_POINT('Line Origine',(0.8,-2.,-3.05)) ;
#5581=CARTESIAN_POINT('Axis2P3D Location',(0.8,0.,-5.9)) ;
#5586=CARTESIAN_POINT('Line Origine',(0.8,0.,-0.2)) ;
#5590=CARTESIAN_POINT('Vertex',(0.8,2.,-0.2)) ;
#5593=CARTESIAN_POINT('Line Origine',(0.8,2.,-3.05)) ;
#5605=CARTESIAN_POINT('Axis2P3D Location',(-5.5,2.,0.)) ;
#5610=CARTESIAN_POINT('Line Origine',(0.2,2.,-0.2)) ;
#5615=CARTESIAN_POINT('Line Origine',(-1.75,2.,-3.05)) ;
#5628=CARTESIAN_POINT('Axis2P3D Location',(-1.5,0.,-0.2)) ;
#5640=CARTESIAN_POINT('Line Origine',(-11.8,-2.,-3.05)) ;
#5644=CARTESIAN_POINT('Vertex',(-11.8,-2.,-0.2)) ;
#5647=CARTESIAN_POINT('Line Origine',(-11.2,-2.,-0.2)) ;
#5652=CARTESIAN_POINT('Line Origine',(-9.25,-2.,-3.05)) ;
#5665=CARTESIAN_POINT('Axis2P3D Location',(-9.,0.,-5.9)) ;
#5670=CARTESIAN_POINT('Line Origine',(-9.25,2.,-3.05)) ;
#5682=CARTESIAN_POINT('Line Origine',(-11.2,2.,-0.2)) ;
#5686=CARTESIAN_POINT('Vertex',(-11.8,2.,-0.2)) ;
#5689=CARTESIAN_POINT('Line Origine',(-11.8,2.,-3.05)) ;
#5702=CARTESIAN_POINT('Axis2P3D Location',(-11.8,0.,-0.2)) ;
#5707=CARTESIAN_POINT('Line Origine',(-11.8,0.,-0.2)) ;
#5719=CARTESIAN_POINT('Axis2P3D Location',(-8.,-3.75,-2.7)) ;
#5731=CARTESIAN_POINT('Axis2P3D Location',(-3.,-3.5,-2.7)) ;
#5736=CARTESIAN_POINT('Axis2P3D Location',(-3.,-3.5,-2.7)) ;
#5741=CARTESIAN_POINT('Axis2P3D Location',(-3.,-3.5,-2.7)) ;
#5752=CARTESIAN_POINT('Axis2P3D Location',(-15.5,-0.574863415168,-0.178100611108)) ;
#5757=CARTESIAN_POINT('Line Origine',(-16.,-0.574863415168,-0.178100611108)) ;
#5761=CARTESIAN_POINT('Vertex',(-16.,-0.574607838185,-0.206790451995)) ;
#5764=CARTESIAN_POINT('Axis2P3D Location',(-15.5,-0.574612816897,-0.206816328676)) ;
#5776=CARTESIAN_POINT('Axis2P3D Location',(-15.5,9.82547376793E-15,-0.201780008381)) ;
#5781=CARTESIAN_POINT('Axis2P3D Location',(-15.5,0.574607674256,-0.206809216503)) ;
#5785=CARTESIAN_POINT('Vertex',(-16.,0.574612816897,-0.206816328676)) ;
#5788=CARTESIAN_POINT('Axis2P3D Location',(-16.,1.02721417493E-14,-0.201780008381)) ;
#5800=CARTESIAN_POINT('Axis2P3D Location',(-15.5,0.574863415168,-0.178100611108)) ;
#5805=CARTESIAN_POINT('Line Origine',(-16.,0.574863415168,-0.178100611108)) ;
#5817=CARTESIAN_POINT('Axis2P3D Location',(-3.,-3.75,-2.7)) ;
#5829=CARTESIAN_POINT('Axis2P3D Location',(-5.5,-3.5,-2.7)) ;
#5841=CARTESIAN_POINT('Axis2P3D Location',(11.625,3.3,-6.9)) ;
#5846=CARTESIAN_POINT('Axis2P3D Location',(13.25,3.3,-6.9)) ;
#5851=CARTESIAN_POINT('Axis2P3D Location',(10.,3.3,-6.9)) ;
#5863=CARTESIAN_POINT('Axis2P3D Location',(-8.,-4.,-5.4)) ;
#5868=CARTESIAN_POINT('Axis2P3D Location',(-9.,-4.,-5.4)) ;
#5873=CARTESIAN_POINT('Axis2P3D Location',(-8.,-5.,-5.4)) ;
#5885=CARTESIAN_POINT('Axis2P3D Location',(-8.,-3.5,-5.4)) ;
#5890=CARTESIAN_POINT('Axis2P3D Location',(-8.,-2.5,-5.4)) ;
#5895=CARTESIAN_POINT('Axis2P3D Location',(-9.,-3.5,-5.4)) ;
#5907=CARTESIAN_POINT('Axis2P3D Location',(-3.,-4.,-5.4)) ;
#5912=CARTESIAN_POINT('Axis2P3D Location',(-3.,-5.,-5.4)) ;
#5917=CARTESIAN_POINT('Axis2P3D Location',(-2.,-4.,-5.4)) ;
#5929=CARTESIAN_POINT('Axis2P3D Location',(-2.5,-5.,-5.4)) ;
#5941=CARTESIAN_POINT('Axis2P3D Location',(-2.,0.,-5.4)) ;
#5946=CARTESIAN_POINT('Axis2P3D Location',(-2.,-3.5,-5.4)) ;
#5958=CARTESIAN_POINT('Axis2P3D Location',(-3.,-3.5,-5.4)) ;
#5963=CARTESIAN_POINT('Axis2P3D Location',(-3.,-2.5,-5.4)) ;
#5975=CARTESIAN_POINT('Axis2P3D Location',(-2.5,-2.5,-5.4)) ;
#5987=CARTESIAN_POINT('Axis2P3D Location',(-9.,0.,-5.4)) ;
#5999=CARTESIAN_POINT('Axis2P3D Location',(18.5,3.3,3.1)) ;
#6010=CARTESIAN_POINT('Axis2P3D Location',(-10.75,0.,0.3)) ;
#6015=CARTESIAN_POINT('Line Origine',(-10.75,0.,0.3)) ;
#6019=CARTESIAN_POINT('Vertex',(-10.75,-1.,0.3)) ;
#6021=CARTESIAN_POINT('Vertex',(-10.75,1.,0.3)) ;
#6024=CARTESIAN_POINT('Line Origine',(-10.75,-1.,0.05)) ;
#6028=CARTESIAN_POINT('Vertex',(-10.75,-1.,-0.2)) ;
#6031=CARTESIAN_POINT('Line Origine',(-10.75,0.,-0.2)) ;
#6035=CARTESIAN_POINT('Vertex',(-10.75,1.,-0.2)) ;
#6038=CARTESIAN_POINT('Line Origine',(-10.75,1.,0.05)) ;
#6050=CARTESIAN_POINT('Line Origine',(-10.6,1.5,-0.2)) ;
#6054=CARTESIAN_POINT('Vertex',(-10.6,1.,-0.2)) ;
#6057=CARTESIAN_POINT('Line Origine',(-10.675,1.,-0.2)) ;
#6062=CARTESIAN_POINT('Line Origine',(-10.675,-1.,-0.2)) ;
#6066=CARTESIAN_POINT('Vertex',(-10.6,-1.,-0.2)) ;
#6069=CARTESIAN_POINT('Line Origine',(-10.6,-1.5,-0.2)) ;
#6085=CARTESIAN_POINT('Axis2P3D Location',(-0.25,0.,-0.2)) ;
#6090=CARTESIAN_POINT('Line Origine',(-0.25,0.,-0.2)) ;
#6094=CARTESIAN_POINT('Vertex',(-0.25,-1.,-0.2)) ;
#6096=CARTESIAN_POINT('Vertex',(-0.25,1.,-0.2)) ;
#6099=CARTESIAN_POINT('Line Origine',(-0.25,-1.,0.05)) ;
#6103=CARTESIAN_POINT('Vertex',(-0.25,-1.,0.3)) ;
#6106=CARTESIAN_POINT('Line Origine',(-0.25,0.,0.3)) ;
#6110=CARTESIAN_POINT('Vertex',(-0.25,1.,0.3)) ;
#6113=CARTESIAN_POINT('Line Origine',(-0.25,1.,0.05)) ;
#6125=CARTESIAN_POINT('Line Origine',(-0.4,-1.5,-0.2)) ;
#6129=CARTESIAN_POINT('Vertex',(-0.4,-1.,-0.2)) ;
#6132=CARTESIAN_POINT('Line Origine',(-0.325,-1.,-0.2)) ;
#6137=CARTESIAN_POINT('Line Origine',(-0.325,1.,-0.2)) ;
#6141=CARTESIAN_POINT('Vertex',(-0.4,1.,-0.2)) ;
#6144=CARTESIAN_POINT('Line Origine',(-0.4,1.5,-0.2)) ;
#6160=CARTESIAN_POINT('Axis2P3D Location',(15.25,3.3,-6.9)) ;
#6165=CARTESIAN_POINT('Axis2P3D Location',(15.25,3.3,-6.9)) ;
#6176=CARTESIAN_POINT('Axis2P3D Location',(15.25,3.3,3.1)) ;
#6187=CARTESIAN_POINT('Axis2P3D Location',(-12.5,5.2,1.5)) ;
#6192=CARTESIAN_POINT('Axis2P3D Location',(-12.8,5.2,1.5)) ;
#6196=CARTESIAN_POINT('Vertex',(-12.8,5.2,1.7)) ;
#6199=CARTESIAN_POINT('Axis2P3D Location',(-12.5,5.2,1.7)) ;
#6211=CARTESIAN_POINT('Axis2P3D Location',(-13.,-5.7,0.)) ;
#6216=CARTESIAN_POINT('Line Origine',(-13.,0.,1.5)) ;
#6246=CARTESIAN_POINT('Axis2P3D Location',(10.,3.3,-1.9)) ;
#6251=CARTESIAN_POINT('Axis2P3D Location',(10.,3.3,-6.9)) ;
#6263=CARTESIAN_POINT('Axis2P3D Location',(13.25,3.3,-6.9)) ;
#6274=CARTESIAN_POINT('Line Origine',(0.,-6.9,-0.25)) ;
#6278=CARTESIAN_POINT('Vertex',(0.,-6.9,-0.5)) ;
#6281=CARTESIAN_POINT('Line Origine',(-1.25,-6.9,-0.5)) ;
#6293=CARTESIAN_POINT('Axis2P3D Location',(-1.25,-6.9,-0.5)) ;
#6298=CARTESIAN_POINT('Line Origine',(-1.25,-6.25,-1.9)) ;
#6302=CARTESIAN_POINT('Vertex',(0.,-6.25,-1.9)) ;
#6305=CARTESIAN_POINT('Line Origine',(0.,-6.575,-1.2)) ;
#6317=CARTESIAN_POINT('Axis2P3D Location',(-0.2,-5.5,-1.9)) ;
#6321=CARTESIAN_POINT('Vertex',(1.94289029309E-16,-5.5,-1.9)) ;
#6324=CARTESIAN_POINT('Line Origine',(0.,-5.875,-1.9)) ;
#6337=CARTESIAN_POINT('Axis2P3D Location',(-0.2,-5.5,-2.1)) ;
#6342=CARTESIAN_POINT('Axis2P3D Location',(-0.2,-5.5,-5.4)) ;
#6346=CARTESIAN_POINT('Vertex',(0.,-5.5,-5.4)) ;
#6349=CARTESIAN_POINT('Line Origine',(1.94289029309E-16,-5.5,-2.1)) ;
#6361=CARTESIAN_POINT('Axis2P3D Location',(-0.2,-5.2,-5.4)) ;
#6366=CARTESIAN_POINT('Axis2P3D Location',(-0.2,-5.2,-5.7)) ;
#6370=CARTESIAN_POINT('Vertex',(0.,-5.2,-5.7)) ;
#6373=CARTESIAN_POINT('Axis2P3D Location',(0.,-5.2,-5.4)) ;
#6385=CARTESIAN_POINT('Axis2P3D Location',(-0.2,-0.075,-5.7)) ;
#6390=CARTESIAN_POINT('Line Origine',(1.94289029309E-16,-0.075,-5.7)) ;
#6394=CARTESIAN_POINT('Vertex',(0.,-4.65,-5.7)) ;
#6398=CARTESIAN_POINT('Control Point',(1.94289029309E-16,-4.65,-5.7)) ;
#6399=CARTESIAN_POINT('Control Point',(1.80925233643E-16,-4.57334816168,-5.80220245109)) ;
#6400=CARTESIAN_POINT('Control Point',(-0.0666105619389,-4.46394645722,-5.87160999119)) ;
#6401=CARTESIAN_POINT('Control Point',(-0.131713114986,-4.35797104548,-5.9)) ;
#6402=CARTESIAN_POINT('Control Point',(-0.2,-4.25,-5.9)) ;
#6411=CARTESIAN_POINT('Axis2P3D Location',(1.,0.,-4.4)) ;
#6416=CARTESIAN_POINT('Line Origine',(2.8,-1.25,-4.4)) ;
#6420=CARTESIAN_POINT('Vertex',(2.8,-4.75,-4.4)) ;
#6423=CARTESIAN_POINT('Line Origine',(4.4,-4.75,-4.4)) ;
#6427=CARTESIAN_POINT('Vertex',(6.,-4.75,-4.4)) ;
#6430=CARTESIAN_POINT('Line Origine',(6.,-1.25,-4.4)) ;
#6442=CARTESIAN_POINT('Axis2P3D Location',(2.8,-1.,-3.9)) ;
#6447=CARTESIAN_POINT('Line Origine',(2.3,-1.,-3.9)) ;
#6451=CARTESIAN_POINT('Vertex',(2.3,-4.75,-3.9)) ;
#6454=CARTESIAN_POINT('Axis2P3D Location',(2.8,-4.75,-3.9)) ;
#6466=CARTESIAN_POINT('Axis2P3D Location',(6.,-1.,-3.9)) ;
#6471=CARTESIAN_POINT('Axis2P3D Location',(6.,-4.75,-3.9)) ;
#6475=CARTESIAN_POINT('Vertex',(6.5,-4.75,-3.9)) ;
#6478=CARTESIAN_POINT('Line Origine',(6.5,-1.,-3.9)) ;
#6490=CARTESIAN_POINT('Axis2P3D Location',(2.3,0.,-4.4)) ;
#6495=CARTESIAN_POINT('Line Origine',(2.3,-1.,-0.5)) ;
#6499=CARTESIAN_POINT('Vertex',(2.3,-4.75,-0.5)) ;
#6502=CARTESIAN_POINT('Line Origine',(2.3,-4.75,-2.2)) ;
#6514=CARTESIAN_POINT('Axis2P3D Location',(2.8,-1.,-0.5)) ;
#6519=CARTESIAN_POINT('Line Origine',(2.8,-1.,1.11022302463E-16)) ;
#6523=CARTESIAN_POINT('Vertex',(2.8,-4.75,1.30104260698E-17)) ;
#6526=CARTESIAN_POINT('Axis2P3D Location',(2.8,-4.75,-0.5)) ;
#6538=CARTESIAN_POINT('Axis2P3D Location',(6.5,0.,-8.881784197E-16)) ;
#6543=CARTESIAN_POINT('Line Origine',(6.5,-4.75,-2.2)) ;
#6547=CARTESIAN_POINT('Vertex',(6.5,-4.75,-0.5)) ;
#6550=CARTESIAN_POINT('Line Origine',(6.5,-1.25,-0.5)) ;
#6562=CARTESIAN_POINT('Axis2P3D Location',(6.,-1.,-0.5)) ;
#6567=CARTESIAN_POINT('Axis2P3D Location',(6.,-4.75,-0.5)) ;
#6571=CARTESIAN_POINT('Vertex',(6.,-4.75,1.30104260698E-17)) ;
#6574=CARTESIAN_POINT('Line Origine',(6.,-1.,0.)) ;
#6586=CARTESIAN_POINT('Axis2P3D Location',(6.5,0.,-1.73472347598E-18)) ;
#6591=CARTESIAN_POINT('Line Origine',(4.4,-4.75,-1.73472347598E-18)) ;
#6603=CARTESIAN_POINT('Axis2P3D Location',(9.80205345154,4.75,0.)) ;
#6608=CARTESIAN_POINT('Line Origine',(3.75,4.75,-5.4)) ;
#6612=CARTESIAN_POINT('Vertex',(7.5,4.75,-5.4)) ;
#6615=CARTESIAN_POINT('Line Origine',(3.75,4.75,1.2)) ;
#6619=CARTESIAN_POINT('Vertex',(7.5,4.75,1.2)) ;
#6622=CARTESIAN_POINT('Line Origine',(7.5,4.75,-2.1)) ;
#6634=CARTESIAN_POINT('Axis2P3D Location',(-2.75,4.25,1.2)) ;
#6639=CARTESIAN_POINT('Axis2P3D Location',(7.5,4.25,1.2)) ;
#6643=CARTESIAN_POINT('Vertex',(7.5,4.25,1.7)) ;
#6646=CARTESIAN_POINT('Line Origine',(-2.75,4.25,1.7)) ;
#6659=CARTESIAN_POINT('Axis2P3D Location',(0.,0.,1.7)) ;
#6664=CARTESIAN_POINT('Line Origine',(-12.8,4.43228166695,1.7)) ;
#6668=CARTESIAN_POINT('Vertex',(-12.8,3.6645633339,1.7)) ;
#6672=CARTESIAN_POINT('Control Point',(-12.8,3.6645633339,1.7)) ;
#6673=CARTESIAN_POINT('Control Point',(-12.7903872774,3.67545634196,1.7)) ;
#6674=CARTESIAN_POINT('Control Point',(-12.78015572,3.68605724672,1.7)) ;
#6675=CARTESIAN_POINT('Control Point',(-12.7693606067,3.69626454741,1.7)) ;
#6676=CARTESIAN_POINT('Control Point',(-12.7446381222,3.71752930169,1.7)) ;
#6677=CARTESIAN_POINT('Control Point',(-12.7176045823,3.73635450846,1.7)) ;
#6678=CARTESIAN_POINT('Control Point',(-12.7020844452,3.74590620938,1.7)) ;
#6679=CARTESIAN_POINT('Control Point',(-12.6715864255,3.76236737214,1.7)) ;
#6680=CARTESIAN_POINT('Control Point',(-12.639418326,3.77546856371,1.7)) ;
#6681=CARTESIAN_POINT('Control Point',(-12.6236008326,3.78096892495,1.7)) ;
#6682=CARTESIAN_POINT('Control Point',(-12.5899143332,3.79074893466,1.7)) ;
#6683=CARTESIAN_POINT('Control Point',(-12.5553400367,3.79679717801,1.7)) ;
#6684=CARTESIAN_POINT('Control Point',(-12.5368542965,3.79893887026,1.7)) ;
#6685=CARTESIAN_POINT('Control Point',(-12.5184271952,3.8,1.7)) ;
#6686=CARTESIAN_POINT('Control Point',(-12.5,3.8,1.7)) ;
#6687=CARTESIAN_POINT('Vertex',(-12.5,3.8,1.7)) ;
#6690=CARTESIAN_POINT('Line Origine',(-2.5,3.8,1.7)) ;
#6694=CARTESIAN_POINT('Vertex',(7.5,3.8,1.7)) ;
#6697=CARTESIAN_POINT('Line Origine',(7.5,4.025,1.7)) ;
#6713=CARTESIAN_POINT('Axis2P3D Location',(0.,5.8,-9.4)) ;
#6718=CARTESIAN_POINT('Line Origine',(14.5,-4.3,-9.4)) ;
#6722=CARTESIAN_POINT('Vertex',(7.5,-4.3,-9.4)) ;
#6725=CARTESIAN_POINT('Line Origine',(7.5,-8.881784197E-16,-9.4)) ;
#6729=CARTESIAN_POINT('Vertex',(7.5,4.3,-9.4)) ;
#6732=CARTESIAN_POINT('Line Origine',(14.5,4.3,-9.4)) ;
#6744=CARTESIAN_POINT('Axis2P3D Location',(14.5,4.3,-7.9)) ;
#6749=CARTESIAN_POINT('Axis2P3D Location',(7.5,4.3,-7.9)) ;
#6753=CARTESIAN_POINT('Vertex',(7.5,5.8,-7.9)) ;
#6756=CARTESIAN_POINT('Line Origine',(14.5,5.8,-7.9)) ;
#6768=CARTESIAN_POINT('Axis2P3D Location',(14.5,-4.3,-7.9)) ;
#6773=CARTESIAN_POINT('Line Origine',(14.5,-5.8,-7.9)) ;
#6777=CARTESIAN_POINT('Vertex',(7.5,-5.8,-7.9)) ;
#6780=CARTESIAN_POINT('Axis2P3D Location',(7.5,-4.3,-7.9)) ;
#6792=CARTESIAN_POINT('Axis2P3D Location',(0.,-5.8,5.6)) ;
#6797=CARTESIAN_POINT('Line Origine',(14.5,4.3,5.6)) ;
#6801=CARTESIAN_POINT('Vertex',(7.5,4.3,5.6)) ;
#6804=CARTESIAN_POINT('Line Origine',(7.5,-8.881784197E-16,5.6)) ;
#6808=CARTESIAN_POINT('Vertex',(7.5,-4.3,5.6)) ;
#6811=CARTESIAN_POINT('Line Origine',(14.5,-4.3,5.6)) ;
#6823=CARTESIAN_POINT('Axis2P3D Location',(14.5,4.3,4.1)) ;
#6828=CARTESIAN_POINT('Line Origine',(14.5,5.8,4.1)) ;
#6832=CARTESIAN_POINT('Vertex',(7.5,5.8,4.1)) ;
#6835=CARTESIAN_POINT('Axis2P3D Location',(7.5,4.3,4.1)) ;
#6847=CARTESIAN_POINT('Axis2P3D Location',(14.5,-4.3,4.1)) ;
#6852=CARTESIAN_POINT('Axis2P3D Location',(7.5,-4.3,4.1)) ;
#6856=CARTESIAN_POINT('Vertex',(7.5,-5.8,4.1)) ;
#6859=CARTESIAN_POINT('Line Origine',(14.5,-5.8,4.1)) ;
#6871=CARTESIAN_POINT('Axis2P3D Location',(0.,5.8,-6.9)) ;
#6876=CARTESIAN_POINT('Line Origine',(7.5,5.8,-1.9)) ;
#6888=CARTESIAN_POINT('Axis2P3D Location',(0.,-5.8,3.1)) ;
#6893=CARTESIAN_POINT('Line Origine',(7.5,-5.8,-1.9)) ;
#6925=CARTESIAN_POINT('Axis2P3D Location',(-2.5,4.25,-5.4)) ;
#6930=CARTESIAN_POINT('Axis2P3D Location',(7.5,4.25,-5.4)) ;
#6943=CARTESIAN_POINT('Axis2P3D Location',(-16.,0.,0.)) ;
#6957=CARTESIAN_POINT('Axis2P3D Location',(-2.75,-4.25,-5.4)) ;
#6962=CARTESIAN_POINT('Axis2P3D Location',(2.22044604925E-15,-4.25,-5.4)) ;
#6966=CARTESIAN_POINT('Vertex',(0.,-4.75,-5.4)) ;
#6969=CARTESIAN_POINT('Axis2P3D Location',(7.5,-4.25,-5.4)) ;
#6973=CARTESIAN_POINT('Vertex',(7.5,-4.75,-5.4)) ;
#6976=CARTESIAN_POINT('Line Origine',(-2.75,-4.75,-5.4)) ;
#6989=CARTESIAN_POINT('Axis2P3D Location',(-12.5,-5.2,1.5)) ;
#6994=CARTESIAN_POINT('Axis2P3D Location',(-12.5,-5.5,1.5)) ;
#6998=CARTESIAN_POINT('Vertex',(-12.5,-5.5,1.7)) ;
#7001=CARTESIAN_POINT('Axis2P3D Location',(-12.5,-5.2,1.7)) ;
#7005=CARTESIAN_POINT('Vertex',(-12.8,-5.2,1.7)) ;
#7008=CARTESIAN_POINT('Axis2P3D Location',(-12.8,-5.2,1.5)) ;
#7020=CARTESIAN_POINT('Axis2P3D Location',(-2.75,-5.5,1.5)) ;
#7025=CARTESIAN_POINT('Line Origine',(-2.75,-5.5,1.7)) ;
#7029=CARTESIAN_POINT('Vertex',(-7.5,-5.5,1.7)) ;
#7032=CARTESIAN_POINT('Axis2P3D Location',(-7.5,-5.5,1.5)) ;
#7044=CARTESIAN_POINT('Axis2P3D Location',(-7.5,-2.1,0.)) ;
#7049=CARTESIAN_POINT('Line Origine',(-7.5,-2.1,0.75)) ;
#7053=CARTESIAN_POINT('Vertex',(-7.5,-2.1,1.7)) ;
#7056=CARTESIAN_POINT('Line Origine',(-7.5,-3.8,1.7)) ;
#7069=CARTESIAN_POINT('Axis2P3D Location',(-7.5,-2.1,0.)) ;
#7074=CARTESIAN_POINT('Line Origine',(-10.6,-2.1,0.75)) ;
#7078=CARTESIAN_POINT('Vertex',(-10.6,-2.1,1.7)) ;
#7081=CARTESIAN_POINT('Line Origine',(-9.05,-2.1,1.7)) ;
#7093=CARTESIAN_POINT('Axis2P3D Location',(-10.6,2.1,0.)) ;
#7098=CARTESIAN_POINT('Line Origine',(-10.6,-1.55,1.7)) ;
#7102=CARTESIAN_POINT('Vertex',(-10.6,-1.,1.7)) ;
#7105=CARTESIAN_POINT('Line Origine',(-10.6,-1.,0.75)) ;
#7118=CARTESIAN_POINT('Axis2P3D Location',(-5.5,-1.,0.)) ;
#7123=CARTESIAN_POINT('Line Origine',(-11.075,-1.,1.)) ;
#7127=CARTESIAN_POINT('Vertex',(-11.4,-1.,1.7)) ;
#7130=CARTESIAN_POINT('Line Origine',(-11.,-1.,1.7)) ;
#7143=CARTESIAN_POINT('Axis2P3D Location',(-11.4,0.,1.7)) ;
#7148=CARTESIAN_POINT('Line Origine',(-11.4,0.,1.7)) ;
#7152=CARTESIAN_POINT('Vertex',(-11.4,1.,1.7)) ;
#7155=CARTESIAN_POINT('Line Origine',(-11.075,1.,1.)) ;
#7167=CARTESIAN_POINT('Axis2P3D Location',(-5.5,1.,0.)) ;
#7172=CARTESIAN_POINT('Line Origine',(-11.,1.,1.7)) ;
#7176=CARTESIAN_POINT('Vertex',(-10.6,1.,1.7)) ;
#7179=CARTESIAN_POINT('Line Origine',(-10.6,1.,0.75)) ;
#7192=CARTESIAN_POINT('Line Origine',(-10.6,1.55,1.7)) ;
#7196=CARTESIAN_POINT('Vertex',(-10.6,2.1,1.7)) ;
#7199=CARTESIAN_POINT('Line Origine',(-10.6,2.1,0.75)) ;
#7212=CARTESIAN_POINT('Axis2P3D Location',(-10.6,2.1,0.)) ;
#7217=CARTESIAN_POINT('Line Origine',(-0.4,2.1,0.75)) ;
#7221=CARTESIAN_POINT('Vertex',(-0.4,2.1,1.7)) ;
#7224=CARTESIAN_POINT('Line Origine',(-5.5,2.1,1.7)) ;
#7236=CARTESIAN_POINT('Axis2P3D Location',(-0.4,-2.1,0.)) ;
#7241=CARTESIAN_POINT('Line Origine',(-0.4,1.55,1.7)) ;
#7245=CARTESIAN_POINT('Vertex',(-0.4,1.,1.7)) ;
#7248=CARTESIAN_POINT('Line Origine',(-0.4,1.,0.75)) ;
#7261=CARTESIAN_POINT('Line Origine',(0.075,1.,1.)) ;
#7265=CARTESIAN_POINT('Vertex',(0.4,1.,1.7)) ;
#7268=CARTESIAN_POINT('Line Origine',(8.881784197E-16,1.,1.7)) ;
#7281=CARTESIAN_POINT('Axis2P3D Location',(-0.25,0.,0.3)) ;
#7286=CARTESIAN_POINT('Line Origine',(0.075,-1.,1.)) ;
#7290=CARTESIAN_POINT('Vertex',(0.4,-1.,1.7)) ;
#7293=CARTESIAN_POINT('Line Origine',(0.4,0.,1.7)) ;
#7305=CARTESIAN_POINT('Line Origine',(-0.4,-1.,0.75)) ;
#7309=CARTESIAN_POINT('Vertex',(-0.4,-1.,1.7)) ;
#7312=CARTESIAN_POINT('Line Origine',(8.881784197E-16,-1.,1.7)) ;
#7325=CARTESIAN_POINT('Line Origine',(-0.4,-1.55,1.7)) ;
#7329=CARTESIAN_POINT('Vertex',(-0.4,-2.1,1.7)) ;
#7332=CARTESIAN_POINT('Line Origine',(-0.4,-2.1,0.75)) ;
#7345=CARTESIAN_POINT('Line Origine',(-1.95,-2.1,1.7)) ;
#7357=CARTESIAN_POINT('Axis2P3D Location',(18.5,3.3,-6.9)) ;
#7362=CARTESIAN_POINT('Axis2P3D Location',(18.5,3.3,-6.9)) ;
#7373=CARTESIAN_POINT('Axis2P3D Location',(16.875,3.3,-6.9)) ;
#7385=CARTESIAN_POINT('Axis2P3D Location',(-8.,-3.4,1.4)) ;
#7390=CARTESIAN_POINT('Axis2P3D Location',(-8.,-3.4,1.4)) ;
#7394=CARTESIAN_POINT('Vertex',(-8.,-3.8,1.7)) ;
#7396=CARTESIAN_POINT('Vertex',(-8.,-2.99999999997,1.7)) ;
#7400=CARTESIAN_POINT('Control Point',(-8.,-3.,1.7)) ;
#7401=CARTESIAN_POINT('Control Point',(-7.93443255222,-3.,1.7)) ;
#7402=CARTESIAN_POINT('Control Point',(-7.86886553193,-3.01343465691,1.70000000001)) ;
#7403=CARTESIAN_POINT('Control Point',(-7.80634027077,-3.04043856762,1.7000006872)) ;
#7404=CARTESIAN_POINT('Control Point',(-7.69547161583,-3.12082305448,1.69999928063)) ;
#7405=CARTESIAN_POINT('Control Point',(-7.62981959876,-3.22962980133,1.70000075305)) ;
#7406=CARTESIAN_POINT('Control Point',(-7.61170847878,-3.2851429355,1.69999987467)) ;
#7407=CARTESIAN_POINT('Control Point',(-7.59264927133,-3.38482337182,1.70000012233)) ;
#7408=CARTESIAN_POINT('Control Point',(-7.60421023682,-3.48274138119,1.6999998806)) ;
#7409=CARTESIAN_POINT('Control Point',(-7.6164212193,-3.5341964786,1.69999958099)) ;
#7410=CARTESIAN_POINT('Control Point',(-7.67038281254,-3.65023270926,1.70000046968)) ;
#7411=CARTESIAN_POINT('Control Point',(-7.77894182078,-3.74665298799,1.69999947353)) ;
#7412=CARTESIAN_POINT('Control Point',(-7.84981436156,-3.78237820748,1.70000000001)) ;
#7413=CARTESIAN_POINT('Control Point',(-7.92490690042,-3.8,1.7)) ;
#7414=CARTESIAN_POINT('Control Point',(-8.,-3.8,1.7)) ;
#7421=CARTESIAN_POINT('Axis2P3D Location',(4.91000000012,-3.4,1.4)) ;
#7426=CARTESIAN_POINT('Line Origine',(4.91000000012,-3.8,1.7)) ;
#7430=CARTESIAN_POINT('Vertex',(-12.5,-3.8,1.7)) ;
#7433=CARTESIAN_POINT('Line Origine',(4.91000000012,-3.,1.7)) ;
#7437=CARTESIAN_POINT('Vertex',(-12.5,-3.,1.7)) ;
#7440=CARTESIAN_POINT('Axis2P3D Location',(-12.5,-3.4,1.4)) ;
#7452=CARTESIAN_POINT('Axis2P3D Location',(-12.5,-3.4,1.4)) ;
#7458=CARTESIAN_POINT('Control Point',(-12.8000027574,-3.13543562554,1.70000672879)) ;
#7459=CARTESIAN_POINT('Control Point',(-12.7456237725,-3.07379878256,1.70002983692)) ;
#7460=CARTESIAN_POINT('Control Point',(-12.6710583194,-3.02393456685,1.69997560663)) ;
#7461=CARTESIAN_POINT('Control Point',(-12.5852876398,-3.,1.7)) ;
#7462=CARTESIAN_POINT('Control Point',(-12.5,-3.,1.7)) ;
#7463=CARTESIAN_POINT('Vertex',(-12.8,-3.1354366661,1.7)) ;
#7467=CARTESIAN_POINT('Control Point',(-12.8000002335,-3.66457402798,1.7000007394)) ;
#7468=CARTESIAN_POINT('Control Point',(-12.8510079637,-3.60673641213,1.7000007394)) ;
#7469=CARTESIAN_POINT('Control Point',(-12.8960697935,-3.54598050962,1.68374128436)) ;
#7470=CARTESIAN_POINT('Control Point',(-12.9258983977,-3.48263413327,1.6554411217)) ;
#7471=CARTESIAN_POINT('Control Point',(-12.9470208772,-3.39161380654,1.6370942339)) ;
#7472=CARTESIAN_POINT('Control Point',(-12.9143163352,-3.29295157184,1.66582928413)) ;
#7473=CARTESIAN_POINT('Control Point',(-12.8838602745,-3.23776662249,1.68782145395)) ;
#7474=CARTESIAN_POINT('Control Point',(-12.8441598706,-3.18550758155,1.70000672879)) ;
#7475=CARTESIAN_POINT('Control Point',(-12.8000027574,-3.13543562554,1.70000672879)) ;
#7476=CARTESIAN_POINT('Vertex',(-12.8,-3.66457403353,1.7)) ;
#7480=CARTESIAN_POINT('Control Point',(-12.5,-3.8,1.7)) ;
#7481=CARTESIAN_POINT('Control Point',(-12.5853545803,-3.8,1.7)) ;
#7482=CARTESIAN_POINT('Control Point',(-12.6710854892,-3.77608472864,1.70001121535)) ;
#7483=CARTESIAN_POINT('Control Point',(-12.7458324233,-3.72600811861,1.6999890424)) ;
#7484=CARTESIAN_POINT('Control Point',(-12.8000002335,-3.66457402798,1.7000007394)) ;
#7493=CARTESIAN_POINT('Axis2P3D Location',(-12.8,0.,1.5)) ;
#7498=CARTESIAN_POINT('Line Origine',(-12.8,0.,1.7)) ;
#7502=CARTESIAN_POINT('Vertex',(-12.8,3.13542596647,1.7)) ;
#7506=CARTESIAN_POINT('Control Point',(-12.8,3.13542596647,1.7)) ;
#7507=CARTESIAN_POINT('Control Point',(-12.8510077303,3.19326358232,1.7)) ;
#7508=CARTESIAN_POINT('Control Point',(-12.8960709136,3.25401768996,1.68373882157)) ;
#7509=CARTESIAN_POINT('Control Point',(-12.9258983432,3.31736933918,1.65544097028)) ;
#7510=CARTESIAN_POINT('Control Point',(-12.9470209244,3.40838318729,1.63709436499)) ;
#7511=CARTESIAN_POINT('Control Point',(-12.9143162944,3.50705103066,1.66582917065)) ;
#7512=CARTESIAN_POINT('Control Point',(-12.8838585316,3.5622336822,1.68781343346)) ;
#7513=CARTESIAN_POINT('Control Point',(-12.8441571132,3.6144913779,1.7)) ;
#7514=CARTESIAN_POINT('Control Point',(-12.8,3.6645633339,1.7)) ;
#7516=CARTESIAN_POINT('Line Origine',(-12.8,0.,1.7)) ;
#7532=CARTESIAN_POINT('Axis2P3D Location',(-12.5,3.4,1.4)) ;
#7537=CARTESIAN_POINT('Axis2P3D Location',(-12.5,3.4,1.4)) ;
#7541=CARTESIAN_POINT('Vertex',(-12.5,3.,1.7)) ;
#7545=CARTESIAN_POINT('Control Point',(-12.5,3.,1.7)) ;
#7546=CARTESIAN_POINT('Control Point',(-12.5853545803,3.,1.7)) ;
#7547=CARTESIAN_POINT('Control Point',(-12.6710854892,3.02391527136,1.70001121535)) ;
#7548=CARTESIAN_POINT('Control Point',(-12.7458324233,3.07399188139,1.6999890424)) ;
#7549=CARTESIAN_POINT('Control Point',(-12.8000002335,3.13542597202,1.7000007394)) ;
#7558=CARTESIAN_POINT('Axis2P3D Location',(4.91000000012,3.4,1.4)) ;
#7563=CARTESIAN_POINT('Line Origine',(4.91000000012,3.,1.7)) ;
#7567=CARTESIAN_POINT('Vertex',(7.5,3.,1.7)) ;
#7570=CARTESIAN_POINT('Axis2P3D Location',(7.5,3.4,1.4)) ;
#7582=CARTESIAN_POINT('Axis2P3D Location',(-3.,-3.4,1.4)) ;
#7587=CARTESIAN_POINT('Axis2P3D Location',(-3.,-3.4,1.4)) ;
#7591=CARTESIAN_POINT('Vertex',(-3.,-3.,1.7)) ;
#7593=CARTESIAN_POINT('Vertex',(-3.,-3.8,1.7)) ;
#7597=CARTESIAN_POINT('Control Point',(-3.,-3.8,1.7)) ;
#7598=CARTESIAN_POINT('Control Point',(-3.06556744778,-3.8,1.7)) ;
#7599=CARTESIAN_POINT('Control Point',(-3.13113446807,-3.78656534309,1.70000000001)) ;
#7600=CARTESIAN_POINT('Control Point',(-3.19365972923,-3.75956143238,1.7000006872)) ;
#7601=CARTESIAN_POINT('Control Point',(-3.30945053256,-3.67560817874,1.69999921818)) ;
#7602=CARTESIAN_POINT('Control Point',(-3.37592068001,-3.56065296276,1.70000088947)) ;
#7603=CARTESIAN_POINT('Control Point',(-3.39272617171,-3.50088233542,1.70000007649)) ;
#7604=CARTESIAN_POINT('Control Point',(-3.40805443228,-3.40006799126,1.69999993373)) ;
#7605=CARTESIAN_POINT('Control Point',(-3.39126342404,-3.29829731721,1.70000005741)) ;
#7606=CARTESIAN_POINT('Control Point',(-3.37649219369,-3.24738428518,1.69999948662)) ;
#7607=CARTESIAN_POINT('Control Point',(-3.31814028566,-3.13661090092,1.70000056791)) ;
#7608=CARTESIAN_POINT('Control Point',(-3.21071981082,-3.04821859128,1.69999937177)) ;
#7609=CARTESIAN_POINT('Control Point',(-3.14298092455,-3.01597163291,1.70000000001)) ;
#7610=CARTESIAN_POINT('Control Point',(-3.07149071638,-3.,1.7)) ;
#7611=CARTESIAN_POINT('Control Point',(-3.,-3.,1.7)) ;
#7618=CARTESIAN_POINT('Line Origine',(4.91000000012,-3.8,1.7)) ;
#7622=CARTESIAN_POINT('Vertex',(7.5,-3.8,1.7)) ;
#7625=CARTESIAN_POINT('Axis2P3D Location',(7.5,-3.4,1.4)) ;
#7629=CARTESIAN_POINT('Vertex',(7.5,-2.99999999987,1.7)) ;
#7632=CARTESIAN_POINT('Line Origine',(4.91000000012,-3.,1.7)) ;
#7644=CARTESIAN_POINT('Axis2P3D Location',(10.,3.3,-6.9)) ;
#7655=CARTESIAN_POINT('Line Origine',(0.,-4.75,-2.1)) ;
#7659=CARTESIAN_POINT('Vertex',(0.,-4.75,1.2)) ;
#7662=CARTESIAN_POINT('Axis2P3D Location',(0.,-4.25,1.2)) ;
#7666=CARTESIAN_POINT('Vertex',(0.,-4.65,1.5)) ;
#7669=CARTESIAN_POINT('Line Origine',(0.,-5.075,1.5)) ;
#7689=CARTESIAN_POINT('Axis2P3D Location',(0.,-4.75,0.)) ;
#7694=CARTESIAN_POINT('Line Origine',(7.5,-4.75,-2.1)) ;
#7698=CARTESIAN_POINT('Vertex',(7.5,-4.75,1.2)) ;
#7701=CARTESIAN_POINT('Line Origine',(3.75,-4.75,1.2)) ;
#7723=CARTESIAN_POINT('Axis2P3D Location',(7.5,0.,0.)) ;
#7738=CARTESIAN_POINT('Line Origine',(7.5,6.42286224206E-11,1.7)) ;
#7743=CARTESIAN_POINT('Line Origine',(7.5,-4.025,1.7)) ;
#7747=CARTESIAN_POINT('Vertex',(7.5,-4.25,1.7)) ;
#7750=CARTESIAN_POINT('Axis2P3D Location',(7.5,-4.25,1.2)) ;
#7770=CARTESIAN_POINT('Line Origine',(-0.2,-4.875,1.7)) ;
#7774=CARTESIAN_POINT('Vertex',(-0.2,-4.25,1.7)) ;
#7777=CARTESIAN_POINT('Line Origine',(3.65,-4.25,1.7)) ;
#7819=CARTESIAN_POINT('Axis2P3D Location',(-0.2,-1.28374442011,1.5)) ;
#7825=CARTESIAN_POINT('Control Point',(-2.77555756156E-17,-4.65,1.5)) ;
#7826=CARTESIAN_POINT('Control Point',(1.11022302463E-16,-4.57334816168,1.60220245109)) ;
#7827=CARTESIAN_POINT('Control Point',(-0.0666105619388,-4.46394645722,1.67160999119)) ;
#7828=CARTESIAN_POINT('Control Point',(-0.131713114986,-4.35797104548,1.7)) ;
#7829=CARTESIAN_POINT('Control Point',(-0.2,-4.25,1.7)) ;
#7838=CARTESIAN_POINT('Axis2P3D Location',(2.,-4.25,1.2)) ;
#8=PRODUCT_RELATED_PRODUCT_CATEGORY('part',$,(#5)) ;
#15=UNCERTAINTY_MEASURE_WITH_UNIT(LENGTH_MEASURE(0.005),#12,'distance_accuracy_value','CONFUSED CURVE UNCERTAINTY') ;
#30=STYLED_ITEM(' ',(#29),#22) ;
#993=STYLED_ITEM(' ',(#992),#985) ;
#29=PRESENTATION_STYLE_ASSIGNMENT((#28)) ;
#992=PRESENTATION_STYLE_ASSIGNMENT((#991)) ;
#28=SURFACE_STYLE_USAGE(.BOTH.,#27) ;
#991=SURFACE_STYLE_USAGE(.BOTH.,#990) ;
#27=SURFACE_SIDE_STYLE(' ',(#26)) ;
#990=SURFACE_SIDE_STYLE(' ',(#989)) ;
#26=SURFACE_STYLE_FILL_AREA(#25) ;
#989=SURFACE_STYLE_FILL_AREA(#988) ;
#25=FILL_AREA_STYLE(' ',(#24)) ;
#988=FILL_AREA_STYLE(' ',(#987)) ;
#24=FILL_AREA_STYLE_COLOUR(' ',#23) ;
#987=FILL_AREA_STYLE_COLOUR(' ',#986) ;
#38=VECTOR('Line Direction',#37,1.) ;
#47=VECTOR('Line Direction',#46,1.) ;
#54=VECTOR('Line Direction',#53,1.) ;
#61=VECTOR('Line Direction',#60,1.) ;
#68=VECTOR('Line Direction',#67,1.) ;
#75=VECTOR('Line Direction',#74,1.) ;
#82=VECTOR('Line Direction',#81,1.) ;
#89=VECTOR('Line Direction',#88,1.) ;
#96=VECTOR('Line Direction',#95,1.) ;
#103=VECTOR('Line Direction',#102,1.) ;
#110=VECTOR('Line Direction',#109,1.) ;
#117=VECTOR('Line Direction',#116,1.) ;
#124=VECTOR('Line Direction',#123,1.) ;
#131=VECTOR('Line Direction',#130,1.) ;
#138=VECTOR('Line Direction',#137,1.) ;
#145=VECTOR('Line Direction',#144,1.) ;
#152=VECTOR('Line Direction',#151,1.) ;
#159=VECTOR('Line Direction',#158,1.) ;
#166=VECTOR('Line Direction',#165,1.) ;
#173=VECTOR('Line Direction',#172,1.) ;
#180=VECTOR('Line Direction',#179,1.) ;
#187=VECTOR('Line Direction',#186,1.) ;
#194=VECTOR('Line Direction',#193,1.) ;
#201=VECTOR('Line Direction',#200,1.) ;
#208=VECTOR('Line Direction',#207,1.) ;
#215=VECTOR('Line Direction',#214,1.) ;
#222=VECTOR('Line Direction',#221,1.) ;
#229=VECTOR('Line Direction',#228,1.) ;
#236=VECTOR('Line Direction',#235,1.) ;
#243=VECTOR('Line Direction',#242,1.) ;
#250=VECTOR('Line Direction',#249,1.) ;
#257=VECTOR('Line Direction',#256,1.) ;
#264=VECTOR('Line Direction',#263,1.) ;
#271=VECTOR('Line Direction',#270,1.) ;
#278=VECTOR('Line Direction',#277,1.) ;
#285=VECTOR('Line Direction',#284,1.) ;
#292=VECTOR('Line Direction',#291,1.) ;
#299=VECTOR('Line Direction',#298,1.) ;
#306=VECTOR('Line Direction',#305,1.) ;
#313=VECTOR('Line Direction',#312,1.) ;
#320=VECTOR('Line Direction',#319,1.) ;
#327=VECTOR('Line Direction',#326,1.) ;
#334=VECTOR('Line Direction',#333,1.) ;
#341=VECTOR('Line Direction',#340,1.) ;
#348=VECTOR('Line Direction',#347,1.) ;
#355=VECTOR('Line Direction',#354,1.) ;
#362=VECTOR('Line Direction',#361,1.) ;
#369=VECTOR('Line Direction',#368,1.) ;
#376=VECTOR('Line Direction',#375,1.) ;
#383=VECTOR('Line Direction',#382,1.) ;
#390=VECTOR('Line Direction',#389,1.) ;
#397=VECTOR('Line Direction',#396,1.) ;
#404=VECTOR('Line Direction',#403,1.) ;
#411=VECTOR('Line Direction',#410,1.) ;
#418=VECTOR('Line Direction',#417,1.) ;
#425=VECTOR('Line Direction',#424,1.) ;
#432=VECTOR('Line Direction',#431,1.) ;
#439=VECTOR('Line Direction',#438,1.) ;
#446=VECTOR('Line Direction',#445,1.) ;
#453=VECTOR('Line Direction',#452,1.) ;
#460=VECTOR('Line Direction',#459,1.) ;
#467=VECTOR('Line Direction',#466,1.) ;
#487=VECTOR('Line Direction',#486,1.) ;
#558=VECTOR('Line Direction',#557,1.) ;
#567=VECTOR('Line Direction',#566,1.) ;
#574=VECTOR('Line Direction',#573,1.) ;
#581=VECTOR('Line Direction',#580,1.) ;
#588=VECTOR('Line Direction',#587,1.) ;
#595=VECTOR('Line Direction',#594,1.) ;
#602=VECTOR('Line Direction',#601,1.) ;
#609=VECTOR('Line Direction',#608,1.) ;
#616=VECTOR('Line Direction',#615,1.) ;
#623=VECTOR('Line Direction',#622,1.) ;
#630=VECTOR('Line Direction',#629,1.) ;
#637=VECTOR('Line Direction',#636,1.) ;
#644=VECTOR('Line Direction',#643,1.) ;
#651=VECTOR('Line Direction',#650,1.) ;
#658=VECTOR('Line Direction',#657,1.) ;
#665=VECTOR('Line Direction',#664,1.) ;
#672=VECTOR('Line Direction',#671,1.) ;
#679=VECTOR('Line Direction',#678,1.) ;
#686=VECTOR('Line Direction',#685,1.) ;
#693=VECTOR('Line Direction',#692,1.) ;
#700=VECTOR('Line Direction',#699,1.) ;
#707=VECTOR('Line Direction',#706,1.) ;
#714=VECTOR('Line Direction',#713,1.) ;
#721=VECTOR('Line Direction',#720,1.) ;
#728=VECTOR('Line Direction',#727,1.) ;
#735=VECTOR('Line Direction',#734,1.) ;
#742=VECTOR('Line Direction',#741,1.) ;
#749=VECTOR('Line Direction',#748,1.) ;
#756=VECTOR('Line Direction',#755,1.) ;
#763=VECTOR('Line Direction',#762,1.) ;
#770=VECTOR('Line Direction',#769,1.) ;
#777=VECTOR('Line Direction',#776,1.) ;
#784=VECTOR('Line Direction',#783,1.) ;
#791=VECTOR('Line Direction',#790,1.) ;
#798=VECTOR('Line Direction',#797,1.) ;
#805=VECTOR('Line Direction',#804,1.) ;
#812=VECTOR('Line Direction',#811,1.) ;
#819=VECTOR('Line Direction',#818,1.) ;
#826=VECTOR('Line Direction',#825,1.) ;
#833=VECTOR('Line Direction',#832,1.) ;
#840=VECTOR('Line Direction',#839,1.) ;
#847=VECTOR('Line Direction',#846,1.) ;
#854=VECTOR('Line Direction',#853,1.) ;
#861=VECTOR('Line Direction',#860,1.) ;
#868=VECTOR('Line Direction',#867,1.) ;
#875=VECTOR('Line Direction',#874,1.) ;
#882=VECTOR('Line Direction',#881,1.) ;
#889=VECTOR('Line Direction',#888,1.) ;
#896=VECTOR('Line Direction',#895,1.) ;
#903=VECTOR('Line Direction',#902,1.) ;
#910=VECTOR('Line Direction',#909,1.) ;
#917=VECTOR('Line Direction',#916,1.) ;
#924=VECTOR('Line Direction',#923,1.) ;
#1002=VECTOR('Line Direction',#1001,1.) ;
#1011=VECTOR('Line Direction',#1010,1.) ;
#1018=VECTOR('Line Direction',#1017,1.) ;
#1025=VECTOR('Line Direction',#1024,1.) ;
#1049=VECTOR('Line Direction',#1048,1.) ;
#1096=VECTOR('Line Direction',#1095,1.) ;
#1143=VECTOR('Line Direction',#1142,1.) ;
#1190=VECTOR('Line Direction',#1189,1.) ;
#1239=VECTOR('Line Direction',#1238,1.) ;
#1244=VECTOR('Line Direction',#1243,1.) ;
#1261=VECTOR('Line Direction',#1260,1.) ;
#1268=VECTOR('Line Direction',#1267,1.) ;
#1292=VECTOR('Line Direction',#1291,1.) ;
#1309=VECTOR('Line Direction',#1308,1.) ;
#1316=VECTOR('Line Direction',#1315,1.) ;
#1340=VECTOR('Line Direction',#1339,1.) ;
#1357=VECTOR('Line Direction',#1356,1.) ;
#1364=VECTOR('Line Direction',#1363,1.) ;
#1388=VECTOR('Line Direction',#1387,1.) ;
#1405=VECTOR('Line Direction',#1404,1.) ;
#1436=VECTOR('Line Direction',#1435,1.) ;
#1484=VECTOR('Line Direction',#1483,1.) ;
#1532=VECTOR('Line Direction',#1531,1.) ;
#1580=VECTOR('Line Direction',#1579,1.) ;
#1614=VECTOR('Line Direction',#1613,1.) ;
#1623=VECTOR('Line Direction',#1622,1.) ;
#1630=VECTOR('Line Direction',#1629,1.) ;
#1637=VECTOR('Line Direction',#1636,1.) ;
#1644=VECTOR('Line Direction',#1643,1.) ;
#1651=VECTOR('Line Direction',#1650,1.) ;
#1658=VECTOR('Line Direction',#1657,1.) ;
#1665=VECTOR('Line Direction',#1664,1.) ;
#1690=VECTOR('Line Direction',#1689,1.) ;
#1706=VECTOR('Line Direction',#1705,1.) ;
#1720=VECTOR('Line Direction',#1719,1.) ;
#1734=VECTOR('Line Direction',#1733,1.) ;
#1756=VECTOR('Line Direction',#1755,1.) ;
#1765=VECTOR('Line Direction',#1764,1.) ;
#1772=VECTOR('Line Direction',#1771,1.) ;
#1779=VECTOR('Line Direction',#1778,1.) ;
#1790=VECTOR('Line Direction',#1789,1.) ;
#1799=VECTOR('Line Direction',#1798,1.) ;
#1806=VECTOR('Line Direction',#1805,1.) ;
#1813=VECTOR('Line Direction',#1812,1.) ;
#1830=VECTOR('Line Direction',#1829,1.) ;
#1884=VECTOR('Line Direction',#1883,1.) ;
#1898=VECTOR('Line Direction',#1897,1.) ;
#1915=VECTOR('Line Direction',#1914,1.) ;
#1922=VECTOR('Line Direction',#1921,1.) ;
#1929=VECTOR('Line Direction',#1928,1.) ;
#1936=VECTOR('Line Direction',#1935,1.) ;
#1954=VECTOR('Line Direction',#1953,1.) ;
#1961=VECTOR('Line Direction',#1960,1.) ;
#1968=VECTOR('Line Direction',#1967,1.) ;
#1975=VECTOR('Line Direction',#1974,1.) ;
#1993=VECTOR('Line Direction',#1992,1.) ;
#2000=VECTOR('Line Direction',#1999,1.) ;
#2017=VECTOR('Line Direction',#2016,1.) ;
#2024=VECTOR('Line Direction',#2023,1.) ;
#2041=VECTOR('Line Direction',#2040,1.) ;
#2055=VECTOR('Line Direction',#2054,1.) ;
#2073=VECTOR('Line Direction',#2072,1.) ;
#2080=VECTOR('Line Direction',#2079,1.) ;
#2104=VECTOR('Line Direction',#2103,1.) ;
#2113=VECTOR('Line Direction',#2112,1.) ;
#2120=VECTOR('Line Direction',#2119,1.) ;
#2127=VECTOR('Line Direction',#2126,1.) ;
#2134=VECTOR('Line Direction',#2133,1.) ;
#2141=VECTOR('Line Direction',#2140,1.) ;
#2146=VECTOR('Line Direction',#2145,1.) ;
#2153=VECTOR('Line Direction',#2152,1.) ;
#2160=VECTOR('Line Direction',#2159,1.) ;
#2167=VECTOR('Line Direction',#2166,1.) ;
#2196=VECTOR('Line Direction',#2195,1.) ;
#2205=VECTOR('Line Direction',#2204,1.) ;
#2212=VECTOR('Line Direction',#2211,1.) ;
#2217=VECTOR('Line Direction',#2216,1.) ;
#2230=VECTOR('Line Direction',#2229,1.) ;
#2237=VECTOR('Line Direction',#2236,1.) ;
#2262=VECTOR('Line Direction',#2261,1.) ;
#2309=VECTOR('Line Direction',#2308,1.) ;
#2333=VECTOR('Line Direction',#2332,1.) ;
#2340=VECTOR('Line Direction',#2339,1.) ;
#2347=VECTOR('Line Direction',#2346,1.) ;
#2365=VECTOR('Line Direction',#2364,1.) ;
#2372=VECTOR('Line Direction',#2371,1.) ;
#2379=VECTOR('Line Direction',#2378,1.) ;
#2386=VECTOR('Line Direction',#2385,1.) ;
#2393=VECTOR('Line Direction',#2392,1.) ;
#2400=VECTOR('Line Direction',#2399,1.) ;
#2407=VECTOR('Line Direction',#2406,1.) ;
#2414=VECTOR('Line Direction',#2413,1.) ;
#2421=VECTOR('Line Direction',#2420,1.) ;
#2428=VECTOR('Line Direction',#2427,1.) ;
#2435=VECTOR('Line Direction',#2434,1.) ;
#2442=VECTOR('Line Direction',#2441,1.) ;
#2449=VECTOR('Line Direction',#2448,1.) ;
#2456=VECTOR('Line Direction',#2455,1.) ;
#2503=VECTOR('Line Direction',#2502,1.) ;
#2517=VECTOR('Line Direction',#2516,1.) ;
#2556=VECTOR('Line Direction',#2555,1.) ;
#2572=VECTOR('Line Direction',#2571,1.) ;
#2591=VECTOR('Line Direction',#2590,1.) ;
#2600=VECTOR('Line Direction',#2599,1.) ;
#2607=VECTOR('Line Direction',#2606,1.) ;
#2612=VECTOR('Line Direction',#2611,1.) ;
#2630=VECTOR('Line Direction',#2629,1.) ;
#2637=VECTOR('Line Direction',#2636,1.) ;
#2644=VECTOR('Line Direction',#2643,1.) ;
#2661=VECTOR('Line Direction',#2660,1.) ;
#2670=VECTOR('Line Direction',#2669,1.) ;
#2675=VECTOR('Line Direction',#2674,1.) ;
#2687=VECTOR('Line Direction',#2686,1.) ;
#2701=VECTOR('Line Direction',#2700,1.) ;
#2708=VECTOR('Line Direction',#2707,1.) ;
#2726=VECTOR('Line Direction',#2725,1.) ;
#2740=VECTOR('Line Direction',#2739,1.) ;
#2752=VECTOR('Line Direction',#2751,1.) ;
#2761=VECTOR('Line Direction',#2760,1.) ;
#2768=VECTOR('Line Direction',#2767,1.) ;
#2775=VECTOR('Line Direction',#2774,1.) ;
#2782=VECTOR('Line Direction',#2781,1.) ;
#2830=VECTOR('Line Direction',#2829,1.) ;
#2835=VECTOR('Line Direction',#2834,1.) ;
#2840=VECTOR('Line Direction',#2839,1.) ;
#2847=VECTOR('Line Direction',#2846,1.) ;
#2852=VECTOR('Line Direction',#2851,1.) ;
#2859=VECTOR('Line Direction',#2858,1.) ;
#2866=VECTOR('Line Direction',#2865,1.) ;
#2992=VECTOR('Line Direction',#2991,1.) ;
#3001=VECTOR('Line Direction',#3000,1.) ;
#3008=VECTOR('Line Direction',#3007,1.) ;
#3015=VECTOR('Line Direction',#3014,1.) ;
#3027=VECTOR('Line Direction',#3026,1.) ;
#3032=VECTOR('Line Direction',#3031,1.) ;
#3039=VECTOR('Line Direction',#3038,1.) ;
#3046=VECTOR('Line Direction',#3045,1.) ;
#3063=VECTOR('Line Direction',#3062,1.) ;
#3105=VECTOR('Line Direction',#3104,1.) ;
#3114=VECTOR('Line Direction',#3113,1.) ;
#3121=VECTOR('Line Direction',#3120,1.) ;
#3128=VECTOR('Line Direction',#3127,1.) ;
#3154=VECTOR('Line Direction',#3153,1.) ;
#3159=VECTOR('Line Direction',#3158,1.) ;
#3185=VECTOR('Line Direction',#3184,1.) ;
#3190=VECTOR('Line Direction',#3189,1.) ;
#3216=VECTOR('Line Direction',#3215,1.) ;
#3221=VECTOR('Line Direction',#3220,1.) ;
#3238=VECTOR('Line Direction',#3237,1.) ;
#3250=VECTOR('Line Direction',#3249,1.) ;
#3257=VECTOR('Line Direction',#3256,1.) ;
#3264=VECTOR('Line Direction',#3263,1.) ;
#3295=VECTOR('Line Direction',#3294,1.) ;
#3312=VECTOR('Line Direction',#3311,1.) ;
#3317=VECTOR('Line Direction',#3316,1.) ;
#3329=VECTOR('Line Direction',#3328,1.) ;
#3334=VECTOR('Line Direction',#3333,1.) ;
#3351=VECTOR('Line Direction',#3350,1.) ;
#3382=VECTOR('Line Direction',#3381,1.) ;
#3413=VECTOR('Line Direction',#3412,1.) ;
#3444=VECTOR('Line Direction',#3443,1.) ;
#3453=VECTOR('Line Direction',#3452,1.) ;
#3460=VECTOR('Line Direction',#3459,1.) ;
#3467=VECTOR('Line Direction',#3466,1.) ;
#3530=VECTOR('Line Direction',#3529,1.) ;
#3561=VECTOR('Line Direction',#3560,1.) ;
#3568=VECTOR('Line Direction',#3567,1.) ;
#3575=VECTOR('Line Direction',#3574,1.) ;
#3619=VECTOR('Line Direction',#3618,1.) ;
#3642=VECTOR('Line Direction',#3641,1.) ;
#3649=VECTOR('Line Direction',#3648,1.) ;
#3656=VECTOR('Line Direction',#3655,1.) ;
#3675=VECTOR('Line Direction',#3674,1.) ;
#3682=VECTOR('Line Direction',#3681,1.) ;
#3689=VECTOR('Line Direction',#3688,1.) ;
#3713=VECTOR('Line Direction',#3712,1.) ;
#3737=VECTOR('Line Direction',#3736,1.) ;
#3744=VECTOR('Line Direction',#3743,1.) ;
#3751=VECTOR('Line Direction',#3750,1.) ;
#3768=VECTOR('Line Direction',#3767,1.) ;
#3777=VECTOR('Line Direction',#3776,1.) ;
#3804=VECTOR('Line Direction',#3803,1.) ;
#3967=VECTOR('Line Direction',#3966,1.) ;
#3986=VECTOR('Line Direction',#3985,1.) ;
#3999=VECTOR('Line Direction',#3998,1.) ;
#4006=VECTOR('Line Direction',#4005,1.) ;
#4031=VECTOR('Line Direction',#4030,1.) ;
#4050=VECTOR('Line Direction',#4049,1.) ;
#4067=VECTOR('Line Direction',#4066,1.) ;
#4091=VECTOR('Line Direction',#4090,1.) ;
#4100=VECTOR('Line Direction',#4099,1.) ;
#4107=VECTOR('Line Direction',#4106,1.) ;
#4114=VECTOR('Line Direction',#4113,1.) ;
#4131=VECTOR('Line Direction',#4130,1.) ;
#4208=VECTOR('Line Direction',#4207,1.) ;
#4255=VECTOR('Line Direction',#4254,1.) ;
#4302=VECTOR('Line Direction',#4301,1.) ;
#4326=VECTOR('Line Direction',#4325,1.) ;
#4343=VECTOR('Line Direction',#4342,1.) ;
#4350=VECTOR('Line Direction',#4349,1.) ;
#4396=VECTOR('Line Direction',#4395,1.) ;
#4663=VECTOR('Line Direction',#4662,1.) ;
#4910=VECTOR('Line Direction',#4909,1.) ;
#4927=VECTOR('Line Direction',#4926,1.) ;
#4944=VECTOR('Line Direction',#4943,1.) ;
#4951=VECTOR('Line Direction',#4950,1.) ;
#4958=VECTOR('Line Direction',#4957,1.) ;
#4975=VECTOR('Line Direction',#4974,1.) ;
#5006=VECTOR('Line Direction',#5005,1.) ;
#5018=VECTOR('Line Direction',#5017,1.) ;
#5025=VECTOR('Line Direction',#5024,1.) ;
#5032=VECTOR('Line Direction',#5031,1.) ;
#5054=VECTOR('Line Direction',#5053,1.) ;
#5090=VECTOR('Line Direction',#5089,1.) ;
#5107=VECTOR('Line Direction',#5106,1.) ;
#5114=VECTOR('Line Direction',#5113,1.) ;
#5138=VECTOR('Line Direction',#5137,1.) ;
#5162=VECTOR('Line Direction',#5161,1.) ;
#5169=VECTOR('Line Direction',#5168,1.) ;
#5176=VECTOR('Line Direction',#5175,1.) ;
#5207=VECTOR('Line Direction',#5206,1.) ;
#5224=VECTOR('Line Direction',#5223,1.) ;
#5233=VECTOR('Line Direction',#5232,1.) ;
#5240=VECTOR('Line Direction',#5239,1.) ;
#5247=VECTOR('Line Direction',#5246,1.) ;
#5276=VECTOR('Line Direction',#5275,1.) ;
#5298=VECTOR('Line Direction',#5297,1.) ;
#5322=VECTOR('Line Direction',#5321,1.) ;
#5339=VECTOR('Line Direction',#5338,1.) ;
#5351=VECTOR('Line Direction',#5350,1.) ;
#5356=VECTOR('Line Direction',#5355,1.) ;
#5380=VECTOR('Line Direction',#5379,1.) ;
#5394=VECTOR('Line Direction',#5393,1.) ;
#5510=VECTOR('Line Direction',#5509,1.) ;
#5558=VECTOR('Line Direction',#5557,1.) ;
#5563=VECTOR('Line Direction',#5562,1.) ;
#5570=VECTOR('Line Direction',#5569,1.) ;
#5588=VECTOR('Line Direction',#5587,1.) ;
#5595=VECTOR('Line Direction',#5594,1.) ;
#5612=VECTOR('Line Direction',#5611,1.) ;
#5617=VECTOR('Line Direction',#5616,1.) ;
#5642=VECTOR('Line Direction',#5641,1.) ;
#5649=VECTOR('Line Direction',#5648,1.) ;
#5654=VECTOR('Line Direction',#5653,1.) ;
#5672=VECTOR('Line Direction',#5671,1.) ;
#5684=VECTOR('Line Direction',#5683,1.) ;
#5691=VECTOR('Line Direction',#5690,1.) ;
#5709=VECTOR('Line Direction',#5708,1.) ;
#5759=VECTOR('Line Direction',#5758,1.) ;
#5807=VECTOR('Line Direction',#5806,1.) ;
#6017=VECTOR('Line Direction',#6016,1.) ;
#6026=VECTOR('Line Direction',#6025,1.) ;
#6033=VECTOR('Line Direction',#6032,1.) ;
#6040=VECTOR('Line Direction',#6039,1.) ;
#6052=VECTOR('Line Direction',#6051,1.) ;
#6059=VECTOR('Line Direction',#6058,1.) ;
#6064=VECTOR('Line Direction',#6063,1.) ;
#6071=VECTOR('Line Direction',#6070,1.) ;
#6092=VECTOR('Line Direction',#6091,1.) ;
#6101=VECTOR('Line Direction',#6100,1.) ;
#6108=VECTOR('Line Direction',#6107,1.) ;
#6115=VECTOR('Line Direction',#6114,1.) ;
#6127=VECTOR('Line Direction',#6126,1.) ;
#6134=VECTOR('Line Direction',#6133,1.) ;
#6139=VECTOR('Line Direction',#6138,1.) ;
#6146=VECTOR('Line Direction',#6145,1.) ;
#6218=VECTOR('Line Direction',#6217,1.) ;
#6276=VECTOR('Line Direction',#6275,1.) ;
#6283=VECTOR('Line Direction',#6282,1.) ;
#6300=VECTOR('Line Direction',#6299,1.) ;
#6307=VECTOR('Line Direction',#6306,1.) ;
#6326=VECTOR('Line Direction',#6325,1.) ;
#6351=VECTOR('Line Direction',#6350,1.) ;
#6392=VECTOR('Line Direction',#6391,1.) ;
#6418=VECTOR('Line Direction',#6417,1.) ;
#6425=VECTOR('Line Direction',#6424,1.) ;
#6432=VECTOR('Line Direction',#6431,1.) ;
#6449=VECTOR('Line Direction',#6448,1.) ;
#6480=VECTOR('Line Direction',#6479,1.) ;
#6497=VECTOR('Line Direction',#6496,1.) ;
#6504=VECTOR('Line Direction',#6503,1.) ;
#6521=VECTOR('Line Direction',#6520,1.) ;
#6545=VECTOR('Line Direction',#6544,1.) ;
#6552=VECTOR('Line Direction',#6551,1.) ;
#6576=VECTOR('Line Direction',#6575,1.) ;
#6593=VECTOR('Line Direction',#6592,1.) ;
#6610=VECTOR('Line Direction',#6609,1.) ;
#6617=VECTOR('Line Direction',#6616,1.) ;
#6624=VECTOR('Line Direction',#6623,1.) ;
#6648=VECTOR('Line Direction',#6647,1.) ;
#6666=VECTOR('Line Direction',#6665,1.) ;
#6692=VECTOR('Line Direction',#6691,1.) ;
#6699=VECTOR('Line Direction',#6698,1.) ;
#6720=VECTOR('Line Direction',#6719,1.) ;
#6727=VECTOR('Line Direction',#6726,1.) ;
#6734=VECTOR('Line Direction',#6733,1.) ;
#6758=VECTOR('Line Direction',#6757,1.) ;
#6775=VECTOR('Line Direction',#6774,1.) ;
#6799=VECTOR('Line Direction',#6798,1.) ;
#6806=VECTOR('Line Direction',#6805,1.) ;
#6813=VECTOR('Line Direction',#6812,1.) ;
#6830=VECTOR('Line Direction',#6829,1.) ;
#6861=VECTOR('Line Direction',#6860,1.) ;
#6878=VECTOR('Line Direction',#6877,1.) ;
#6895=VECTOR('Line Direction',#6894,1.) ;
#6978=VECTOR('Line Direction',#6977,1.) ;
#7027=VECTOR('Line Direction',#7026,1.) ;
#7051=VECTOR('Line Direction',#7050,1.) ;
#7058=VECTOR('Line Direction',#7057,1.) ;
#7076=VECTOR('Line Direction',#7075,1.) ;
#7083=VECTOR('Line Direction',#7082,1.) ;
#7100=VECTOR('Line Direction',#7099,1.) ;
#7107=VECTOR('Line Direction',#7106,1.) ;
#7125=VECTOR('Line Direction',#7124,1.) ;
#7132=VECTOR('Line Direction',#7131,1.) ;
#7150=VECTOR('Line Direction',#7149,1.) ;
#7157=VECTOR('Line Direction',#7156,1.) ;
#7174=VECTOR('Line Direction',#7173,1.) ;
#7181=VECTOR('Line Direction',#7180,1.) ;
#7194=VECTOR('Line Direction',#7193,1.) ;
#7201=VECTOR('Line Direction',#7200,1.) ;
#7219=VECTOR('Line Direction',#7218,1.) ;
#7226=VECTOR('Line Direction',#7225,1.) ;
#7243=VECTOR('Line Direction',#7242,1.) ;
#7250=VECTOR('Line Direction',#7249,1.) ;
#7263=VECTOR('Line Direction',#7262,1.) ;
#7270=VECTOR('Line Direction',#7269,1.) ;
#7288=VECTOR('Line Direction',#7287,1.) ;
#7295=VECTOR('Line Direction',#7294,1.) ;
#7307=VECTOR('Line Direction',#7306,1.) ;
#7314=VECTOR('Line Direction',#7313,1.) ;
#7327=VECTOR('Line Direction',#7326,1.) ;
#7334=VECTOR('Line Direction',#7333,1.) ;
#7347=VECTOR('Line Direction',#7346,1.) ;
#7428=VECTOR('Line Direction',#7427,1.) ;
#7435=VECTOR('Line Direction',#7434,1.) ;
#7500=VECTOR('Line Direction',#7499,1.) ;
#7518=VECTOR('Line Direction',#7517,1.) ;
#7565=VECTOR('Line Direction',#7564,1.) ;
#7620=VECTOR('Line Direction',#7619,1.) ;
#7634=VECTOR('Line Direction',#7633,1.) ;
#7657=VECTOR('Line Direction',#7656,1.) ;
#7671=VECTOR('Line Direction',#7670,1.) ;
#7696=VECTOR('Line Direction',#7695,1.) ;
#7703=VECTOR('Line Direction',#7702,1.) ;
#7740=VECTOR('Line Direction',#7739,1.) ;
#7745=VECTOR('Line Direction',#7744,1.) ;
#7772=VECTOR('Line Direction',#7771,1.) ;
#7779=VECTOR('Line Direction',#7778,1.) ;
#32=DIRECTION('Axis2P3D Direction',(-1.,1.261856255E-13,1.51426557773E-16)) ;
#33=DIRECTION('Axis2P3D XDirection',(1.26185522196E-13,0.999999846418,-0.000554224258263)) ;
#37=DIRECTION('Vector Direction',(0.,-8.389695025E-16,1.)) ;
#46=DIRECTION('Vector Direction',(-1.24527072293E-13,-1.,-1.36542842426E-16)) ;
#53=DIRECTION('Vector Direction',(0.,0.,1.)) ;
#60=DIRECTION('Vector Direction',(0.,-0.0215180443755,0.999768460078)) ;
#67=DIRECTION('Vector Direction',(-2.30164016318E-14,-0.0687049285064,0.997637024573)) ;
#74=DIRECTION('Vector Direction',(-2.45682860622E-14,-0.122083725669,0.992519805307)) ;
#81=DIRECTION('Vector Direction',(0.,-0.182786491205,0.983152632419)) ;
#88=DIRECTION('Vector Direction',(-5.61178767624E-14,-0.251144973181,0.967949483416)) ;
#95=DIRECTION('Vector Direction',(-2.99446925833E-14,-0.327707142455,0.94477935455)) ;
#102=DIRECTION('Vector Direction',(-6.3721675067E-14,-0.411892581102,0.911232408134)) ;
#109=DIRECTION('Vector Direction',(-3.3698472028E-14,-0.502653264414,0.864488111991)) ;
#116=DIRECTION('Vector Direction',(-1.05975906489E-13,-0.597327112176,0.801997706393)) ;
#123=DIRECTION('Vector Direction',(-7.31612346583E-14,-0.691298620972,0.722569177756)) ;
#130=DIRECTION('Vector Direction',(-1.12199196637E-13,-0.760424256105,0.649426632289)) ;
#137=DIRECTION('Vector Direction',(-7.60563689286E-14,-0.806844780556,0.59076348913)) ;
#144=DIRECTION('Vector Direction',(-1.15362281921E-13,-0.849749185704,0.527187178709)) ;
#151=DIRECTION('Vector Direction',(-1.15958539917E-13,-0.888336413627,0.459193223191)) ;
#158=DIRECTION('Vector Direction',(-1.15836750419E-13,-0.921562732631,0.388229480881)) ;
#165=DIRECTION('Vector Direction',(-1.15037350033E-13,-0.948964628796,0.315382519005)) ;
#172=DIRECTION('Vector Direction',(-1.13554386533E-13,-0.970217659901,0.242234787792)) ;
#179=DIRECTION('Vector Direction',(-1.48654292639E-13,-0.98547370173,0.169828098968)) ;
#186=DIRECTION('Vector Direction',(-1.08954873901E-13,-0.995035773103,0.0995178890766)) ;
#193=DIRECTION('Vector Direction',(-1.41357167378E-13,-0.999477308412,0.0323281606338)) ;
#200=DIRECTION('Vector Direction',(-1.20423595432E-13,-0.999786214196,-0.0206766995187)) ;
#207=DIRECTION('Vector Direction',(-1.22240583433E-13,-0.998045945693,-0.0624843203207)) ;
#214=DIRECTION('Vector Direction',(-1.23905625929E-13,-0.99437657325,-0.105901985678)) ;
#221=DIRECTION('Vector Direction',(-1.25347666795E-13,-0.988696334781,-0.149931843149)) ;
#228=DIRECTION('Vector Direction',(-1.26587328276E-13,-0.980819086621,-0.194920289656)) ;
#235=DIRECTION('Vector Direction',(-1.27564352892E-13,-0.970849065675,-0.239691659593)) ;
#242=DIRECTION('Vector Direction',(-1.28267228974E-13,-0.95857965791,-0.284824576609)) ;
#249=DIRECTION('Vector Direction',(-6.43417181102E-14,-0.94399605991,-0.329956722728)) ;
#256=DIRECTION('Vector Direction',(-1.28855689424E-13,-0.927269927622,-0.374393484623)) ;
#263=DIRECTION('Vector Direction',(-1.2875196384E-13,-0.908548232505,-0.417779977037)) ;
#270=DIRECTION('Vector Direction',(-1.30030611931E-13,-0.88854702384,-0.458785556034)) ;
#277=DIRECTION('Vector Direction',(-6.64827486167E-14,-0.867189796923,-0.497977766684)) ;
#284=DIRECTION('Vector Direction',(-1.3567078248E-13,-0.842864904477,-0.538125220372)) ;
#291=DIRECTION('Vector Direction',(-6.91384783402E-14,-0.815716863254,-0.578451379982)) ;
#298=DIRECTION('Vector Direction',(-1.40540433972E-13,-0.785614322125,-0.61871652384)) ;
#305=DIRECTION('Vector Direction',(-7.12688506506E-14,-0.752385290279,-0.658723291657)) ;
#312=DIRECTION('Vector Direction',(-7.2093058806E-14,-0.716179392564,-0.697916239721)) ;
#319=DIRECTION('Vector Direction',(-1.45438791867E-13,-0.677145211738,-0.735849415452)) ;
#326=DIRECTION('Vector Direction',(-7.31386833657E-14,-0.635470539494,-0.772125115143)) ;
#333=DIRECTION('Vector Direction',(-7.33384851355E-14,-0.591853973447,-0.806045206)) ;
#340=DIRECTION('Vector Direction',(-7.28809371223E-14,-0.547174191792,-0.837018759549)) ;
#347=DIRECTION('Vector Direction',(-7.18910610725E-14,-0.503601753101,-0.863935920236)) ;
#354=DIRECTION('Vector Direction',(0.,-0.460274184828,-0.887776815861)) ;
#361=DIRECTION('Vector Direction',(-6.94056609461E-14,-0.417034069776,-0.908890854089)) ;
#368=DIRECTION('Vector Direction',(-6.80099896112E-14,-0.374764669206,-0.927119972126)) ;
#375=DIRECTION('Vector Direction',(0.,-0.333491075291,-0.942753256532)) ;
#382=DIRECTION('Vector Direction',(-6.50114612969E-14,-0.293188173062,-0.956054755324)) ;
#389=DIRECTION('Vector Direction',(-6.3422835058E-14,-0.254693642545,-0.96702179316)) ;
#396=DIRECTION('Vector Direction',(0.,-0.217328647911,-0.976098488267)) ;
#403=DIRECTION('Vector Direction',(0.,-0.181653198702,-0.983362657111)) ;
#410=DIRECTION('Vector Direction',(-7.98464744147E-14,-0.162897238246,-0.986643040705)) ;
#417=DIRECTION('Vector Direction',(0.,-0.135109494439,-0.990830673986)) ;
#424=DIRECTION('Vector Direction',(0.,-0.110558765631,-0.9938695887)) ;
#431=DIRECTION('Vector Direction',(0.,-0.0897775033405,-0.995961846606)) ;
#438=DIRECTION('Vector Direction',(0.,-0.070987354079,-0.99747721556)) ;
#445=DIRECTION('Vector Direction',(0.,-0.0546465736635,-0.998505759616)) ;
#452=DIRECTION('Vector Direction',(-5.3382342962E-14,-0.0403592819908,-0.999185232255)) ;
#459=DIRECTION('Vector Direction',(0.,-0.0271293508083,-0.999631931425)) ;
#466=DIRECTION('Vector Direction',(0.,-0.0154534368177,-0.999880588516)) ;
#486=DIRECTION('Vector Direction',(1.26121335597E-13,1.,0.)) ;
#557=DIRECTION('Vector Direction',(0.,0.,1.)) ;
#566=DIRECTION('Vector Direction',(0.,0.00503125664664,0.999987343148)) ;
#573=DIRECTION('Vector Direction',(0.,0.0163666270687,0.999866057789)) ;
#580=DIRECTION('Vector Direction',(0.,0.0291402180779,0.999575333674)) ;
#587=DIRECTION('Vector Direction',(0.,0.0442345402885,0.999021173672)) ;
#594=DIRECTION('Vector Direction',(0.,0.0616239590146,0.998099437769)) ;
#601=DIRECTION('Vector Direction',(7.5117263575E-14,0.08258701884,0.996583857144)) ;
#608=DIRECTION('Vector Direction',(0.,0.107574144088,0.994197064733)) ;
#615=DIRECTION('Vector Direction',(0.,0.138600881703,0.990348320335)) ;
#622=DIRECTION('Vector Direction',(0.,0.176868172379,0.984234550094)) ;
#629=DIRECTION('Vector Direction',(0.,0.226455709021,0.974021463753)) ;
#636=DIRECTION('Vector Direction',(8.34153509758E-14,0.297365764771,0.954763636688)) ;
#643=DIRECTION('Vector Direction',(0.,0.360679257169,0.932689912805)) ;
#650=DIRECTION('Vector Direction',(8.59253524709E-14,0.424050272856,0.905638650948)) ;
#657=DIRECTION('Vector Direction',(8.65989602948E-14,0.486485038149,0.873688907825)) ;
#664=DIRECTION('Vector Direction',(0.,0.547371240041,0.836889912459)) ;
#671=DIRECTION('Vector Direction',(8.66604296656E-14,0.605574223365,0.79578882877)) ;
#678=DIRECTION('Vector Direction',(8.60858850873E-14,0.659980359834,0.751282852615)) ;
#685=DIRECTION('Vector Direction',(8.50384522957E-14,0.71037843615,0.703819918341)) ;
#692=DIRECTION('Vector Direction',(8.36972229675E-14,0.755974286312,0.654601312583)) ;
#699=DIRECTION('Vector Direction',(1.63962056187E-13,0.796823818929,0.604211719175)) ;
#706=DIRECTION('Vector Direction',(8.12649966808E-14,0.834194205301,0.551470786027)) ;
#713=DIRECTION('Vector Direction',(8.14480311416E-14,0.869292243633,0.49429848792)) ;
#720=DIRECTION('Vector Direction',(1.62554964725E-13,0.900278428012,0.435314543815)) ;
#727=DIRECTION('Vector Direction',(8.07256641375E-14,0.927113425378,0.374780864619)) ;
#734=DIRECTION('Vector Direction',(1.59675792703E-13,0.949502577924,0.313759230167)) ;
#741=DIRECTION('Vector Direction',(7.86573079825E-14,0.967542933915,0.252706689726)) ;
#748=DIRECTION('Vector Direction',(1.54412287877E-13,0.981203361747,0.192976586394)) ;
#755=DIRECTION('Vector Direction',(1.51129393509E-13,0.990842977103,0.135019238353)) ;
#762=DIRECTION('Vector Direction',(7.37321121846E-14,0.996885366194,0.0788642293282)) ;
#769=DIRECTION('Vector Direction',(1.43539412287E-13,0.999665109436,0.0258779631241)) ;
#776=DIRECTION('Vector Direction',(1.04825145199E-13,0.999489320584,-0.0319546246941)) ;
#783=DIRECTION('Vector Direction',(1.64078629993E-13,0.995050289914,-0.099372634776)) ;
#790=DIRECTION('Vector Direction',(1.1375659867E-13,0.984972031628,-0.172713916376)) ;
#797=DIRECTION('Vector Direction',(1.17749708559E-13,0.968223883807,-0.250085007198)) ;
#804=DIRECTION('Vector Direction',(1.212523903E-13,0.943646925278,-0.330953894695)) ;
#811=DIRECTION('Vector Direction',(1.23932101881E-13,0.910466801309,-0.413582160778)) ;
#818=DIRECTION('Vector Direction',(1.25716031463E-13,0.86851194754,-0.495668232773)) ;
#825=DIRECTION('Vector Direction',(6.3208706798E-14,0.817971994867,-0.575258042633)) ;
#832=DIRECTION('Vector Direction',(1.25991465698E-13,0.760017087073,-0.649903090742)) ;
#839=DIRECTION('Vector Direction',(6.22375035048E-14,0.696597675217,-0.717461970338)) ;
#846=DIRECTION('Vector Direction',(6.05727391033E-14,0.618648739266,-0.785667701643)) ;
#853=DIRECTION('Vector Direction',(1.15849033386E-13,0.529416989825,-0.848361745298)) ;
#860=DIRECTION('Vector Direction',(5.49352102665E-14,0.442872547436,-0.89658457868)) ;
#867=DIRECTION('Vector Direction',(0.,0.361974792564,-0.93218788318)) ;
#874=DIRECTION('Vector Direction',(4.86934552586E-14,0.287976538764,-0.957637464347)) ;
#881=DIRECTION('Vector Direction',(4.56959626893E-14,0.22119245777,-0.975230176228)) ;
#888=DIRECTION('Vector Direction',(0.,0.161325503121,-0.986901252427)) ;
#895=DIRECTION('Vector Direction',(4.02612486091E-14,0.108248364907,-0.994123881362)) ;
#902=DIRECTION('Vector Direction',(0.,0.0609705424762,-0.998139565868)) ;
#909=DIRECTION('Vector Direction',(0.,0.0192889505903,-0.999813950885)) ;
#916=DIRECTION('Vector Direction',(0.,2.68402168598E-17,-1.)) ;
#923=DIRECTION('Vector Direction',(-1.2672750556E-13,-1.,-1.55303315637E-16)) ;
#996=DIRECTION('Axis2P3D Direction',(0.,0.,-1.)) ;
#997=DIRECTION('Axis2P3D XDirection',(-1.,0.,0.)) ;
#1001=DIRECTION('Vector Direction',(0.,1.,0.)) ;
#1010=DIRECTION('Vector Direction',(-1.,0.,0.)) ;
#1017=DIRECTION('Vector Direction',(0.,-1.,0.)) ;
#1024=DIRECTION('Vector Direction',(1.,0.,0.)) ;
#1036=DIRECTION('Axis2P3D Direction',(1.,0.,0.)) ;
#1037=DIRECTION('Axis2P3D XDirection',(-0.,1.83697019872E-16,1.)) ;
#1041=DIRECTION('Axis2P3D Direction',(1.,0.,0.)) ;
#1048=DIRECTION('Vector Direction',(1.,0.,0.)) ;
#1055=DIRECTION('Axis2P3D Direction',(1.,0.,0.)) ;
#1067=DIRECTION('Axis2P3D Direction',(0.,0.,1.)) ;
#1068=DIRECTION('Axis2P3D XDirection',(-0.965925826289,0.258819045103,0.)) ;
#1072=DIRECTION('Axis2P3D Direction',(0.,0.,1.)) ;
#1079=DIRECTION('Axis2P3D Direction',(-1.08246744901E-15,1.,0.)) ;
#1090=DIRECTION('Axis2P3D Direction',(0.,1.,0.)) ;
#1091=DIRECTION('Axis2P3D XDirection',(-1.,0.,0.)) ;
#1095=DIRECTION('Vector Direction',(0.,1.,0.)) ;
#1102=DIRECTION('Axis2P3D Direction',(0.,1.,0.)) ;
#1114=DIRECTION('Axis2P3D Direction',(0.,0.,1.)) ;
#1115=DIRECTION('Axis2P3D XDirection',(0.258819045103,0.965925826289,0.)) ;
#1119=DIRECTION('Axis2P3D Direction',(0.,0.,1.)) ;
#1126=DIRECTION('Axis2P3D Direction',(1.,-1.94289029309E-16,0.)) ;
#1137=DIRECTION('Axis2P3D Direction',(-1.,0.,0.)) ;
#1138=DIRECTION('Axis2P3D XDirection',(-0.,-1.83697019872E-16,1.)) ;
#1142=DIRECTION('Vector Direction',(-1.,0.,0.)) ;
#1149=DIRECTION('Axis2P3D Direction',(-1.,0.,0.)) ;
#1161=DIRECTION('Axis2P3D Direction',(0.,0.,1.)) ;
#1162=DIRECTION('Axis2P3D XDirection',(0.965925826289,-0.258819045103,0.)) ;
#1166=DIRECTION('Axis2P3D Direction',(0.,0.,1.)) ;
#1173=DIRECTION('Axis2P3D Direction',(2.49800180541E-16,-1.,0.)) ;
#1184=DIRECTION('Axis2P3D Direction',(0.,-1.,0.)) ;
#1185=DIRECTION('Axis2P3D XDirection',(1.,0.,0.)) ;
#1189=DIRECTION('Vector Direction',(0.,-1.,0.)) ;
#1196=DIRECTION('Axis2P3D Direction',(0.,-1.,0.)) ;
#1208=DIRECTION('Axis2P3D Direction',(0.,0.,1.)) ;
#1209=DIRECTION('Axis2P3D XDirection',(-0.258819045103,-0.965925826289,0.)) ;
#1213=DIRECTION('Axis2P3D Direction',(0.,0.,1.)) ;
#1224=DIRECTION('Axis2P3D Direction',(0.,0.,-1.)) ;
#1225=DIRECTION('Axis2P3D XDirection',(1.,0.,0.)) ;
#1229=DIRECTION('Axis2P3D Direction',(0.,0.,-1.)) ;
#1238=DIRECTION('Vector Direction',(0.,0.,-1.)) ;
#1243=DIRECTION('Vector Direction',(0.,0.,-1.)) ;
#1255=DIRECTION('Axis2P3D Direction',(-0.,1.,0.)) ;
#1256=DIRECTION('Axis2P3D XDirection',(1.,0.,0.)) ;
#1260=DIRECTION('Vector Direction',(0.,0.,-1.)) ;
#1267=DIRECTION('Vector Direction',(1.,0.,0.)) ;
#1279=DIRECTION('Axis2P3D Direction',(0.,0.,-1.)) ;
#1280=DIRECTION('Axis2P3D XDirection',(0.,-1.,0.)) ;
#1284=DIRECTION('Axis2P3D Direction',(0.,0.,-1.)) ;
#1291=DIRECTION('Vector Direction',(0.,0.,-1.)) ;
#1303=DIRECTION('Axis2P3D Direction',(-1.,0.,0.)) ;
#1304=DIRECTION('Axis2P3D XDirection',(0.,1.,0.)) ;
#1308=DIRECTION('Vector Direction',(0.,1.,0.)) ;
#1315=DIRECTION('Vector Direction',(0.,0.,-1.)) ;
#1327=DIRECTION('Axis2P3D Direction',(0.,0.,-1.)) ;
#1328=DIRECTION('Axis2P3D XDirection',(-1.,0.,0.)) ;
#1332=DIRECTION('Axis2P3D Direction',(0.,0.,-1.)) ;
#1339=DIRECTION('Vector Direction',(0.,0.,-1.)) ;
#1351=DIRECTION('Axis2P3D Direction',(-0.,-1.,-0.)) ;
#1352=DIRECTION('Axis2P3D XDirection',(-1.,0.,0.)) ;
#1356=DIRECTION('Vector Direction',(0.,0.,-1.)) ;
#1363=DIRECTION('Vector Direction',(-1.,0.,0.)) ;
#1375=DIRECTION('Axis2P3D Direction',(0.,0.,-1.)) ;
#1376=DIRECTION('Axis2P3D XDirection',(0.,1.,0.)) ;
#1380=DIRECTION('Axis2P3D Direction',(0.,0.,-1.)) ;
#1387=DIRECTION('Vector Direction',(0.,0.,-1.)) ;
#1399=DIRECTION('Axis2P3D Direction',(1.,0.,0.)) ;
#1400=DIRECTION('Axis2P3D XDirection',(0.,-1.,0.)) ;
#1404=DIRECTION('Vector Direction',(0.,-1.,0.)) ;
#1416=DIRECTION('Axis2P3D Direction',(0.,-1.,0.)) ;
#1417=DIRECTION('Axis2P3D XDirection',(-1.,0.,0.)) ;
#1421=DIRECTION('Axis2P3D Direction',(0.,-1.,0.)) ;
#1428=DIRECTION('Axis2P3D Direction',(0.,-1.,0.)) ;
#1435=DIRECTION('Vector Direction',(0.,-1.,0.)) ;
#1447=DIRECTION('Axis2P3D Direction',(0.,0.,-1.)) ;
#1448=DIRECTION('Axis2P3D XDirection',(8.881784197E-16,1.,0.)) ;
#1452=DIRECTION('Axis2P3D Direction',(-1.,-6.8901856968E-16,-0.)) ;
#1459=DIRECTION('Axis2P3D Direction',(0.,0.,-1.)) ;
#1471=DIRECTION('Axis2P3D Direction',(-1.,0.,0.)) ;
#1472=DIRECTION('Axis2P3D XDirection',(-0.,1.83697019872E-16,-1.)) ;
#1476=DIRECTION('Axis2P3D Direction',(-1.,0.,0.)) ;
#1483=DIRECTION('Vector Direction',(-1.,0.,0.)) ;
#1495=DIRECTION('Axis2P3D Direction',(0.,0.,-1.)) ;
#1496=DIRECTION('Axis2P3D XDirection',(-1.,8.881784197E-16,0.)) ;
#1500=DIRECTION('Axis2P3D Direction',(1.7763568394E-15,-1.,0.)) ;
#1507=DIRECTION('Axis2P3D Direction',(0.,0.,-1.)) ;
#1519=DIRECTION('Axis2P3D Direction',(-0.,1.,0.)) ;
#1520=DIRECTION('Axis2P3D XDirection',(1.,0.,0.)) ;
#1524=DIRECTION('Axis2P3D Direction',(-0.,1.,0.)) ;
#1531=DIRECTION('Vector Direction',(0.,1.,0.)) ;
#1543=DIRECTION('Axis2P3D Direction',(0.,0.,-1.)) ;
#1544=DIRECTION('Axis2P3D XDirection',(0.,-1.,0.)) ;
#1548=DIRECTION('Axis2P3D Direction',(1.,0.,0.)) ;
#1555=DIRECTION('Axis2P3D Direction',(0.,0.,-1.)) ;
#1567=DIRECTION('Axis2P3D Direction',(1.,0.,0.)) ;
#1568=DIRECTION('Axis2P3D XDirection',(-0.,-1.83697019872E-16,-1.)) ;
#1572=DIRECTION('Axis2P3D Direction',(1.,0.,0.)) ;
#1579=DIRECTION('Vector Direction',(1.,0.,0.)) ;
#1591=DIRECTION('Axis2P3D Direction',(0.,0.,-1.)) ;
#1592=DIRECTION('Axis2P3D XDirection',(1.,-8.881784197E-16,0.)) ;
#1596=DIRECTION('Axis2P3D Direction',(0.,0.,-1.)) ;
#1608=DIRECTION('Axis2P3D Direction',(0.,0.,-1.)) ;
#1609=DIRECTION('Axis2P3D XDirection',(-1.,0.,0.)) ;
#1613=DIRECTION('Vector Direction',(-1.,0.,0.)) ;
#1622=DIRECTION('Vector Direction',(0.,-1.,0.)) ;
#1629=DIRECTION('Vector Direction',(1.,0.,0.)) ;
#1636=DIRECTION('Vector Direction',(0.,-1.,0.)) ;
#1643=DIRECTION('Vector Direction',(1.,0.,0.)) ;
#1650=DIRECTION('Vector Direction',(0.,1.,0.)) ;
#1657=DIRECTION('Vector Direction',(-1.,0.,0.)) ;
#1664=DIRECTION('Vector Direction',(0.,-1.,0.)) ;
#1689=DIRECTION('Vector Direction',(1.,0.,0.)) ;
#1698=DIRECTION('Axis2P3D Direction',(0.,0.,-1.)) ;
#1705=DIRECTION('Vector Direction',(0.,-1.,0.)) ;
#1712=DIRECTION('Axis2P3D Direction',(0.,0.,-1.)) ;
#1719=DIRECTION('Vector Direction',(-1.,0.,0.)) ;
#1726=DIRECTION('Axis2P3D Direction',(0.,0.,-1.)) ;
#1733=DIRECTION('Vector Direction',(0.,1.,0.)) ;
#1740=DIRECTION('Axis2P3D Direction',(0.,0.,-1.)) ;
#1755=DIRECTION('Vector Direction',(-1.,0.,0.)) ;
#1764=DIRECTION('Vector Direction',(0.,1.,0.)) ;
#1771=DIRECTION('Vector Direction',(-1.,0.,0.)) ;
#1778=DIRECTION('Vector Direction',(0.,1.,0.)) ;
#1789=DIRECTION('Vector Direction',(-1.,0.,0.)) ;
#1798=DIRECTION('Vector Direction',(0.,1.,0.)) ;
#1805=DIRECTION('Vector Direction',(-1.,0.,0.)) ;
#1812=DIRECTION('Vector Direction',(0.,1.,0.)) ;
#1824=DIRECTION('Axis2P3D Direction',(1.,0.,0.)) ;
#1825=DIRECTION('Axis2P3D XDirection',(0.,-1.,0.)) ;
#1829=DIRECTION('Vector Direction',(1.,0.,0.)) ;
#1838=DIRECTION('Axis2P3D Direction',(1.,0.,0.)) ;
#1843=DIRECTION('Axis2P3D Direction',(1.,0.,0.)) ;
#1855=DIRECTION('Axis2P3D Direction',(0.,0.,-1.)) ;
#1856=DIRECTION('Axis2P3D XDirection',(0.258819045103,-0.965925826289,0.)) ;
#1860=DIRECTION('Axis2P3D Direction',(0.,0.,-1.)) ;
#1867=DIRECTION('Axis2P3D Direction',(8.32667268469E-17,-1.,0.)) ;
#1878=DIRECTION('Axis2P3D Direction',(0.,0.,-1.)) ;
#1879=DIRECTION('Axis2P3D XDirection',(1.83697019872E-16,-1.,-0.)) ;
#1883=DIRECTION('Vector Direction',(0.,0.,-1.)) ;
#1890=DIRECTION('Axis2P3D Direction',(0.,0.,-1.)) ;
#1897=DIRECTION('Vector Direction',(0.,0.,-1.)) ;
#1909=DIRECTION('Axis2P3D Direction',(0.,0.,-1.)) ;
#1910=DIRECTION('Axis2P3D XDirection',(0.,1.,0.)) ;
#1914=DIRECTION('Vector Direction',(0.,-1.,0.)) ;
#1921=DIRECTION('Vector Direction',(1.,0.,0.)) ;
#1928=DIRECTION('Vector Direction',(0.,1.,0.)) ;
#1935=DIRECTION('Vector Direction',(1.,0.,0.)) ;
#1948=DIRECTION('Axis2P3D Direction',(-1.,0.,0.)) ;
#1949=DIRECTION('Axis2P3D XDirection',(0.,1.,0.)) ;
#1953=DIRECTION('Vector Direction',(0.,0.421111306455,-0.907008967748)) ;
#1960=DIRECTION('Vector Direction',(0.,4.67462326158E-16,1.)) ;
#1967=DIRECTION('Vector Direction',(0.,1.,0.)) ;
#1974=DIRECTION('Vector Direction',(0.,0.,-1.)) ;
#1987=DIRECTION('Axis2P3D Direction',(-0.,0.907008967748,0.421111306455)) ;
#1988=DIRECTION('Axis2P3D XDirection',(1.,0.,0.)) ;
#1992=DIRECTION('Vector Direction',(1.,0.,0.)) ;
#1999=DIRECTION('Vector Direction',(0.,0.421111306455,-0.907008967748)) ;
#2011=DIRECTION('Axis2P3D Direction',(-0.,-1.,-0.)) ;
#2012=DIRECTION('Axis2P3D XDirection',(-1.,0.,0.)) ;
#2016=DIRECTION('Vector Direction',(-1.,0.,0.)) ;
#2023=DIRECTION('Vector Direction',(0.,0.,-1.)) ;
#2035=DIRECTION('Axis2P3D Direction',(0.,0.,-1.)) ;
#2036=DIRECTION('Axis2P3D XDirection',(0.,1.,0.)) ;
#2040=DIRECTION('Vector Direction',(1.,0.,0.)) ;
#2047=DIRECTION('Axis2P3D Direction',(0.,0.,-1.)) ;
#2054=DIRECTION('Vector Direction',(0.,-1.,0.)) ;
#2067=DIRECTION('Axis2P3D Direction',(0.,0.,-1.)) ;
#2068=DIRECTION('Axis2P3D XDirection',(1.83697019872E-16,-1.,-0.)) ;
#2072=DIRECTION('Vector Direction',(0.,0.,-1.)) ;
#2079=DIRECTION('Vector Direction',(0.,0.,-1.)) ;
#2086=DIRECTION('Axis2P3D Direction',(0.,0.,-1.)) ;
#2098=DIRECTION('Axis2P3D Direction',(-0.,1.,0.)) ;
#2099=DIRECTION('Axis2P3D XDirection',(1.,0.,0.)) ;
#2103=DIRECTION('Vector Direction',(0.,0.,-1.)) ;
#2112=DIRECTION('Vector Direction',(1.,0.,0.)) ;
#2119=DIRECTION('Vector Direction',(0.,0.,1.)) ;
#2126=DIRECTION('Vector Direction',(1.,0.,0.)) ;
#2133=DIRECTION('Vector Direction',(0.,0.,1.)) ;
#2140=DIRECTION('Vector Direction',(1.,0.,0.)) ;
#2145=DIRECTION('Vector Direction',(0.,0.,-1.)) ;
#2152=DIRECTION('Vector Direction',(1.,0.,0.)) ;
#2159=DIRECTION('Vector Direction',(0.,0.,1.)) ;
#2166=DIRECTION('Vector Direction',(1.,0.,0.)) ;
#2190=DIRECTION('Axis2P3D Direction',(1.,0.,0.)) ;
#2191=DIRECTION('Axis2P3D XDirection',(0.,-1.,0.)) ;
#2195=DIRECTION('Vector Direction',(0.,-0.421111306455,0.907008967748)) ;
#2204=DIRECTION('Vector Direction',(0.,0.,-1.)) ;
#2211=DIRECTION('Vector Direction',(0.,-1.,0.)) ;
#2216=DIRECTION('Vector Direction',(0.,-1.,0.)) ;
#2229=DIRECTION('Vector Direction',(-1.,0.,0.)) ;
#2236=DIRECTION('Vector Direction',(0.,1.,0.)) ;
#2243=DIRECTION('Axis2P3D Direction',(0.,0.,-1.)) ;
#2256=DIRECTION('Axis2P3D Direction',(0.,0.,-1.)) ;
#2257=DIRECTION('Axis2P3D XDirection',(1.,1.83697019872E-16,0.)) ;
#2261=DIRECTION('Vector Direction',(0.,0.,-1.)) ;
#2268=DIRECTION('Axis2P3D Direction',(0.,0.,-1.)) ;
#2280=DIRECTION('Axis2P3D Direction',(1.,0.,0.)) ;
#2281=DIRECTION('Axis2P3D XDirection',(0.,0.258819045103,0.965925826289)) ;
#2285=DIRECTION('Axis2P3D Direction',(0.,1.,0.)) ;
#2292=DIRECTION('Axis2P3D Direction',(1.,0.,0.)) ;
#2303=DIRECTION('Axis2P3D Direction',(1.,0.,-0.)) ;
#2304=DIRECTION('Axis2P3D XDirection',(0.,0.,1.)) ;
#2308=DIRECTION('Vector Direction',(1.,0.,0.)) ;
#2315=DIRECTION('Axis2P3D Direction',(1.,0.,-0.)) ;
#2327=DIRECTION('Axis2P3D Direction',(1.,0.,0.)) ;
#2328=DIRECTION('Axis2P3D XDirection',(0.,1.,0.)) ;
#2332=DIRECTION('Vector Direction',(0.,-1.,0.)) ;
#2339=DIRECTION('Vector Direction',(0.,0.,1.)) ;
#2346=DIRECTION('Vector Direction',(0.,1.,0.)) ;
#2359=DIRECTION('Axis2P3D Direction',(0.,0.,1.)) ;
#2360=DIRECTION('Axis2P3D XDirection',(1.,0.,0.)) ;
#2364=DIRECTION('Vector Direction',(-1.,0.,0.)) ;
#2371=DIRECTION('Vector Direction',(0.,1.,0.)) ;
#2378=DIRECTION('Vector Direction',(1.,0.,0.)) ;
#2385=DIRECTION('Vector Direction',(0.,1.,0.)) ;
#2392=DIRECTION('Vector Direction',(1.,0.,0.)) ;
#2399=DIRECTION('Vector Direction',(0.,1.,0.)) ;
#2406=DIRECTION('Vector Direction',(1.,0.,0.)) ;
#2413=DIRECTION('Vector Direction',(0.,-1.,0.)) ;
#2420=DIRECTION('Vector Direction',(1.,0.,0.)) ;
#2427=DIRECTION('Vector Direction',(0.,1.,0.)) ;
#2434=DIRECTION('Vector Direction',(1.,0.,0.)) ;
#2441=DIRECTION('Vector Direction',(0.,-1.,0.)) ;
#2448=DIRECTION('Vector Direction',(-1.,0.,0.)) ;
#2455=DIRECTION('Vector Direction',(0.,-1.,0.)) ;
#2478=DIRECTION('Axis2P3D Direction',(0.,0.,1.)) ;
#2487=DIRECTION('Axis2P3D Direction',(0.,0.,1.)) ;
#2497=DIRECTION('Axis2P3D Direction',(0.,0.,1.)) ;
#2498=DIRECTION('Axis2P3D XDirection',(1.,0.,0.)) ;
#2502=DIRECTION('Vector Direction',(0.,0.,1.)) ;
#2509=DIRECTION('Axis2P3D Direction',(0.,0.,1.)) ;
#2516=DIRECTION('Vector Direction',(0.,0.,1.)) ;
#2528=DIRECTION('Axis2P3D Direction',(0.,0.,1.)) ;
#2540=DIRECTION('Axis2P3D Direction',(0.,0.,1.)) ;
#2541=DIRECTION('Axis2P3D XDirection',(1.,0.,0.)) ;
#2550=DIRECTION('Axis2P3D Direction',(0.,0.,-1.)) ;
#2551=DIRECTION('Axis2P3D XDirection',(-1.83697019872E-16,1.,-0.)) ;
#2555=DIRECTION('Vector Direction',(0.,0.,-1.)) ;
#2564=DIRECTION('Axis2P3D Direction',(0.,0.,-1.)) ;
#2571=DIRECTION('Vector Direction',(0.,0.,-1.)) ;
#2578=DIRECTION('Axis2P3D Direction',(0.,0.,-1.)) ;
#2590=DIRECTION('Vector Direction',(1.,0.,0.)) ;
#2599=DIRECTION('Vector Direction',(0.,-1.,0.)) ;
#2606=DIRECTION('Vector Direction',(-1.,0.,0.)) ;
#2611=DIRECTION('Vector Direction',(0.,1.,0.)) ;
#2624=DIRECTION('Axis2P3D Direction',(-0.,1.,0.)) ;
#2625=DIRECTION('Axis2P3D XDirection',(1.,0.,0.)) ;
#2629=DIRECTION('Vector Direction',(0.,0.,-1.)) ;
#2636=DIRECTION('Vector Direction',(0.,0.,-1.)) ;
#2643=DIRECTION('Vector Direction',(-1.,0.,0.)) ;
#2655=DIRECTION('Axis2P3D Direction',(0.,-0.907008967748,0.421111306455)) ;
#2656=DIRECTION('Axis2P3D XDirection',(-1.,0.,0.)) ;
#2660=DIRECTION('Vector Direction',(-1.,0.,0.)) ;
#2669=DIRECTION('Vector Direction',(0.,-0.421111306455,-0.907008967748)) ;
#2674=DIRECTION('Vector Direction',(0.,-0.421111306455,-0.907008967748)) ;
#2686=DIRECTION('Vector Direction',(0.,1.,0.)) ;
#2693=DIRECTION('Axis2P3D Direction',(0.,0.,-1.)) ;
#2700=DIRECTION('Vector Direction',(-1.,0.,0.)) ;
#2707=DIRECTION('Vector Direction',(0.,-1.,0.)) ;
#2720=DIRECTION('Axis2P3D Direction',(0.,0.,-1.)) ;
#2721=DIRECTION('Axis2P3D XDirection',(-1.83697019872E-16,1.,-0.)) ;
#2725=DIRECTION('Vector Direction',(0.,0.,-1.)) ;
#2732=DIRECTION('Axis2P3D Direction',(0.,0.,-1.)) ;
#2739=DIRECTION('Vector Direction',(0.,0.,-1.)) ;
#2751=DIRECTION('Vector Direction',(0.,0.421111306455,0.907008967748)) ;
#2760=DIRECTION('Vector Direction',(0.,0.,-1.)) ;
#2767=DIRECTION('Vector Direction',(0.,1.,0.)) ;
#2774=DIRECTION('Vector Direction',(0.,0.,1.)) ;
#2781=DIRECTION('Vector Direction',(0.,1.,0.)) ;
#2794=DIRECTION('Axis2P3D Direction',(0.,0.,-1.)) ;
#2795=DIRECTION('Axis2P3D XDirection',(-0.965925826289,-0.258819045103,0.)) ;
#2799=DIRECTION('Axis2P3D Direction',(-0.,-1.,-0.)) ;
#2806=DIRECTION('Axis2P3D Direction',(0.,0.,-1.)) ;
#2813=DIRECTION('Axis2P3D Direction',(-1.,-5.55111512313E-17,-0.)) ;
#2824=DIRECTION('Axis2P3D Direction',(-0.,-1.,-0.)) ;
#2825=DIRECTION('Axis2P3D XDirection',(-1.,0.,0.)) ;
#2829=DIRECTION('Vector Direction',(0.,0.,1.)) ;
#2834=DIRECTION('Vector Direction',(-1.,0.,0.)) ;
#2839=DIRECTION('Vector Direction',(0.,0.,-1.)) ;
#2846=DIRECTION('Vector Direction',(-1.,0.,0.)) ;
#2851=DIRECTION('Vector Direction',(-1.,0.,0.)) ;
#2858=DIRECTION('Vector Direction',(0.,0.,-1.)) ;
#2865=DIRECTION('Vector Direction',(-1.,0.,0.)) ;
#2885=DIRECTION('Axis2P3D Direction',(1.,-0.,0.)) ;
#2886=DIRECTION('Axis2P3D XDirection',(0.,3.5527136788E-15,-1.)) ;
#2890=DIRECTION('Axis2P3D Direction',(1.,-0.,0.)) ;
#2897=DIRECTION('Axis2P3D Direction',(-0.,-1.,6.68422290266E-15)) ;
#2902=DIRECTION('Axis2P3D Direction',(1.,-0.,0.)) ;
#2914=DIRECTION('Axis2P3D Direction',(0.,0.,1.)) ;
#2915=DIRECTION('Axis2P3D XDirection',(-0.965925826289,0.258819045103,0.)) ;
#2919=DIRECTION('Axis2P3D Direction',(-1.,-1.11022302463E-16,0.)) ;
#2928=DIRECTION('Axis2P3D Direction',(0.,0.,1.)) ;
#2935=DIRECTION('Axis2P3D Direction',(7.21644966006E-16,1.,-0.)) ;
#2946=DIRECTION('Axis2P3D Direction',(0.,0.,1.)) ;
#2947=DIRECTION('Axis2P3D XDirection',(-0.258819045103,-0.965925826289,0.)) ;
#2951=DIRECTION('Axis2P3D Direction',(1.94289029309E-16,-1.,0.)) ;
#2960=DIRECTION('Axis2P3D Direction',(0.,0.,1.)) ;
#2967=DIRECTION('Axis2P3D Direction',(-1.,-2.49800180541E-16,0.)) ;
#2986=DIRECTION('Axis2P3D Direction',(-0.,-1.,-0.)) ;
#2987=DIRECTION('Axis2P3D XDirection',(-1.,0.,0.)) ;
#2991=DIRECTION('Vector Direction',(0.,0.,-1.)) ;
#3000=DIRECTION('Vector Direction',(-1.,0.,0.)) ;
#3007=DIRECTION('Vector Direction',(0.,0.,1.)) ;
#3014=DIRECTION('Vector Direction',(1.,0.,0.)) ;
#3026=DIRECTION('Vector Direction',(1.,0.,0.)) ;
#3031=DIRECTION('Vector Direction',(0.,1.,0.)) ;
#3038=DIRECTION('Vector Direction',(-1.,0.,0.)) ;
#3045=DIRECTION('Vector Direction',(0.,-1.,0.)) ;
#3057=DIRECTION('Axis2P3D Direction',(1.,0.,0.)) ;
#3058=DIRECTION('Axis2P3D XDirection',(-0.,1.83697019872E-16,1.)) ;
#3062=DIRECTION('Vector Direction',(1.,0.,0.)) ;
#3074=DIRECTION('Axis2P3D Direction',(0.,0.,1.)) ;
#3075=DIRECTION('Axis2P3D XDirection',(0.258819045103,0.965925826289,0.)) ;
#3079=DIRECTION('Axis2P3D Direction',(2.49800180541E-16,1.,-0.)) ;
#3086=DIRECTION('Axis2P3D Direction',(0.,0.,1.)) ;
#3093=DIRECTION('Axis2P3D Direction',(1.,-1.94289029309E-16,0.)) ;
#3104=DIRECTION('Vector Direction',(0.,0.,-1.)) ;
#3113=DIRECTION('Vector Direction',(-1.,0.,0.)) ;
#3120=DIRECTION('Vector Direction',(0.,0.,-1.)) ;
#3127=DIRECTION('Vector Direction',(1.,0.,0.)) ;
#3139=DIRECTION('Axis2P3D Direction',(0.,0.,-1.)) ;
#3140=DIRECTION('Axis2P3D XDirection',(0.,-1.,0.)) ;
#3144=DIRECTION('Axis2P3D Direction',(0.,0.,-1.)) ;
#3153=DIRECTION('Vector Direction',(0.,0.,-1.)) ;
#3158=DIRECTION('Vector Direction',(0.,0.,-1.)) ;
#3170=DIRECTION('Axis2P3D Direction',(0.,0.,-1.)) ;
#3171=DIRECTION('Axis2P3D XDirection',(-1.,0.,0.)) ;
#3175=DIRECTION('Axis2P3D Direction',(0.,0.,-1.)) ;
#3184=DIRECTION('Vector Direction',(0.,0.,-1.)) ;
#3189=DIRECTION('Vector Direction',(0.,0.,-1.)) ;
#3201=DIRECTION('Axis2P3D Direction',(0.,0.,-1.)) ;
#3202=DIRECTION('Axis2P3D XDirection',(1.,0.,0.)) ;
#3206=DIRECTION('Axis2P3D Direction',(0.,0.,-1.)) ;
#3215=DIRECTION('Vector Direction',(0.,0.,-1.)) ;
#3220=DIRECTION('Vector Direction',(0.,0.,-1.)) ;
#3232=DIRECTION('Axis2P3D Direction',(-0.,1.,0.)) ;
#3233=DIRECTION('Axis2P3D XDirection',(1.,0.,0.)) ;
#3237=DIRECTION('Vector Direction',(1.,0.,0.)) ;
#3249=DIRECTION('Vector Direction',(0.,-1.,0.)) ;
#3256=DIRECTION('Vector Direction',(0.,-1.,0.)) ;
#3263=DIRECTION('Vector Direction',(0.,0.,-1.)) ;
#3275=DIRECTION('Axis2P3D Direction',(0.,0.,-1.)) ;
#3276=DIRECTION('Axis2P3D XDirection',(0.,1.,0.)) ;
#3280=DIRECTION('Axis2P3D Direction',(0.,0.,-1.)) ;
#3287=DIRECTION('Axis2P3D Direction',(0.,0.,-1.)) ;
#3294=DIRECTION('Vector Direction',(0.,0.,-1.)) ;
#3306=DIRECTION('Axis2P3D Direction',(-0.,-1.,-0.)) ;
#3307=DIRECTION('Axis2P3D XDirection',(-1.,0.,0.)) ;
#3311=DIRECTION('Vector Direction',(-1.,0.,0.)) ;
#3316=DIRECTION('Vector Direction',(-1.,0.,0.)) ;
#3328=DIRECTION('Vector Direction',(0.,1.,0.)) ;
#3333=DIRECTION('Vector Direction',(0.,1.,0.)) ;
#3345=DIRECTION('Axis2P3D Direction',(0.,0.,-1.)) ;
#3346=DIRECTION('Axis2P3D XDirection',(0.,1.,0.)) ;
#3350=DIRECTION('Vector Direction',(0.,0.,-1.)) ;
#3359=DIRECTION('Axis2P3D Direction',(0.,0.,-1.)) ;
#3364=DIRECTION('Axis2P3D Direction',(0.,0.,-1.)) ;
#3376=DIRECTION('Axis2P3D Direction',(0.,-0.,1.)) ;
#3377=DIRECTION('Axis2P3D XDirection',(0.,1.,0.)) ;
#3381=DIRECTION('Vector Direction',(0.,0.,1.)) ;
#3390=DIRECTION('Axis2P3D Direction',(0.,-0.,1.)) ;
#3395=DIRECTION('Axis2P3D Direction',(0.,-0.,1.)) ;
#3407=DIRECTION('Axis2P3D Direction',(-1.,0.,0.)) ;
#3408=DIRECTION('Axis2P3D XDirection',(-0.,-1.83697019872E-16,1.)) ;
#3412=DIRECTION('Vector Direction',(-1.,0.,0.)) ;
#3421=DIRECTION('Axis2P3D Direction',(-1.,0.,0.)) ;
#3426=DIRECTION('Axis2P3D Direction',(-1.,0.,0.)) ;
#3438=DIRECTION('Axis2P3D Direction',(1.,0.,0.)) ;
#3439=DIRECTION('Axis2P3D XDirection',(0.,1.,0.)) ;
#3443=DIRECTION('Vector Direction',(0.,1.,0.)) ;
#3452=DIRECTION('Vector Direction',(0.,0.,1.)) ;
#3459=DIRECTION('Vector Direction',(0.,1.,0.)) ;
#3466=DIRECTION('Vector Direction',(0.,0.,1.)) ;
#3478=DIRECTION('Axis2P3D Direction',(0.,1.,0.)) ;
#3479=DIRECTION('Axis2P3D XDirection',(-0.258819045103,0.,0.965925826289)) ;
#3483=DIRECTION('Axis2P3D Direction',(0.,1.,0.)) ;
#3490=DIRECTION('Axis2P3D Direction',(-2.49800180541E-16,0.,1.)) ;
#3501=DIRECTION('Axis2P3D Direction',(0.,1.,0.)) ;
#3502=DIRECTION('Axis2P3D XDirection',(-0.965925826289,0.,-0.258819045103)) ;
#3506=DIRECTION('Axis2P3D Direction',(0.,1.,0.)) ;
#3513=DIRECTION('Axis2P3D Direction',(-2.77555756156E-17,0.,-1.)) ;
#3524=DIRECTION('Axis2P3D Direction',(-1.,0.,0.)) ;
#3525=DIRECTION('Axis2P3D XDirection',(-0.,-1.83697019872E-16,1.)) ;
#3529=DIRECTION('Vector Direction',(-1.,0.,0.)) ;
#3538=DIRECTION('Axis2P3D Direction',(-1.,0.,0.)) ;
#3543=DIRECTION('Axis2P3D Direction',(-1.,0.,0.)) ;
#3555=DIRECTION('Axis2P3D Direction',(0.,-0.907008967748,0.421111306455)) ;
#3556=DIRECTION('Axis2P3D XDirection',(-1.,0.,0.)) ;
#3560=DIRECTION('Vector Direction',(-1.,0.,0.)) ;
#3567=DIRECTION('Vector Direction',(0.,-0.421111306455,-0.907008967748)) ;
#3574=DIRECTION('Vector Direction',(-1.,0.,0.)) ;
#3586=DIRECTION('Axis2P3D Direction',(0.,0.,-1.)) ;
#3587=DIRECTION('Axis2P3D XDirection',(-0.98639392384,0.164398987259,0.)) ;
#3618=DIRECTION('Vector Direction',(0.,1.,0.)) ;
#3641=DIRECTION('Vector Direction',(-0.986393923832,0.164398987305,0.)) ;
#3648=DIRECTION('Vector Direction',(0.,1.,0.)) ;
#3655=DIRECTION('Vector Direction',(-0.986028501851,0.166576689661,0.)) ;
#3669=DIRECTION('Axis2P3D Direction',(0.16439289667,0.986357380022,0.00860781044989)) ;
#3670=DIRECTION('Axis2P3D XDirection',(-0.986394938899,0.164386581984,0.00144089489107)) ;
#3674=DIRECTION('Vector Direction',(0.,0.00872653549837,-0.999961923064)) ;
#3681=DIRECTION('Vector Direction',(-0.986394938899,0.164386581984,0.00144089489107)) ;
#3688=DIRECTION('Vector Direction',(0.,0.00872653549837,-0.999961923064)) ;
#3700=DIRECTION('Axis2P3D Direction',(1.,-3.55716092687E-15,-9.56890466915E-15)) ;
#3701=DIRECTION('Axis2P3D XDirection',(3.39914790888E-15,0.999961699766,-0.00875208551354)) ;
#3705=DIRECTION('Axis2P3D Direction',(-1.,3.55716092687E-15,9.56890466915E-15)) ;
#3712=DIRECTION('Vector Direction',(0.986395073037,0.164385795673,-0.00143877364632)) ;
#3719=DIRECTION('Axis2P3D Direction',(-1.,3.55716092687E-15,9.56890466915E-15)) ;
#3731=DIRECTION('Axis2P3D Direction',(0.16439289667,-0.986357380022,0.00860781044989)) ;
#3732=DIRECTION('Axis2P3D XDirection',(-0.986393923832,-0.164398987305,-2.84275023809E-13)) ;
#3736=DIRECTION('Vector Direction',(0.,-0.00872653549837,-0.999961923064)) ;
#3743=DIRECTION('Vector Direction',(-0.986393923832,-0.164398987305,-2.84276237074E-13)) ;
#3750=DIRECTION('Vector Direction',(8.26595375876E-15,-0.00872653549837,-0.999961923064)) ;
#3762=DIRECTION('Axis2P3D Direction',(-0.,0.,-1.)) ;
#3763=DIRECTION('Axis2P3D XDirection',(-0.98602850185,-0.166576689661,0.)) ;
#3767=DIRECTION('Vector Direction',(-0.986028501851,-0.166576689661,0.)) ;
#3776=DIRECTION('Vector Direction',(0.,1.,0.)) ;
#3803=DIRECTION('Vector Direction',(0.,1.,0.)) ;
#3938=DIRECTION('Axis2P3D Direction',(1.,0.,0.)) ;
#3939=DIRECTION('Axis2P3D XDirection',(0.,0.965925826289,-0.258819045103)) ;
#3943=DIRECTION('Axis2P3D Direction',(0.,1.,-0.)) ;
#3950=DIRECTION('Axis2P3D Direction',(1.,0.,0.)) ;
#3961=DIRECTION('Axis2P3D Direction',(0.,0.,-1.)) ;
#3962=DIRECTION('Axis2P3D XDirection',(-1.,-1.83697019872E-16,-0.)) ;
#3966=DIRECTION('Vector Direction',(0.,0.,-1.)) ;
#3973=DIRECTION('Axis2P3D Direction',(0.,0.,-1.)) ;
#3985=DIRECTION('Vector Direction',(0.,-1.,0.)) ;
#3998=DIRECTION('Vector Direction',(1.,0.,0.)) ;
#4005=DIRECTION('Vector Direction',(0.,-1.,0.)) ;
#4012=DIRECTION('Axis2P3D Direction',(0.,0.,-1.)) ;
#4025=DIRECTION('Axis2P3D Direction',(0.,0.,-1.)) ;
#4026=DIRECTION('Axis2P3D XDirection',(-1.,-1.83697019872E-16,-0.)) ;
#4030=DIRECTION('Vector Direction',(0.,0.,-1.)) ;
#4037=DIRECTION('Axis2P3D Direction',(0.,0.,-1.)) ;
#4049=DIRECTION('Vector Direction',(0.,0.,-1.)) ;
#4061=DIRECTION('Axis2P3D Direction',(0.,0.,-1.)) ;
#4062=DIRECTION('Axis2P3D XDirection',(0.,1.,0.)) ;
#4066=DIRECTION('Vector Direction',(0.,0.,-1.)) ;
#4073=DIRECTION('Axis2P3D Direction',(0.,0.,-1.)) ;
#4085=DIRECTION('Axis2P3D Direction',(0.,-1.,0.)) ;
#4086=DIRECTION('Axis2P3D XDirection',(0.,0.,-1.)) ;
#4090=DIRECTION('Vector Direction',(0.,0.,-1.)) ;
#4099=DIRECTION('Vector Direction',(1.,0.,0.)) ;
#4106=DIRECTION('Vector Direction',(0.,0.,-1.)) ;
#4113=DIRECTION('Vector Direction',(1.,0.,0.)) ;
#4125=DIRECTION('Axis2P3D Direction',(1.,0.,0.)) ;
#4126=DIRECTION('Axis2P3D XDirection',(-0.,-1.83697019872E-16,-1.)) ;
#4130=DIRECTION('Vector Direction',(1.,0.,0.)) ;
#4139=DIRECTION('Axis2P3D Direction',(1.,0.,0.)) ;
#4144=DIRECTION('Axis2P3D Direction',(1.,0.,0.)) ;
#4156=DIRECTION('Axis2P3D Direction',(0.,1.,0.)) ;
#4157=DIRECTION('Axis2P3D XDirection',(0.258819045103,0.,-0.965925826289)) ;
#4161=DIRECTION('Axis2P3D Direction',(0.,1.,0.)) ;
#4168=DIRECTION('Axis2P3D Direction',(2.77555756156E-17,0.,-1.)) ;
#4179=DIRECTION('Axis2P3D Direction',(0.,1.,0.)) ;
#4180=DIRECTION('Axis2P3D XDirection',(0.965925826289,0.,0.258819045103)) ;
#4184=DIRECTION('Axis2P3D Direction',(0.,1.,0.)) ;
#4191=DIRECTION('Axis2P3D Direction',(-7.21644966006E-16,0.,1.)) ;
#4202=DIRECTION('Axis2P3D Direction',(0.,0.,-1.)) ;
#4203=DIRECTION('Axis2P3D XDirection',(-1.,-1.83697019872E-16,-0.)) ;
#4207=DIRECTION('Vector Direction',(0.,0.,-1.)) ;
#4214=DIRECTION('Axis2P3D Direction',(0.,0.,-1.)) ;
#4226=DIRECTION('Axis2P3D Direction',(0.,1.,0.)) ;
#4227=DIRECTION('Axis2P3D XDirection',(-0.965925826289,0.,-0.258819045103)) ;
#4231=DIRECTION('Axis2P3D Direction',(0.,1.,0.)) ;
#4238=DIRECTION('Axis2P3D Direction',(-1.,0.,2.77555756156E-17)) ;
#4249=DIRECTION('Axis2P3D Direction',(0.,0.,-1.)) ;
#4250=DIRECTION('Axis2P3D XDirection',(0.,1.,0.)) ;
#4254=DIRECTION('Vector Direction',(0.,0.,-1.)) ;
#4261=DIRECTION('Axis2P3D Direction',(0.,0.,-1.)) ;
#4273=DIRECTION('Axis2P3D Direction',(0.,1.,0.)) ;
#4274=DIRECTION('Axis2P3D XDirection',(-0.258819045103,0.,0.965925826289)) ;
#4278=DIRECTION('Axis2P3D Direction',(0.,1.,0.)) ;
#4285=DIRECTION('Axis2P3D Direction',(-1.,0.,-1.66533453694E-16)) ;
#4296=DIRECTION('Axis2P3D Direction',(1.,0.,0.)) ;
#4297=DIRECTION('Axis2P3D XDirection',(0.,1.,0.)) ;
#4301=DIRECTION('Vector Direction',(1.,0.,0.)) ;
#4313=DIRECTION('Axis2P3D Direction',(-1.,0.,0.)) ;
#4314=DIRECTION('Axis2P3D XDirection',(0.,0.,1.)) ;
#4318=DIRECTION('Axis2P3D Direction',(-1.,0.,0.)) ;
#4325=DIRECTION('Vector Direction',(-1.,0.,0.)) ;
#4337=DIRECTION('Axis2P3D Direction',(0.,-1.,0.)) ;
#4338=DIRECTION('Axis2P3D XDirection',(1.,0.,0.)) ;
#4342=DIRECTION('Vector Direction',(0.,-1.,0.)) ;
#4349=DIRECTION('Vector Direction',(0.,-1.,0.)) ;
#4370=DIRECTION('Axis2P3D Direction',(0.,1.,0.)) ;
#4371=DIRECTION('Axis2P3D XDirection',(1.,-0.,1.83697019872E-16)) ;
#4395=DIRECTION('Vector Direction',(0.,1.,0.)) ;
#4637=DIRECTION('Axis2P3D Direction',(0.,1.,0.)) ;
#4638=DIRECTION('Axis2P3D XDirection',(0.,0.,1.)) ;
#4662=DIRECTION('Vector Direction',(0.,1.,0.)) ;
#4904=DIRECTION('Axis2P3D Direction',(0.,-0.,1.)) ;
#4905=DIRECTION('Axis2P3D XDirection',(1.,-1.83697019872E-16,-0.)) ;
#4909=DIRECTION('Vector Direction',(0.,0.,1.)) ;
#4921=DIRECTION('Axis2P3D Direction',(0.,0.,1.)) ;
#4922=DIRECTION('Axis2P3D XDirection',(0.,-1.,0.)) ;
#4926=DIRECTION('Vector Direction',(0.,0.,1.)) ;
#4938=DIRECTION('Axis2P3D Direction',(0.,0.,1.)) ;
#4939=DIRECTION('Axis2P3D XDirection',(1.,0.,0.)) ;
#4943=DIRECTION('Vector Direction',(0.,1.,0.)) ;
#4950=DIRECTION('Vector Direction',(1.,0.,0.)) ;
#4957=DIRECTION('Vector Direction',(0.,1.,0.)) ;
#4969=DIRECTION('Axis2P3D Direction',(0.,1.,0.)) ;
#4970=DIRECTION('Axis2P3D XDirection',(0.,0.,1.)) ;
#4974=DIRECTION('Vector Direction',(0.,1.,0.)) ;
#4981=DIRECTION('Axis2P3D Direction',(0.,1.,0.)) ;
#4993=DIRECTION('Axis2P3D Direction',(0.,1.,0.)) ;
#4994=DIRECTION('Axis2P3D XDirection',(-1.,0.,0.)) ;
#4998=DIRECTION('Axis2P3D Direction',(0.,1.,0.)) ;
#5005=DIRECTION('Vector Direction',(0.,1.,0.)) ;
#5017=DIRECTION('Vector Direction',(0.,1.,0.)) ;
#5024=DIRECTION('Vector Direction',(1.,0.,0.)) ;
#5031=DIRECTION('Vector Direction',(0.,1.,0.)) ;
#5043=DIRECTION('Axis2P3D Direction',(0.,1.,0.)) ;
#5044=DIRECTION('Axis2P3D XDirection',(0.,0.,1.)) ;
#5048=DIRECTION('Axis2P3D Direction',(0.,1.,0.)) ;
#5053=DIRECTION('Vector Direction',(0.,1.,0.)) ;
#5060=DIRECTION('Axis2P3D Direction',(0.,1.,0.)) ;
#5072=DIRECTION('Axis2P3D Direction',(0.,1.,0.)) ;
#5073=DIRECTION('Axis2P3D XDirection',(-1.,0.,0.)) ;
#5077=DIRECTION('Axis2P3D Direction',(0.,1.,0.)) ;
#5082=DIRECTION('Axis2P3D Direction',(0.,1.,0.)) ;
#5089=DIRECTION('Vector Direction',(0.,1.,0.)) ;
#5101=DIRECTION('Axis2P3D Direction',(1.,-0.,0.)) ;
#5102=DIRECTION('Axis2P3D XDirection',(0.,0.,-1.)) ;
#5106=DIRECTION('Vector Direction',(0.,1.,0.)) ;
#5113=DIRECTION('Vector Direction',(0.,0.,-1.)) ;
#5125=DIRECTION('Axis2P3D Direction',(-0.,1.,0.)) ;
#5126=DIRECTION('Axis2P3D XDirection',(1.,0.,0.)) ;
#5130=DIRECTION('Axis2P3D Direction',(-0.,1.,0.)) ;
#5137=DIRECTION('Vector Direction',(0.,1.,0.)) ;
#5144=DIRECTION('Axis2P3D Direction',(-0.,1.,0.)) ;
#5156=DIRECTION('Axis2P3D Direction',(1.,-0.,0.)) ;
#5157=DIRECTION('Axis2P3D XDirection',(0.,0.,-1.)) ;
#5161=DIRECTION('Vector Direction',(0.,0.,-1.)) ;
#5168=DIRECTION('Vector Direction',(0.,1.,0.)) ;
#5175=DIRECTION('Vector Direction',(0.,0.,-1.)) ;
#5187=DIRECTION('Axis2P3D Direction',(0.,1.,0.)) ;
#5188=DIRECTION('Axis2P3D XDirection',(0.,0.,-1.)) ;
#5192=DIRECTION('Axis2P3D Direction',(0.,1.,0.)) ;
#5199=DIRECTION('Axis2P3D Direction',(0.,1.,0.)) ;
#5206=DIRECTION('Vector Direction',(0.,1.,0.)) ;
#5218=DIRECTION('Axis2P3D Direction',(0.,0.,-1.)) ;
#5219=DIRECTION('Axis2P3D XDirection',(-1.,0.,0.)) ;
#5223=DIRECTION('Vector Direction',(-1.,0.,0.)) ;
#5232=DIRECTION('Vector Direction',(0.,1.,0.)) ;
#5239=DIRECTION('Vector Direction',(-1.,0.,0.)) ;
#5246=DIRECTION('Vector Direction',(0.,1.,0.)) ;
#5258=DIRECTION('Axis2P3D Direction',(-0.,1.,0.)) ;
#5259=DIRECTION('Axis2P3D XDirection',(1.,0.,0.)) ;
#5263=DIRECTION('Axis2P3D Direction',(-0.,1.,0.)) ;
#5268=DIRECTION('Axis2P3D Direction',(-0.,1.,0.)) ;
#5275=DIRECTION('Vector Direction',(0.,1.,0.)) ;
#5287=DIRECTION('Axis2P3D Direction',(0.,1.,0.)) ;
#5288=DIRECTION('Axis2P3D XDirection',(0.,0.,-1.)) ;
#5292=DIRECTION('Axis2P3D Direction',(0.,1.,0.)) ;
#5297=DIRECTION('Vector Direction',(0.,1.,0.)) ;
#5304=DIRECTION('Axis2P3D Direction',(0.,1.,0.)) ;
#5316=DIRECTION('Axis2P3D Direction',(-1.,0.,0.)) ;
#5317=DIRECTION('Axis2P3D XDirection',(0.,0.,1.)) ;
#5321=DIRECTION('Vector Direction',(0.,0.,1.)) ;
#5333=DIRECTION('Axis2P3D Direction',(-1.,0.,0.)) ;
#5334=DIRECTION('Axis2P3D XDirection',(0.,0.,1.)) ;
#5338=DIRECTION('Vector Direction',(0.,0.,1.)) ;
#5350=DIRECTION('Vector Direction',(-1.,0.,0.)) ;
#5355=DIRECTION('Vector Direction',(-1.,0.,0.)) ;
#5367=DIRECTION('Axis2P3D Direction',(1.,0.,0.)) ;
#5368=DIRECTION('Axis2P3D XDirection',(0.,-1.,0.)) ;
#5372=DIRECTION('Axis2P3D Direction',(1.,0.,0.)) ;
#5379=DIRECTION('Vector Direction',(0.,0.,-1.)) ;
#5386=DIRECTION('Axis2P3D Direction',(1.,0.,0.)) ;
#5393=DIRECTION('Vector Direction',(0.,-1.,0.)) ;
#5504=DIRECTION('Axis2P3D Direction',(0.,1.,0.)) ;
#5505=DIRECTION('Axis2P3D XDirection',(1.83697019872E-16,0.,-1.)) ;
#5509=DIRECTION('Vector Direction',(0.,1.,0.)) ;
#5521=DIRECTION('Axis2P3D Direction',(-1.,0.,0.)) ;
#5522=DIRECTION('Axis2P3D XDirection',(0.,1.,0.)) ;
#5533=DIRECTION('Axis2P3D Direction',(0.,-1.,0.)) ;
#5534=DIRECTION('Axis2P3D XDirection',(-1.83697019872E-16,-0.,-1.)) ;
#5552=DIRECTION('Axis2P3D Direction',(-0.,-1.,-0.)) ;
#5553=DIRECTION('Axis2P3D XDirection',(-1.,0.,0.)) ;
#5557=DIRECTION('Vector Direction',(-0.0873837477148,0.,-0.996174723949)) ;
#5562=DIRECTION('Vector Direction',(1.,0.,0.)) ;
#5569=DIRECTION('Vector Direction',(0.,0.,1.)) ;
#5582=DIRECTION('Axis2P3D Direction',(-1.,0.,0.)) ;
#5583=DIRECTION('Axis2P3D XDirection',(0.,0.,1.)) ;
#5587=DIRECTION('Vector Direction',(0.,1.,0.)) ;
#5594=DIRECTION('Vector Direction',(0.,0.,1.)) ;
#5606=DIRECTION('Axis2P3D Direction',(-0.,-1.,-0.)) ;
#5607=DIRECTION('Axis2P3D XDirection',(-1.,0.,0.)) ;
#5611=DIRECTION('Vector Direction',(1.,0.,0.)) ;
#5616=DIRECTION('Vector Direction',(-0.0873837477148,0.,-0.996174723949)) ;
#5629=DIRECTION('Axis2P3D Direction',(0.996174723949,0.,-0.0873837477148)) ;
#5630=DIRECTION('Axis2P3D XDirection',(-0.0873837477148,0.,-0.996174723949)) ;
#5641=DIRECTION('Vector Direction',(0.,0.,-1.)) ;
#5648=DIRECTION('Vector Direction',(1.,0.,0.)) ;
#5653=DIRECTION('Vector Direction',(-0.0873837477148,0.,0.996174723949)) ;
#5666=DIRECTION('Axis2P3D Direction',(-0.996174723949,0.,-0.0873837477148)) ;
#5667=DIRECTION('Axis2P3D XDirection',(-0.0873837477148,0.,0.996174723949)) ;
#5671=DIRECTION('Vector Direction',(-0.0873837477148,0.,0.996174723949)) ;
#5683=DIRECTION('Vector Direction',(1.,0.,0.)) ;
#5690=DIRECTION('Vector Direction',(0.,0.,-1.)) ;
#5703=DIRECTION('Axis2P3D Direction',(1.,-0.,0.)) ;
#5704=DIRECTION('Axis2P3D XDirection',(0.,0.,-1.)) ;
#5708=DIRECTION('Vector Direction',(0.,1.,0.)) ;
#5720=DIRECTION('Axis2P3D Direction',(0.,1.,0.)) ;
#5721=DIRECTION('Axis2P3D XDirection',(-1.,0.,0.)) ;
#5732=DIRECTION('Axis2P3D Direction',(0.,0.,1.)) ;
#5733=DIRECTION('Axis2P3D XDirection',(0.965925826289,-0.258819045103,0.)) ;
#5737=DIRECTION('Axis2P3D Direction',(1.,1.94289029309E-16,-0.)) ;
#5742=DIRECTION('Axis2P3D Direction',(2.49800180541E-16,-1.,0.)) ;
#5753=DIRECTION('Axis2P3D Direction',(-2.60208521397E-18,0.00872653549837,-0.999961923064)) ;
#5754=DIRECTION('Axis2P3D XDirection',(-0.16439289667,-0.986357380022,-0.00860781044989)) ;
#5758=DIRECTION('Vector Direction',(0.,0.00872653549837,-0.999961923064)) ;
#5765=DIRECTION('Axis2P3D Direction',(-2.60208521397E-18,0.00872653549837,-0.999961923064)) ;
#5777=DIRECTION('Axis2P3D Direction',(-1.,8.9333596264E-16,-1.72703132173E-15)) ;
#5778=DIRECTION('Axis2P3D XDirection',(-1.6635245922E-15,5.71836578568E-16,1.)) ;
#5782=DIRECTION('Axis2P3D Direction',(-1.71914662329E-15,0.00875208551354,0.999961699766)) ;
#5789=DIRECTION('Axis2P3D Direction',(-1.,8.9333596264E-16,-1.72703132173E-15)) ;
#5801=DIRECTION('Axis2P3D Direction',(-1.88651178012E-17,-0.00872653549837,-0.999961923064)) ;
#5802=DIRECTION('Axis2P3D XDirection',(-1.,-2.22044604925E-16,2.08166817117E-17)) ;
#5806=DIRECTION('Vector Direction',(0.,-0.00872653549837,-0.999961923064)) ;
#5818=DIRECTION('Axis2P3D Direction',(0.,-1.,0.)) ;
#5819=DIRECTION('Axis2P3D XDirection',(1.,0.,0.)) ;
#5830=DIRECTION('Axis2P3D Direction',(-1.,0.,0.)) ;
#5831=DIRECTION('Axis2P3D XDirection',(-0.,-1.83697019872E-16,1.)) ;
#5842=DIRECTION('Axis2P3D Direction',(1.,0.,0.)) ;
#5843=DIRECTION('Axis2P3D XDirection',(-0.,-1.83697019872E-16,-1.)) ;
#5847=DIRECTION('Axis2P3D Direction',(1.,0.,0.)) ;
#5852=DIRECTION('Axis2P3D Direction',(1.,0.,0.)) ;
#5864=DIRECTION('Axis2P3D Direction',(0.,0.,-1.)) ;
#5865=DIRECTION('Axis2P3D XDirection',(-8.881784197E-16,-1.,0.)) ;
#5869=DIRECTION('Axis2P3D Direction',(9.49410759657E-16,-1.,0.)) ;
#5874=DIRECTION('Axis2P3D Direction',(1.,-1.7763568394E-15,0.)) ;
#5886=DIRECTION('Axis2P3D Direction',(0.,0.,-1.)) ;
#5887=DIRECTION('Axis2P3D XDirection',(-1.,1.33226762955E-15,0.)) ;
#5891=DIRECTION('Axis2P3D Direction',(-1.,-1.83758917936E-15,-0.)) ;
#5896=DIRECTION('Axis2P3D Direction',(8.881784197E-16,-1.,0.)) ;
#5908=DIRECTION('Axis2P3D Direction',(0.,0.,-1.)) ;
#5909=DIRECTION('Axis2P3D XDirection',(1.,-8.881784197E-16,0.)) ;
#5913=DIRECTION('Axis2P3D Direction',(1.,6.12323399574E-17,0.)) ;
#5918=DIRECTION('Axis2P3D Direction',(-1.7763568394E-15,1.,0.)) ;
#5930=DIRECTION('Axis2P3D Direction',(1.,0.,0.)) ;
#5931=DIRECTION('Axis2P3D XDirection',(-0.,-1.83697019872E-16,-1.)) ;
#5942=DIRECTION('Axis2P3D Direction',(0.,-1.,0.)) ;
#5943=DIRECTION('Axis2P3D XDirection',(-1.,0.,0.)) ;
#5947=DIRECTION('Axis2P3D Direction',(0.,-1.,0.)) ;
#5959=DIRECTION('Axis2P3D Direction',(0.,0.,-1.)) ;
#5960=DIRECTION('Axis2P3D XDirection',(-4.4408920985E-16,1.,0.)) ;
#5964=DIRECTION('Axis2P3D Direction',(-1.,-8.881784197E-16,-0.)) ;
#5976=DIRECTION('Axis2P3D Direction',(-1.,0.,0.)) ;
#5977=DIRECTION('Axis2P3D XDirection',(-0.,1.83697019872E-16,-1.)) ;
#5988=DIRECTION('Axis2P3D Direction',(-0.,1.,0.)) ;
#5989=DIRECTION('Axis2P3D XDirection',(1.,0.,0.)) ;
#6000=DIRECTION('Axis2P3D Direction',(0.,1.,0.)) ;
#6001=DIRECTION('Axis2P3D XDirection',(-0.258819045103,0.,0.965925826289)) ;
#6011=DIRECTION('Axis2P3D Direction',(1.,-0.,0.)) ;
#6012=DIRECTION('Axis2P3D XDirection',(0.,0.,-1.)) ;
#6016=DIRECTION('Vector Direction',(0.,1.,0.)) ;
#6025=DIRECTION('Vector Direction',(0.,0.,-1.)) ;
#6032=DIRECTION('Vector Direction',(0.,1.,0.)) ;
#6039=DIRECTION('Vector Direction',(0.,0.,-1.)) ;
#6051=DIRECTION('Vector Direction',(0.,-1.,0.)) ;
#6058=DIRECTION('Vector Direction',(-1.,0.,0.)) ;
#6063=DIRECTION('Vector Direction',(-1.,0.,0.)) ;
#6070=DIRECTION('Vector Direction',(0.,-1.,0.)) ;
#6086=DIRECTION('Axis2P3D Direction',(-1.,0.,0.)) ;
#6087=DIRECTION('Axis2P3D XDirection',(0.,0.,1.)) ;
#6091=DIRECTION('Vector Direction',(0.,1.,0.)) ;
#6100=DIRECTION('Vector Direction',(0.,0.,1.)) ;
#6107=DIRECTION('Vector Direction',(0.,1.,0.)) ;
#6114=DIRECTION('Vector Direction',(0.,0.,1.)) ;
#6126=DIRECTION('Vector Direction',(0.,1.,0.)) ;
#6133=DIRECTION('Vector Direction',(-1.,0.,0.)) ;
#6138=DIRECTION('Vector Direction',(-1.,0.,0.)) ;
#6145=DIRECTION('Vector Direction',(0.,1.,0.)) ;
#6161=DIRECTION('Axis2P3D Direction',(0.,1.,0.)) ;
#6162=DIRECTION('Axis2P3D XDirection',(0.258819045103,0.,-0.965925826289)) ;
#6166=DIRECTION('Axis2P3D Direction',(1.,-0.,2.77555756156E-16)) ;
#6177=DIRECTION('Axis2P3D Direction',(0.,1.,0.)) ;
#6178=DIRECTION('Axis2P3D XDirection',(-0.965925826289,0.,-0.258819045103)) ;
#6188=DIRECTION('Axis2P3D Direction',(0.,0.,-1.)) ;
#6189=DIRECTION('Axis2P3D XDirection',(-1.,2.6645352591E-14,0.)) ;
#6193=DIRECTION('Axis2P3D Direction',(-3.15544362088E-30,-1.,-0.)) ;
#6200=DIRECTION('Axis2P3D Direction',(0.,0.,-1.)) ;
#6212=DIRECTION('Axis2P3D Direction',(-1.,0.,0.)) ;
#6213=DIRECTION('Axis2P3D XDirection',(0.,1.,0.)) ;
#6217=DIRECTION('Vector Direction',(0.,1.,0.)) ;
#6247=DIRECTION('Axis2P3D Direction',(0.,0.,-1.)) ;
#6248=DIRECTION('Axis2P3D XDirection',(-1.,-1.83697019872E-16,-0.)) ;
#6252=DIRECTION('Axis2P3D Direction',(0.,0.,-1.)) ;
#6264=DIRECTION('Axis2P3D Direction',(0.,1.,0.)) ;
#6265=DIRECTION('Axis2P3D XDirection',(0.965925826289,0.,0.258819045103)) ;
#6275=DIRECTION('Vector Direction',(0.,0.,-1.)) ;
#6282=DIRECTION('Vector Direction',(1.,0.,0.)) ;
#6294=DIRECTION('Axis2P3D Direction',(-0.,0.907008967748,0.421111306455)) ;
#6295=DIRECTION('Axis2P3D XDirection',(1.,0.,0.)) ;
#6299=DIRECTION('Vector Direction',(1.,0.,0.)) ;
#6306=DIRECTION('Vector Direction',(0.,0.421111306455,-0.907008967748)) ;
#6318=DIRECTION('Axis2P3D Direction',(0.,0.,-1.)) ;
#6325=DIRECTION('Vector Direction',(0.,1.,0.)) ;
#6338=DIRECTION('Axis2P3D Direction',(0.,0.,-1.)) ;
#6339=DIRECTION('Axis2P3D XDirection',(1.,1.83697019872E-16,0.)) ;
#6343=DIRECTION('Axis2P3D Direction',(0.,0.,-1.)) ;
#6350=DIRECTION('Vector Direction',(0.,0.,-1.)) ;
#6362=DIRECTION('Axis2P3D Direction',(1.,-0.,0.)) ;
#6363=DIRECTION('Axis2P3D XDirection',(0.,-1.,0.)) ;
#6367=DIRECTION('Axis2P3D Direction',(-0.,-1.,6.12323399574E-17)) ;
#6374=DIRECTION('Axis2P3D Direction',(1.,-0.,0.)) ;
#6386=DIRECTION('Axis2P3D Direction',(0.,-1.,0.)) ;
#6387=DIRECTION('Axis2P3D XDirection',(0.,0.,-1.)) ;
#6391=DIRECTION('Vector Direction',(0.,-1.,0.)) ;
#6412=DIRECTION('Axis2P3D Direction',(0.,0.,1.)) ;
#6413=DIRECTION('Axis2P3D XDirection',(1.,0.,0.)) ;
#6417=DIRECTION('Vector Direction',(0.,1.,0.)) ;
#6424=DIRECTION('Vector Direction',(1.,0.,0.)) ;
#6431=DIRECTION('Vector Direction',(0.,1.,0.)) ;
#6443=DIRECTION('Axis2P3D Direction',(0.,1.,0.)) ;
#6444=DIRECTION('Axis2P3D XDirection',(0.,0.,-1.)) ;
#6448=DIRECTION('Vector Direction',(0.,1.,0.)) ;
#6455=DIRECTION('Axis2P3D Direction',(0.,1.,0.)) ;
#6467=DIRECTION('Axis2P3D Direction',(-0.,1.,0.)) ;
#6468=DIRECTION('Axis2P3D XDirection',(1.,0.,0.)) ;
#6472=DIRECTION('Axis2P3D Direction',(-0.,1.,0.)) ;
#6479=DIRECTION('Vector Direction',(0.,1.,0.)) ;
#6491=DIRECTION('Axis2P3D Direction',(-1.,0.,0.)) ;
#6492=DIRECTION('Axis2P3D XDirection',(0.,0.,1.)) ;
#6496=DIRECTION('Vector Direction',(0.,1.,0.)) ;
#6503=DIRECTION('Vector Direction',(0.,0.,1.)) ;
#6515=DIRECTION('Axis2P3D Direction',(0.,1.,0.)) ;
#6516=DIRECTION('Axis2P3D XDirection',(-1.,0.,0.)) ;
#6520=DIRECTION('Vector Direction',(0.,1.,0.)) ;
#6527=DIRECTION('Axis2P3D Direction',(0.,1.,0.)) ;
#6539=DIRECTION('Axis2P3D Direction',(1.,-0.,0.)) ;
#6540=DIRECTION('Axis2P3D XDirection',(0.,0.,-1.)) ;
#6544=DIRECTION('Vector Direction',(0.,0.,-1.)) ;
#6551=DIRECTION('Vector Direction',(0.,1.,0.)) ;
#6563=DIRECTION('Axis2P3D Direction',(0.,1.,0.)) ;
#6564=DIRECTION('Axis2P3D XDirection',(0.,0.,1.)) ;
#6568=DIRECTION('Axis2P3D Direction',(0.,1.,0.)) ;
#6575=DIRECTION('Vector Direction',(0.,1.,0.)) ;
#6587=DIRECTION('Axis2P3D Direction',(0.,0.,-1.)) ;
#6588=DIRECTION('Axis2P3D XDirection',(-1.,0.,0.)) ;
#6592=DIRECTION('Vector Direction',(-1.,0.,0.)) ;
#6604=DIRECTION('Axis2P3D Direction',(-0.,-1.,-0.)) ;
#6605=DIRECTION('Axis2P3D XDirection',(-1.,0.,0.)) ;
#6609=DIRECTION('Vector Direction',(-1.,0.,0.)) ;
#6616=DIRECTION('Vector Direction',(-1.,0.,0.)) ;
#6623=DIRECTION('Vector Direction',(0.,0.,1.)) ;
#6635=DIRECTION('Axis2P3D Direction',(-1.,0.,0.)) ;
#6636=DIRECTION('Axis2P3D XDirection',(0.,0.,1.)) ;
#6640=DIRECTION('Axis2P3D Direction',(-1.,0.,0.)) ;
#6647=DIRECTION('Vector Direction',(-1.,0.,0.)) ;
#6660=DIRECTION('Axis2P3D Direction',(0.,0.,-1.)) ;
#6661=DIRECTION('Axis2P3D XDirection',(-1.,0.,0.)) ;
#6665=DIRECTION('Vector Direction',(0.,1.,0.)) ;
#6691=DIRECTION('Vector Direction',(1.,0.,0.)) ;
#6698=DIRECTION('Vector Direction',(0.,-1.,0.)) ;
#6714=DIRECTION('Axis2P3D Direction',(-0.,0.,1.)) ;
#6715=DIRECTION('Axis2P3D XDirection',(0.,-1.,0.)) ;
#6719=DIRECTION('Vector Direction',(1.,0.,0.)) ;
#6726=DIRECTION('Vector Direction',(0.,-1.,0.)) ;
#6733=DIRECTION('Vector Direction',(1.,0.,0.)) ;
#6745=DIRECTION('Axis2P3D Direction',(1.,0.,0.)) ;
#6746=DIRECTION('Axis2P3D XDirection',(-0.,-1.83697019872E-16,-1.)) ;
#6750=DIRECTION('Axis2P3D Direction',(1.,0.,0.)) ;
#6757=DIRECTION('Vector Direction',(1.,0.,0.)) ;
#6769=DIRECTION('Axis2P3D Direction',(1.,0.,0.)) ;
#6770=DIRECTION('Axis2P3D XDirection',(0.,-1.,1.83697019872E-16)) ;
#6774=DIRECTION('Vector Direction',(1.,0.,0.)) ;
#6781=DIRECTION('Axis2P3D Direction',(1.,0.,0.)) ;
#6793=DIRECTION('Axis2P3D Direction',(0.,0.,-1.)) ;
#6794=DIRECTION('Axis2P3D XDirection',(0.,1.,0.)) ;
#6798=DIRECTION('Vector Direction',(1.,0.,0.)) ;
#6805=DIRECTION('Vector Direction',(0.,1.,0.)) ;
#6812=DIRECTION('Vector Direction',(1.,0.,0.)) ;
#6824=DIRECTION('Axis2P3D Direction',(1.,0.,-0.)) ;
#6825=DIRECTION('Axis2P3D XDirection',(-0.,1.,-1.83697019872E-16)) ;
#6829=DIRECTION('Vector Direction',(1.,0.,0.)) ;
#6836=DIRECTION('Axis2P3D Direction',(1.,0.,-0.)) ;
#6848=DIRECTION('Axis2P3D Direction',(1.,0.,0.)) ;
#6849=DIRECTION('Axis2P3D XDirection',(-0.,1.83697019872E-16,1.)) ;
#6853=DIRECTION('Axis2P3D Direction',(1.,0.,0.)) ;
#6860=DIRECTION('Vector Direction',(1.,0.,0.)) ;
#6872=DIRECTION('Axis2P3D Direction',(0.,1.,0.)) ;
#6873=DIRECTION('Axis2P3D XDirection',(0.,0.,1.)) ;
#6877=DIRECTION('Vector Direction',(0.,0.,1.)) ;
#6889=DIRECTION('Axis2P3D Direction',(0.,-1.,0.)) ;
#6890=DIRECTION('Axis2P3D XDirection',(0.,0.,-1.)) ;
#6894=DIRECTION('Vector Direction',(0.,0.,1.)) ;
#6926=DIRECTION('Axis2P3D Direction',(-1.,0.,0.)) ;
#6927=DIRECTION('Axis2P3D XDirection',(0.,1.,0.)) ;
#6931=DIRECTION('Axis2P3D Direction',(-1.,0.,0.)) ;
#6944=DIRECTION('Axis2P3D Direction',(-1.,0.,0.)) ;
#6945=DIRECTION('Axis2P3D XDirection',(0.,1.,0.)) ;
#6958=DIRECTION('Axis2P3D Direction',(1.,0.,0.)) ;
#6959=DIRECTION('Axis2P3D XDirection',(0.,-1.,0.)) ;
#6963=DIRECTION('Axis2P3D Direction',(1.,0.,0.)) ;
#6970=DIRECTION('Axis2P3D Direction',(1.,0.,0.)) ;
#6977=DIRECTION('Vector Direction',(1.,0.,0.)) ;
#6990=DIRECTION('Axis2P3D Direction',(0.,0.,-1.)) ;
#6991=DIRECTION('Axis2P3D XDirection',(1.36187357687E-13,-1.,0.)) ;
#6995=DIRECTION('Axis2P3D Direction',(1.,5.40988833063E-16,0.)) ;
#7002=DIRECTION('Axis2P3D Direction',(0.,0.,-1.)) ;
#7009=DIRECTION('Axis2P3D Direction',(-7.13402308227E-14,-1.,-0.)) ;
#7021=DIRECTION('Axis2P3D Direction',(1.,0.,-0.)) ;
#7022=DIRECTION('Axis2P3D XDirection',(0.,0.,1.)) ;
#7026=DIRECTION('Vector Direction',(1.,0.,0.)) ;
#7033=DIRECTION('Axis2P3D Direction',(1.,0.,-0.)) ;
#7045=DIRECTION('Axis2P3D Direction',(-1.,0.,0.)) ;
#7046=DIRECTION('Axis2P3D XDirection',(0.,-1.,0.)) ;
#7050=DIRECTION('Vector Direction',(0.,0.,1.)) ;
#7057=DIRECTION('Vector Direction',(0.,-1.,0.)) ;
#7070=DIRECTION('Axis2P3D Direction',(0.,1.,-0.)) ;
#7071=DIRECTION('Axis2P3D XDirection',(-1.,0.,0.)) ;
#7075=DIRECTION('Vector Direction',(0.,0.,1.)) ;
#7082=DIRECTION('Vector Direction',(-1.,0.,0.)) ;
#7094=DIRECTION('Axis2P3D Direction',(-1.,0.,0.)) ;
#7095=DIRECTION('Axis2P3D XDirection',(0.,-1.,0.)) ;
#7099=DIRECTION('Vector Direction',(0.,-1.,0.)) ;
#7106=DIRECTION('Vector Direction',(0.,0.,1.)) ;
#7119=DIRECTION('Axis2P3D Direction',(0.,-1.,0.)) ;
#7120=DIRECTION('Axis2P3D XDirection',(1.,0.,0.)) ;
#7124=DIRECTION('Vector Direction',(0.421111306455,0.,-0.907008967748)) ;
#7131=DIRECTION('Vector Direction',(1.,0.,0.)) ;
#7144=DIRECTION('Axis2P3D Direction',(0.907008967748,-0.,0.421111306455)) ;
#7145=DIRECTION('Axis2P3D XDirection',(0.421111306455,0.,-0.907008967748)) ;
#7149=DIRECTION('Vector Direction',(0.,1.,0.)) ;
#7156=DIRECTION('Vector Direction',(0.421111306455,0.,-0.907008967748)) ;
#7168=DIRECTION('Axis2P3D Direction',(0.,-1.,0.)) ;
#7169=DIRECTION('Axis2P3D XDirection',(1.,0.,0.)) ;
#7173=DIRECTION('Vector Direction',(1.,0.,0.)) ;
#7180=DIRECTION('Vector Direction',(0.,0.,1.)) ;
#7193=DIRECTION('Vector Direction',(0.,-1.,0.)) ;
#7200=DIRECTION('Vector Direction',(0.,0.,1.)) ;
#7213=DIRECTION('Axis2P3D Direction',(0.,-1.,0.)) ;
#7214=DIRECTION('Axis2P3D XDirection',(1.,0.,0.)) ;
#7218=DIRECTION('Vector Direction',(0.,0.,1.)) ;
#7225=DIRECTION('Vector Direction',(1.,0.,0.)) ;
#7237=DIRECTION('Axis2P3D Direction',(1.,0.,0.)) ;
#7238=DIRECTION('Axis2P3D XDirection',(0.,1.,0.)) ;
#7242=DIRECTION('Vector Direction',(0.,1.,0.)) ;
#7249=DIRECTION('Vector Direction',(0.,0.,1.)) ;
#7262=DIRECTION('Vector Direction',(0.421111306455,0.,0.907008967748)) ;
#7269=DIRECTION('Vector Direction',(1.,0.,0.)) ;
#7282=DIRECTION('Axis2P3D Direction',(-0.907008967748,0.,0.421111306455)) ;
#7283=DIRECTION('Axis2P3D XDirection',(0.421111306455,0.,0.907008967748)) ;
#7287=DIRECTION('Vector Direction',(0.421111306455,0.,0.907008967748)) ;
#7294=DIRECTION('Vector Direction',(0.,1.,0.)) ;
#7306=DIRECTION('Vector Direction',(0.,0.,1.)) ;
#7313=DIRECTION('Vector Direction',(1.,0.,0.)) ;
#7326=DIRECTION('Vector Direction',(0.,1.,0.)) ;
#7333=DIRECTION('Vector Direction',(0.,0.,1.)) ;
#7346=DIRECTION('Vector Direction',(-1.,0.,0.)) ;
#7358=DIRECTION('Axis2P3D Direction',(0.,1.,0.)) ;
#7359=DIRECTION('Axis2P3D XDirection',(0.965925826289,0.,0.258819045103)) ;
#7363=DIRECTION('Axis2P3D Direction',(1.,0.,-1.94289029309E-16)) ;
#7374=DIRECTION('Axis2P3D Direction',(1.,0.,0.)) ;
#7375=DIRECTION('Axis2P3D XDirection',(-0.,-1.83697019872E-16,-1.)) ;
#7386=DIRECTION('Axis2P3D Direction',(1.,0.,0.)) ;
#7387=DIRECTION('Axis2P3D XDirection',(0.,-1.,0.)) ;
#7391=DIRECTION('Axis2P3D Direction',(1.,0.,0.)) ;
#7422=DIRECTION('Axis2P3D Direction',(-1.,0.,0.)) ;
#7423=DIRECTION('Axis2P3D XDirection',(0.,-1.,0.)) ;
#7427=DIRECTION('Vector Direction',(-1.,0.,0.)) ;
#7434=DIRECTION('Vector Direction',(-1.,0.,0.)) ;
#7441=DIRECTION('Axis2P3D Direction',(-1.,0.,0.)) ;
#7453=DIRECTION('Axis2P3D Direction',(-1.,0.,0.)) ;
#7454=DIRECTION('Axis2P3D XDirection',(0.,-1.,0.)) ;
#7494=DIRECTION('Axis2P3D Direction',(0.,1.,0.)) ;
#7495=DIRECTION('Axis2P3D XDirection',(-1.,-0.,-1.83697019872E-16)) ;
#7499=DIRECTION('Vector Direction',(0.,1.,0.)) ;
#7517=DIRECTION('Vector Direction',(0.,1.,0.)) ;
#7533=DIRECTION('Axis2P3D Direction',(-1.,0.,0.)) ;
#7534=DIRECTION('Axis2P3D XDirection',(0.,-1.,0.)) ;
#7538=DIRECTION('Axis2P3D Direction',(-1.,0.,0.)) ;
#7559=DIRECTION('Axis2P3D Direction',(-1.,0.,0.)) ;
#7560=DIRECTION('Axis2P3D XDirection',(0.,-1.,0.)) ;
#7564=DIRECTION('Vector Direction',(-1.,0.,0.)) ;
#7571=DIRECTION('Axis2P3D Direction',(-1.,0.,0.)) ;
#7583=DIRECTION('Axis2P3D Direction',(-1.,0.,0.)) ;
#7584=DIRECTION('Axis2P3D XDirection',(0.,-1.,-4.4408920985E-16)) ;
#7588=DIRECTION('Axis2P3D Direction',(-1.,0.,0.)) ;
#7619=DIRECTION('Vector Direction',(-1.,0.,0.)) ;
#7626=DIRECTION('Axis2P3D Direction',(-1.,0.,0.)) ;
#7633=DIRECTION('Vector Direction',(-1.,0.,0.)) ;
#7645=DIRECTION('Axis2P3D Direction',(0.,1.,0.)) ;
#7646=DIRECTION('Axis2P3D XDirection',(0.258819045103,0.,-0.965925826289)) ;
#7656=DIRECTION('Vector Direction',(0.,0.,-1.)) ;
#7663=DIRECTION('Axis2P3D Direction',(1.,0.,0.)) ;
#7670=DIRECTION('Vector Direction',(0.,-1.,0.)) ;
#7690=DIRECTION('Axis2P3D Direction',(-0.,1.,0.)) ;
#7691=DIRECTION('Axis2P3D XDirection',(1.,0.,0.)) ;
#7695=DIRECTION('Vector Direction',(0.,0.,1.)) ;
#7702=DIRECTION('Vector Direction',(1.,0.,0.)) ;
#7724=DIRECTION('Axis2P3D Direction',(1.,0.,0.)) ;
#7725=DIRECTION('Axis2P3D XDirection',(0.,1.,0.)) ;
#7739=DIRECTION('Vector Direction',(0.,-1.,0.)) ;
#7744=DIRECTION('Vector Direction',(0.,-1.,0.)) ;
#7751=DIRECTION('Axis2P3D Direction',(1.,0.,0.)) ;
#7771=DIRECTION('Vector Direction',(0.,-1.,0.)) ;
#7778=DIRECTION('Vector Direction',(1.,0.,0.)) ;
#7820=DIRECTION('Axis2P3D Direction',(0.,-1.,0.)) ;
#7821=DIRECTION('Axis2P3D XDirection',(1.,-0.,-1.83697019872E-16)) ;
#7839=DIRECTION('Axis2P3D Direction',(1.,0.,-0.)) ;
#7840=DIRECTION('Axis2P3D XDirection',(0.,0.,1.)) ;
#984=SHAPE_REPRESENTATION_RELATIONSHIP(' ',' ',#19,#983) ;
#7852=SHAPE_REPRESENTATION_RELATIONSHIP(' ',' ',#19,#7851) ;
#18=AXIS2_PLACEMENT_3D(' ',#17,$,$) ;
#34=AXIS2_PLACEMENT_3D('Plane Axis2P3D',#31,#32,#33) ;
#998=AXIS2_PLACEMENT_3D('Plane Axis2P3D',#995,#996,#997) ;
#1038=AXIS2_PLACEMENT_3D('Cylinder Axis2P3D',#1035,#1036,#1037) ;
#1042=AXIS2_PLACEMENT_3D('Circle Axis2P3D',#1040,#1041,$) ;
#1056=AXIS2_PLACEMENT_3D('Circle Axis2P3D',#1054,#1055,$) ;
#1069=AXIS2_PLACEMENT_3D('Sphere Axis2P3D',#1066,#1067,#1068) ;
#1073=AXIS2_PLACEMENT_3D('Circle Axis2P3D',#1071,#1072,$) ;
#1080=AXIS2_PLACEMENT_3D('Circle Axis2P3D',#1078,#1079,$) ;
#1092=AXIS2_PLACEMENT_3D('Cylinder Axis2P3D',#1089,#1090,#1091) ;
#1103=AXIS2_PLACEMENT_3D('Circle Axis2P3D',#1101,#1102,$) ;
#1116=AXIS2_PLACEMENT_3D('Sphere Axis2P3D',#1113,#1114,#1115) ;
#1120=AXIS2_PLACEMENT_3D('Circle Axis2P3D',#1118,#1119,$) ;
#1127=AXIS2_PLACEMENT_3D('Circle Axis2P3D',#1125,#1126,$) ;
#1139=AXIS2_PLACEMENT_3D('Cylinder Axis2P3D',#1136,#1137,#1138) ;
#1150=AXIS2_PLACEMENT_3D('Circle Axis2P3D',#1148,#1149,$) ;
#1163=AXIS2_PLACEMENT_3D('Sphere Axis2P3D',#1160,#1161,#1162) ;
#1167=AXIS2_PLACEMENT_3D('Circle Axis2P3D',#1165,#1166,$) ;
#1174=AXIS2_PLACEMENT_3D('Circle Axis2P3D',#1172,#1173,$) ;
#1186=AXIS2_PLACEMENT_3D('Cylinder Axis2P3D',#1183,#1184,#1185) ;
#1197=AXIS2_PLACEMENT_3D('Circle Axis2P3D',#1195,#1196,$) ;
#1210=AXIS2_PLACEMENT_3D('Sphere Axis2P3D',#1207,#1208,#1209) ;
#1214=AXIS2_PLACEMENT_3D('Circle Axis2P3D',#1212,#1213,$) ;
#1226=AXIS2_PLACEMENT_3D('Cylinder Axis2P3D',#1223,#1224,#1225) ;
#1230=AXIS2_PLACEMENT_3D('Circle Axis2P3D',#1228,#1229,$) ;
#1257=AXIS2_PLACEMENT_3D('Plane Axis2P3D',#1254,#1255,#1256) ;
#1281=AXIS2_PLACEMENT_3D('Cylinder Axis2P3D',#1278,#1279,#1280) ;
#1285=AXIS2_PLACEMENT_3D('Circle Axis2P3D',#1283,#1284,$) ;
#1305=AXIS2_PLACEMENT_3D('Plane Axis2P3D',#1302,#1303,#1304) ;
#1329=AXIS2_PLACEMENT_3D('Cylinder Axis2P3D',#1326,#1327,#1328) ;
#1333=AXIS2_PLACEMENT_3D('Circle Axis2P3D',#1331,#1332,$) ;
#1353=AXIS2_PLACEMENT_3D('Plane Axis2P3D',#1350,#1351,#1352) ;
#1377=AXIS2_PLACEMENT_3D('Cylinder Axis2P3D',#1374,#1375,#1376) ;
#1381=AXIS2_PLACEMENT_3D('Circle Axis2P3D',#1379,#1380,$) ;
#1401=AXIS2_PLACEMENT_3D('Plane Axis2P3D',#1398,#1399,#1400) ;
#1418=AXIS2_PLACEMENT_3D('Cylinder Axis2P3D',#1415,#1416,#1417) ;
#1422=AXIS2_PLACEMENT_3D('Circle Axis2P3D',#1420,#1421,$) ;
#1429=AXIS2_PLACEMENT_3D('Circle Axis2P3D',#1427,#1428,$) ;
#1449=AXIS2_PLACEMENT_3D('Torus Axis2P3D',#1446,#1447,#1448) ;
#1453=AXIS2_PLACEMENT_3D('Circle Axis2P3D',#1451,#1452,$) ;
#1460=AXIS2_PLACEMENT_3D('Circle Axis2P3D',#1458,#1459,$) ;
#1473=AXIS2_PLACEMENT_3D('Cylinder Axis2P3D',#1470,#1471,#1472) ;
#1477=AXIS2_PLACEMENT_3D('Circle Axis2P3D',#1475,#1476,$) ;
#1497=AXIS2_PLACEMENT_3D('Torus Axis2P3D',#1494,#1495,#1496) ;
#1501=AXIS2_PLACEMENT_3D('Circle Axis2P3D',#1499,#1500,$) ;
#1508=AXIS2_PLACEMENT_3D('Circle Axis2P3D',#1506,#1507,$) ;
#1521=AXIS2_PLACEMENT_3D('Cylinder Axis2P3D',#1518,#1519,#1520) ;
#1525=AXIS2_PLACEMENT_3D('Circle Axis2P3D',#1523,#1524,$) ;
#1545=AXIS2_PLACEMENT_3D('Torus Axis2P3D',#1542,#1543,#1544) ;
#1549=AXIS2_PLACEMENT_3D('Circle Axis2P3D',#1547,#1548,$) ;
#1556=AXIS2_PLACEMENT_3D('Circle Axis2P3D',#1554,#1555,$) ;
#1569=AXIS2_PLACEMENT_3D('Cylinder Axis2P3D',#1566,#1567,#1568) ;
#1573=AXIS2_PLACEMENT_3D('Circle Axis2P3D',#1571,#1572,$) ;
#1593=AXIS2_PLACEMENT_3D('Torus Axis2P3D',#1590,#1591,#1592) ;
#1597=AXIS2_PLACEMENT_3D('Circle Axis2P3D',#1595,#1596,$) ;
#1610=AXIS2_PLACEMENT_3D('Plane Axis2P3D',#1607,#1608,#1609) ;
#1699=AXIS2_PLACEMENT_3D('Circle Axis2P3D',#1697,#1698,$) ;
#1713=AXIS2_PLACEMENT_3D('Circle Axis2P3D',#1711,#1712,$) ;
#1727=AXIS2_PLACEMENT_3D('Circle Axis2P3D',#1725,#1726,$) ;
#1741=AXIS2_PLACEMENT_3D('Circle Axis2P3D',#1739,#1740,$) ;
#1826=AXIS2_PLACEMENT_3D('Cylinder Axis2P3D',#1823,#1824,#1825) ;
#1839=AXIS2_PLACEMENT_3D('Circle Axis2P3D',#1837,#1838,$) ;
#1844=AXIS2_PLACEMENT_3D('Circle Axis2P3D',#1842,#1843,$) ;
#1857=AXIS2_PLACEMENT_3D('Sphere Axis2P3D',#1854,#1855,#1856) ;
#1861=AXIS2_PLACEMENT_3D('Circle Axis2P3D',#1859,#1860,$) ;
#1868=AXIS2_PLACEMENT_3D('Circle Axis2P3D',#1866,#1867,$) ;
#1880=AXIS2_PLACEMENT_3D('Cylinder Axis2P3D',#1877,#1878,#1879) ;
#1891=AXIS2_PLACEMENT_3D('Circle Axis2P3D',#1889,#1890,$) ;
#1911=AXIS2_PLACEMENT_3D('Plane Axis2P3D',#1908,#1909,#1910) ;
#1950=AXIS2_PLACEMENT_3D('Plane Axis2P3D',#1947,#1948,#1949) ;
#1989=AXIS2_PLACEMENT_3D('Plane Axis2P3D',#1986,#1987,#1988) ;
#2013=AXIS2_PLACEMENT_3D('Plane Axis2P3D',#2010,#2011,#2012) ;
#2037=AXIS2_PLACEMENT_3D('Plane Axis2P3D',#2034,#2035,#2036) ;
#2048=AXIS2_PLACEMENT_3D('Circle Axis2P3D',#2046,#2047,$) ;
#2069=AXIS2_PLACEMENT_3D('Cylinder Axis2P3D',#2066,#2067,#2068) ;
#2087=AXIS2_PLACEMENT_3D('Circle Axis2P3D',#2085,#2086,$) ;
#2100=AXIS2_PLACEMENT_3D('Plane Axis2P3D',#2097,#2098,#2099) ;
#2192=AXIS2_PLACEMENT_3D('Plane Axis2P3D',#2189,#2190,#2191) ;
#2244=AXIS2_PLACEMENT_3D('Circle Axis2P3D',#2242,#2243,$) ;
#2258=AXIS2_PLACEMENT_3D('Cylinder Axis2P3D',#2255,#2256,#2257) ;
#2269=AXIS2_PLACEMENT_3D('Circle Axis2P3D',#2267,#2268,$) ;
#2282=AXIS2_PLACEMENT_3D('Sphere Axis2P3D',#2279,#2280,#2281) ;
#2286=AXIS2_PLACEMENT_3D('Circle Axis2P3D',#2284,#2285,$) ;
#2293=AXIS2_PLACEMENT_3D('Circle Axis2P3D',#2291,#2292,$) ;
#2305=AXIS2_PLACEMENT_3D('Cylinder Axis2P3D',#2302,#2303,#2304) ;
#2316=AXIS2_PLACEMENT_3D('Circle Axis2P3D',#2314,#2315,$) ;
#2329=AXIS2_PLACEMENT_3D('Plane Axis2P3D',#2326,#2327,#2328) ;
#2361=AXIS2_PLACEMENT_3D('Plane Axis2P3D',#2358,#2359,#2360) ;
#2479=AXIS2_PLACEMENT_3D('Circle Axis2P3D',#2477,#2478,$) ;
#2488=AXIS2_PLACEMENT_3D('Circle Axis2P3D',#2486,#2487,$) ;
#2499=AXIS2_PLACEMENT_3D('Cylinder Axis2P3D',#2496,#2497,#2498) ;
#2510=AXIS2_PLACEMENT_3D('Circle Axis2P3D',#2508,#2509,$) ;
#2529=AXIS2_PLACEMENT_3D('Circle Axis2P3D',#2527,#2528,$) ;
#2542=AXIS2_PLACEMENT_3D('Plane Axis2P3D',#2539,#2540,#2541) ;
#2552=AXIS2_PLACEMENT_3D('Cylinder Axis2P3D',#2549,#2550,#2551) ;
#2565=AXIS2_PLACEMENT_3D('Circle Axis2P3D',#2563,#2564,$) ;
#2579=AXIS2_PLACEMENT_3D('Circle Axis2P3D',#2577,#2578,$) ;
#2626=AXIS2_PLACEMENT_3D('Plane Axis2P3D',#2623,#2624,#2625) ;
#2657=AXIS2_PLACEMENT_3D('Plane Axis2P3D',#2654,#2655,#2656) ;
#2694=AXIS2_PLACEMENT_3D('Circle Axis2P3D',#2692,#2693,$) ;
#2722=AXIS2_PLACEMENT_3D('Cylinder Axis2P3D',#2719,#2720,#2721) ;
#2733=AXIS2_PLACEMENT_3D('Circle Axis2P3D',#2731,#2732,$) ;
#2796=AXIS2_PLACEMENT_3D('Sphere Axis2P3D',#2793,#2794,#2795) ;
#2800=AXIS2_PLACEMENT_3D('Circle Axis2P3D',#2798,#2799,$) ;
#2807=AXIS2_PLACEMENT_3D('Circle Axis2P3D',#2805,#2806,$) ;
#2814=AXIS2_PLACEMENT_3D('Circle Axis2P3D',#2812,#2813,$) ;
#2826=AXIS2_PLACEMENT_3D('Plane Axis2P3D',#2823,#2824,#2825) ;
#2887=AXIS2_PLACEMENT_3D('Torus Axis2P3D',#2884,#2885,#2886) ;
#2891=AXIS2_PLACEMENT_3D('Circle Axis2P3D',#2889,#2890,$) ;
#2898=AXIS2_PLACEMENT_3D('Circle Axis2P3D',#2896,#2897,$) ;
#2903=AXIS2_PLACEMENT_3D('Circle Axis2P3D',#2901,#2902,$) ;
#2916=AXIS2_PLACEMENT_3D('Sphere Axis2P3D',#2913,#2914,#2915) ;
#2920=AXIS2_PLACEMENT_3D('Circle Axis2P3D',#2918,#2919,$) ;
#2929=AXIS2_PLACEMENT_3D('Circle Axis2P3D',#2927,#2928,$) ;
#2936=AXIS2_PLACEMENT_3D('Circle Axis2P3D',#2934,#2935,$) ;
#2948=AXIS2_PLACEMENT_3D('Sphere Axis2P3D',#2945,#2946,#2947) ;
#2952=AXIS2_PLACEMENT_3D('Circle Axis2P3D',#2950,#2951,$) ;
#2961=AXIS2_PLACEMENT_3D('Circle Axis2P3D',#2959,#2960,$) ;
#2968=AXIS2_PLACEMENT_3D('Circle Axis2P3D',#2966,#2967,$) ;
#2988=AXIS2_PLACEMENT_3D('Plane Axis2P3D',#2985,#2986,#2987) ;
#3059=AXIS2_PLACEMENT_3D('Cylinder Axis2P3D',#3056,#3057,#3058) ;
#3076=AXIS2_PLACEMENT_3D('Sphere Axis2P3D',#3073,#3074,#3075) ;
#3080=AXIS2_PLACEMENT_3D('Circle Axis2P3D',#3078,#3079,$) ;
#3087=AXIS2_PLACEMENT_3D('Circle Axis2P3D',#3085,#3086,$) ;
#3094=AXIS2_PLACEMENT_3D('Circle Axis2P3D',#3092,#3093,$) ;
#3141=AXIS2_PLACEMENT_3D('Cylinder Axis2P3D',#3138,#3139,#3140) ;
#3145=AXIS2_PLACEMENT_3D('Circle Axis2P3D',#3143,#3144,$) ;
#3172=AXIS2_PLACEMENT_3D('Cylinder Axis2P3D',#3169,#3170,#3171) ;
#3176=AXIS2_PLACEMENT_3D('Circle Axis2P3D',#3174,#3175,$) ;
#3203=AXIS2_PLACEMENT_3D('Cylinder Axis2P3D',#3200,#3201,#3202) ;
#3207=AXIS2_PLACEMENT_3D('Circle Axis2P3D',#3205,#3206,$) ;
#3234=AXIS2_PLACEMENT_3D('Plane Axis2P3D',#3231,#3232,#3233) ;
#3277=AXIS2_PLACEMENT_3D('Cylinder Axis2P3D',#3274,#3275,#3276) ;
#3281=AXIS2_PLACEMENT_3D('Circle Axis2P3D',#3279,#3280,$) ;
#3288=AXIS2_PLACEMENT_3D('Circle Axis2P3D',#3286,#3287,$) ;
#3308=AXIS2_PLACEMENT_3D('Plane Axis2P3D',#3305,#3306,#3307) ;
#3347=AXIS2_PLACEMENT_3D('Cylinder Axis2P3D',#3344,#3345,#3346) ;
#3360=AXIS2_PLACEMENT_3D('Circle Axis2P3D',#3358,#3359,$) ;
#3365=AXIS2_PLACEMENT_3D('Circle Axis2P3D',#3363,#3364,$) ;
#3378=AXIS2_PLACEMENT_3D('Cylinder Axis2P3D',#3375,#3376,#3377) ;
#3391=AXIS2_PLACEMENT_3D('Circle Axis2P3D',#3389,#3390,$) ;
#3396=AXIS2_PLACEMENT_3D('Circle Axis2P3D',#3394,#3395,$) ;
#3409=AXIS2_PLACEMENT_3D('Cylinder Axis2P3D',#3406,#3407,#3408) ;
#3422=AXIS2_PLACEMENT_3D('Circle Axis2P3D',#3420,#3421,$) ;
#3427=AXIS2_PLACEMENT_3D('Circle Axis2P3D',#3425,#3426,$) ;
#3440=AXIS2_PLACEMENT_3D('Plane Axis2P3D',#3437,#3438,#3439) ;
#3480=AXIS2_PLACEMENT_3D('Sphere Axis2P3D',#3477,#3478,#3479) ;
#3484=AXIS2_PLACEMENT_3D('Circle Axis2P3D',#3482,#3483,$) ;
#3491=AXIS2_PLACEMENT_3D('Circle Axis2P3D',#3489,#3490,$) ;
#3503=AXIS2_PLACEMENT_3D('Sphere Axis2P3D',#3500,#3501,#3502) ;
#3507=AXIS2_PLACEMENT_3D('Circle Axis2P3D',#3505,#3506,$) ;
#3514=AXIS2_PLACEMENT_3D('Circle Axis2P3D',#3512,#3513,$) ;
#3526=AXIS2_PLACEMENT_3D('Cylinder Axis2P3D',#3523,#3524,#3525) ;
#3539=AXIS2_PLACEMENT_3D('Circle Axis2P3D',#3537,#3538,$) ;
#3544=AXIS2_PLACEMENT_3D('Circle Axis2P3D',#3542,#3543,$) ;
#3557=AXIS2_PLACEMENT_3D('Plane Axis2P3D',#3554,#3555,#3556) ;
#3588=AXIS2_PLACEMENT_3D('Plane Axis2P3D',#3585,#3586,#3587) ;
#3671=AXIS2_PLACEMENT_3D('Plane Axis2P3D',#3668,#3669,#3670) ;
#3702=AXIS2_PLACEMENT_3D('Cone Axis2P3D',#3699,#3700,#3701) ;
#3706=AXIS2_PLACEMENT_3D('Circle Axis2P3D',#3704,#3705,$) ;
#3720=AXIS2_PLACEMENT_3D('Circle Axis2P3D',#3718,#3719,$) ;
#3733=AXIS2_PLACEMENT_3D('Plane Axis2P3D',#3730,#3731,#3732) ;
#3764=AXIS2_PLACEMENT_3D('Plane Axis2P3D',#3761,#3762,#3763) ;
#3940=AXIS2_PLACEMENT_3D('Sphere Axis2P3D',#3937,#3938,#3939) ;
#3944=AXIS2_PLACEMENT_3D('Circle Axis2P3D',#3942,#3943,$) ;
#3951=AXIS2_PLACEMENT_3D('Circle Axis2P3D',#3949,#3950,$) ;
#3963=AXIS2_PLACEMENT_3D('Cylinder Axis2P3D',#3960,#3961,#3962) ;
#3974=AXIS2_PLACEMENT_3D('Circle Axis2P3D',#3972,#3973,$) ;
#4013=AXIS2_PLACEMENT_3D('Circle Axis2P3D',#4011,#4012,$) ;
#4027=AXIS2_PLACEMENT_3D('Cylinder Axis2P3D',#4024,#4025,#4026) ;
#4038=AXIS2_PLACEMENT_3D('Circle Axis2P3D',#4036,#4037,$) ;
#4063=AXIS2_PLACEMENT_3D('Cylinder Axis2P3D',#4060,#4061,#4062) ;
#4074=AXIS2_PLACEMENT_3D('Circle Axis2P3D',#4072,#4073,$) ;
#4087=AXIS2_PLACEMENT_3D('Plane Axis2P3D',#4084,#4085,#4086) ;
#4127=AXIS2_PLACEMENT_3D('Cylinder Axis2P3D',#4124,#4125,#4126) ;
#4140=AXIS2_PLACEMENT_3D('Circle Axis2P3D',#4138,#4139,$) ;
#4145=AXIS2_PLACEMENT_3D('Circle Axis2P3D',#4143,#4144,$) ;
#4158=AXIS2_PLACEMENT_3D('Sphere Axis2P3D',#4155,#4156,#4157) ;
#4162=AXIS2_PLACEMENT_3D('Circle Axis2P3D',#4160,#4161,$) ;
#4169=AXIS2_PLACEMENT_3D('Circle Axis2P3D',#4167,#4168,$) ;
#4181=AXIS2_PLACEMENT_3D('Sphere Axis2P3D',#4178,#4179,#4180) ;
#4185=AXIS2_PLACEMENT_3D('Circle Axis2P3D',#4183,#4184,$) ;
#4192=AXIS2_PLACEMENT_3D('Circle Axis2P3D',#4190,#4191,$) ;
#4204=AXIS2_PLACEMENT_3D('Cylinder Axis2P3D',#4201,#4202,#4203) ;
#4215=AXIS2_PLACEMENT_3D('Circle Axis2P3D',#4213,#4214,$) ;
#4228=AXIS2_PLACEMENT_3D('Sphere Axis2P3D',#4225,#4226,#4227) ;
#4232=AXIS2_PLACEMENT_3D('Circle Axis2P3D',#4230,#4231,$) ;
#4239=AXIS2_PLACEMENT_3D('Circle Axis2P3D',#4237,#4238,$) ;
#4251=AXIS2_PLACEMENT_3D('Cylinder Axis2P3D',#4248,#4249,#4250) ;
#4262=AXIS2_PLACEMENT_3D('Circle Axis2P3D',#4260,#4261,$) ;
#4275=AXIS2_PLACEMENT_3D('Sphere Axis2P3D',#4272,#4273,#4274) ;
#4279=AXIS2_PLACEMENT_3D('Circle Axis2P3D',#4277,#4278,$) ;
#4286=AXIS2_PLACEMENT_3D('Circle Axis2P3D',#4284,#4285,$) ;
#4298=AXIS2_PLACEMENT_3D('Cylinder Axis2P3D',#4295,#4296,#4297) ;
#4315=AXIS2_PLACEMENT_3D('Cylinder Axis2P3D',#4312,#4313,#4314) ;
#4319=AXIS2_PLACEMENT_3D('Circle Axis2P3D',#4317,#4318,$) ;
#4339=AXIS2_PLACEMENT_3D('Cylinder Axis2P3D',#4336,#4337,#4338) ;
#4372=AXIS2_PLACEMENT_3D('Cylinder Axis2P3D',#4369,#4370,#4371) ;
#4639=AXIS2_PLACEMENT_3D('Cylinder Axis2P3D',#4636,#4637,#4638) ;
#4906=AXIS2_PLACEMENT_3D('Cylinder Axis2P3D',#4903,#4904,#4905) ;
#4923=AXIS2_PLACEMENT_3D('Cylinder Axis2P3D',#4920,#4921,#4922) ;
#4940=AXIS2_PLACEMENT_3D('Plane Axis2P3D',#4937,#4938,#4939) ;
#4971=AXIS2_PLACEMENT_3D('Cylinder Axis2P3D',#4968,#4969,#4970) ;
#4982=AXIS2_PLACEMENT_3D('Circle Axis2P3D',#4980,#4981,$) ;
#4995=AXIS2_PLACEMENT_3D('Cylinder Axis2P3D',#4992,#4993,#4994) ;
#4999=AXIS2_PLACEMENT_3D('Circle Axis2P3D',#4997,#4998,$) ;
#5045=AXIS2_PLACEMENT_3D('Cylinder Axis2P3D',#5042,#5043,#5044) ;
#5049=AXIS2_PLACEMENT_3D('Circle Axis2P3D',#5047,#5048,$) ;
#5061=AXIS2_PLACEMENT_3D('Circle Axis2P3D',#5059,#5060,$) ;
#5074=AXIS2_PLACEMENT_3D('Cylinder Axis2P3D',#5071,#5072,#5073) ;
#5078=AXIS2_PLACEMENT_3D('Circle Axis2P3D',#5076,#5077,$) ;
#5083=AXIS2_PLACEMENT_3D('Circle Axis2P3D',#5081,#5082,$) ;
#5103=AXIS2_PLACEMENT_3D('Plane Axis2P3D',#5100,#5101,#5102) ;
#5127=AXIS2_PLACEMENT_3D('Cylinder Axis2P3D',#5124,#5125,#5126) ;
#5131=AXIS2_PLACEMENT_3D('Circle Axis2P3D',#5129,#5130,$) ;
#5145=AXIS2_PLACEMENT_3D('Circle Axis2P3D',#5143,#5144,$) ;
#5158=AXIS2_PLACEMENT_3D('Plane Axis2P3D',#5155,#5156,#5157) ;
#5189=AXIS2_PLACEMENT_3D('Cylinder Axis2P3D',#5186,#5187,#5188) ;
#5193=AXIS2_PLACEMENT_3D('Circle Axis2P3D',#5191,#5192,$) ;
#5200=AXIS2_PLACEMENT_3D('Circle Axis2P3D',#5198,#5199,$) ;
#5220=AXIS2_PLACEMENT_3D('Plane Axis2P3D',#5217,#5218,#5219) ;
#5260=AXIS2_PLACEMENT_3D('Cylinder Axis2P3D',#5257,#5258,#5259) ;
#5264=AXIS2_PLACEMENT_3D('Circle Axis2P3D',#5262,#5263,$) ;
#5269=AXIS2_PLACEMENT_3D('Circle Axis2P3D',#5267,#5268,$) ;
#5289=AXIS2_PLACEMENT_3D('Cylinder Axis2P3D',#5286,#5287,#5288) ;
#5293=AXIS2_PLACEMENT_3D('Circle Axis2P3D',#5291,#5292,$) ;
#5305=AXIS2_PLACEMENT_3D('Circle Axis2P3D',#5303,#5304,$) ;
#5318=AXIS2_PLACEMENT_3D('Plane Axis2P3D',#5315,#5316,#5317) ;
#5335=AXIS2_PLACEMENT_3D('Plane Axis2P3D',#5332,#5333,#5334) ;
#5369=AXIS2_PLACEMENT_3D('Plane Axis2P3D',#5366,#5367,#5368) ;
#5373=AXIS2_PLACEMENT_3D('Circle Axis2P3D',#5371,#5372,$) ;
#5387=AXIS2_PLACEMENT_3D('Circle Axis2P3D',#5385,#5386,$) ;
#5506=AXIS2_PLACEMENT_3D('Cylinder Axis2P3D',#5503,#5504,#5505) ;
#5523=AXIS2_PLACEMENT_3D('Cylinder Axis2P3D',#5520,#5521,#5522) ;
#5535=AXIS2_PLACEMENT_3D('Cylinder Axis2P3D',#5532,#5533,#5534) ;
#5554=AXIS2_PLACEMENT_3D('Plane Axis2P3D',#5551,#5552,#5553) ;
#5584=AXIS2_PLACEMENT_3D('Plane Axis2P3D',#5581,#5582,#5583) ;
#5608=AXIS2_PLACEMENT_3D('Plane Axis2P3D',#5605,#5606,#5607) ;
#5631=AXIS2_PLACEMENT_3D('Plane Axis2P3D',#5628,#5629,#5630) ;
#5668=AXIS2_PLACEMENT_3D('Plane Axis2P3D',#5665,#5666,#5667) ;
#5705=AXIS2_PLACEMENT_3D('Plane Axis2P3D',#5702,#5703,#5704) ;
#5722=AXIS2_PLACEMENT_3D('Cylinder Axis2P3D',#5719,#5720,#5721) ;
#5734=AXIS2_PLACEMENT_3D('Sphere Axis2P3D',#5731,#5732,#5733) ;
#5738=AXIS2_PLACEMENT_3D('Circle Axis2P3D',#5736,#5737,$) ;
#5743=AXIS2_PLACEMENT_3D('Circle Axis2P3D',#5741,#5742,$) ;
#5755=AXIS2_PLACEMENT_3D('Cylinder Axis2P3D',#5752,#5753,#5754) ;
#5766=AXIS2_PLACEMENT_3D('Circle Axis2P3D',#5764,#5765,$) ;
#5779=AXIS2_PLACEMENT_3D('Torus Axis2P3D',#5776,#5777,#5778) ;
#5783=AXIS2_PLACEMENT_3D('Circle Axis2P3D',#5781,#5782,$) ;
#5790=AXIS2_PLACEMENT_3D('Circle Axis2P3D',#5788,#5789,$) ;
#5803=AXIS2_PLACEMENT_3D('Cylinder Axis2P3D',#5800,#5801,#5802) ;
#5820=AXIS2_PLACEMENT_3D('Cylinder Axis2P3D',#5817,#5818,#5819) ;
#5832=AXIS2_PLACEMENT_3D('Cylinder Axis2P3D',#5829,#5830,#5831) ;
#5844=AXIS2_PLACEMENT_3D('Cylinder Axis2P3D',#5841,#5842,#5843) ;
#5848=AXIS2_PLACEMENT_3D('Circle Axis2P3D',#5846,#5847,$) ;
#5853=AXIS2_PLACEMENT_3D('Circle Axis2P3D',#5851,#5852,$) ;
#5866=AXIS2_PLACEMENT_3D('Torus Axis2P3D',#5863,#5864,#5865) ;
#5870=AXIS2_PLACEMENT_3D('Circle Axis2P3D',#5868,#5869,$) ;
#5875=AXIS2_PLACEMENT_3D('Circle Axis2P3D',#5873,#5874,$) ;
#5888=AXIS2_PLACEMENT_3D('Torus Axis2P3D',#5885,#5886,#5887) ;
#5892=AXIS2_PLACEMENT_3D('Circle Axis2P3D',#5890,#5891,$) ;
#5897=AXIS2_PLACEMENT_3D('Circle Axis2P3D',#5895,#5896,$) ;
#5910=AXIS2_PLACEMENT_3D('Torus Axis2P3D',#5907,#5908,#5909) ;
#5914=AXIS2_PLACEMENT_3D('Circle Axis2P3D',#5912,#5913,$) ;
#5919=AXIS2_PLACEMENT_3D('Circle Axis2P3D',#5917,#5918,$) ;
#5932=AXIS2_PLACEMENT_3D('Cylinder Axis2P3D',#5929,#5930,#5931) ;
#5944=AXIS2_PLACEMENT_3D('Cylinder Axis2P3D',#5941,#5942,#5943) ;
#5948=AXIS2_PLACEMENT_3D('Circle Axis2P3D',#5946,#5947,$) ;
#5961=AXIS2_PLACEMENT_3D('Torus Axis2P3D',#5958,#5959,#5960) ;
#5965=AXIS2_PLACEMENT_3D('Circle Axis2P3D',#5963,#5964,$) ;
#5978=AXIS2_PLACEMENT_3D('Cylinder Axis2P3D',#5975,#5976,#5977) ;
#5990=AXIS2_PLACEMENT_3D('Cylinder Axis2P3D',#5987,#5988,#5989) ;
#6002=AXIS2_PLACEMENT_3D('Sphere Axis2P3D',#5999,#6000,#6001) ;
#6013=AXIS2_PLACEMENT_3D('Plane Axis2P3D',#6010,#6011,#6012) ;
#6088=AXIS2_PLACEMENT_3D('Plane Axis2P3D',#6085,#6086,#6087) ;
#6163=AXIS2_PLACEMENT_3D('Sphere Axis2P3D',#6160,#6161,#6162) ;
#6167=AXIS2_PLACEMENT_3D('Circle Axis2P3D',#6165,#6166,$) ;
#6179=AXIS2_PLACEMENT_3D('Sphere Axis2P3D',#6176,#6177,#6178) ;
#6190=AXIS2_PLACEMENT_3D('Torus Axis2P3D',#6187,#6188,#6189) ;
#6194=AXIS2_PLACEMENT_3D('Circle Axis2P3D',#6192,#6193,$) ;
#6201=AXIS2_PLACEMENT_3D('Circle Axis2P3D',#6199,#6200,$) ;
#6214=AXIS2_PLACEMENT_3D('Plane Axis2P3D',#6211,#6212,#6213) ;
#6249=AXIS2_PLACEMENT_3D('Cylinder Axis2P3D',#6246,#6247,#6248) ;
#6253=AXIS2_PLACEMENT_3D('Circle Axis2P3D',#6251,#6252,$) ;
#6266=AXIS2_PLACEMENT_3D('Sphere Axis2P3D',#6263,#6264,#6265) ;
#6296=AXIS2_PLACEMENT_3D('Plane Axis2P3D',#6293,#6294,#6295) ;
#6319=AXIS2_PLACEMENT_3D('Circle Axis2P3D',#6317,#6318,$) ;
#6340=AXIS2_PLACEMENT_3D('Cylinder Axis2P3D',#6337,#6338,#6339) ;
#6344=AXIS2_PLACEMENT_3D('Circle Axis2P3D',#6342,#6343,$) ;
#6364=AXIS2_PLACEMENT_3D('Torus Axis2P3D',#6361,#6362,#6363) ;
#6368=AXIS2_PLACEMENT_3D('Circle Axis2P3D',#6366,#6367,$) ;
#6375=AXIS2_PLACEMENT_3D('Circle Axis2P3D',#6373,#6374,$) ;
#6388=AXIS2_PLACEMENT_3D('Cylinder Axis2P3D',#6385,#6386,#6387) ;
#6414=AXIS2_PLACEMENT_3D('Plane Axis2P3D',#6411,#6412,#6413) ;
#6445=AXIS2_PLACEMENT_3D('Cylinder Axis2P3D',#6442,#6443,#6444) ;
#6456=AXIS2_PLACEMENT_3D('Circle Axis2P3D',#6454,#6455,$) ;
#6469=AXIS2_PLACEMENT_3D('Cylinder Axis2P3D',#6466,#6467,#6468) ;
#6473=AXIS2_PLACEMENT_3D('Circle Axis2P3D',#6471,#6472,$) ;
#6493=AXIS2_PLACEMENT_3D('Plane Axis2P3D',#6490,#6491,#6492) ;
#6517=AXIS2_PLACEMENT_3D('Cylinder Axis2P3D',#6514,#6515,#6516) ;
#6528=AXIS2_PLACEMENT_3D('Circle Axis2P3D',#6526,#6527,$) ;
#6541=AXIS2_PLACEMENT_3D('Plane Axis2P3D',#6538,#6539,#6540) ;
#6565=AXIS2_PLACEMENT_3D('Cylinder Axis2P3D',#6562,#6563,#6564) ;
#6569=AXIS2_PLACEMENT_3D('Circle Axis2P3D',#6567,#6568,$) ;
#6589=AXIS2_PLACEMENT_3D('Plane Axis2P3D',#6586,#6587,#6588) ;
#6606=AXIS2_PLACEMENT_3D('Plane Axis2P3D',#6603,#6604,#6605) ;
#6637=AXIS2_PLACEMENT_3D('Cylinder Axis2P3D',#6634,#6635,#6636) ;
#6641=AXIS2_PLACEMENT_3D('Circle Axis2P3D',#6639,#6640,$) ;
#6662=AXIS2_PLACEMENT_3D('Plane Axis2P3D',#6659,#6660,#6661) ;
#6716=AXIS2_PLACEMENT_3D('Plane Axis2P3D',#6713,#6714,#6715) ;
#6747=AXIS2_PLACEMENT_3D('Cylinder Axis2P3D',#6744,#6745,#6746) ;
#6751=AXIS2_PLACEMENT_3D('Circle Axis2P3D',#6749,#6750,$) ;
#6771=AXIS2_PLACEMENT_3D('Cylinder Axis2P3D',#6768,#6769,#6770) ;
#6782=AXIS2_PLACEMENT_3D('Circle Axis2P3D',#6780,#6781,$) ;
#6795=AXIS2_PLACEMENT_3D('Plane Axis2P3D',#6792,#6793,#6794) ;
#6826=AXIS2_PLACEMENT_3D('Cylinder Axis2P3D',#6823,#6824,#6825) ;
#6837=AXIS2_PLACEMENT_3D('Circle Axis2P3D',#6835,#6836,$) ;
#6850=AXIS2_PLACEMENT_3D('Cylinder Axis2P3D',#6847,#6848,#6849) ;
#6854=AXIS2_PLACEMENT_3D('Circle Axis2P3D',#6852,#6853,$) ;
#6874=AXIS2_PLACEMENT_3D('Plane Axis2P3D',#6871,#6872,#6873) ;
#6891=AXIS2_PLACEMENT_3D('Plane Axis2P3D',#6888,#6889,#6890) ;
#6928=AXIS2_PLACEMENT_3D('Cylinder Axis2P3D',#6925,#6926,#6927) ;
#6932=AXIS2_PLACEMENT_3D('Circle Axis2P3D',#6930,#6931,$) ;
#6946=AXIS2_PLACEMENT_3D('Plane Axis2P3D',#6943,#6944,#6945) ;
#6960=AXIS2_PLACEMENT_3D('Cylinder Axis2P3D',#6957,#6958,#6959) ;
#6964=AXIS2_PLACEMENT_3D('Circle Axis2P3D',#6962,#6963,$) ;
#6971=AXIS2_PLACEMENT_3D('Circle Axis2P3D',#6969,#6970,$) ;
#6992=AXIS2_PLACEMENT_3D('Torus Axis2P3D',#6989,#6990,#6991) ;
#6996=AXIS2_PLACEMENT_3D('Circle Axis2P3D',#6994,#6995,$) ;
#7003=AXIS2_PLACEMENT_3D('Circle Axis2P3D',#7001,#7002,$) ;
#7010=AXIS2_PLACEMENT_3D('Circle Axis2P3D',#7008,#7009,$) ;
#7023=AXIS2_PLACEMENT_3D('Cylinder Axis2P3D',#7020,#7021,#7022) ;
#7034=AXIS2_PLACEMENT_3D('Circle Axis2P3D',#7032,#7033,$) ;
#7047=AXIS2_PLACEMENT_3D('Plane Axis2P3D',#7044,#7045,#7046) ;
#7072=AXIS2_PLACEMENT_3D('Plane Axis2P3D',#7069,#7070,#7071) ;
#7096=AXIS2_PLACEMENT_3D('Plane Axis2P3D',#7093,#7094,#7095) ;
#7121=AXIS2_PLACEMENT_3D('Plane Axis2P3D',#7118,#7119,#7120) ;
#7146=AXIS2_PLACEMENT_3D('Plane Axis2P3D',#7143,#7144,#7145) ;
#7170=AXIS2_PLACEMENT_3D('Plane Axis2P3D',#7167,#7168,#7169) ;
#7215=AXIS2_PLACEMENT_3D('Plane Axis2P3D',#7212,#7213,#7214) ;
#7239=AXIS2_PLACEMENT_3D('Plane Axis2P3D',#7236,#7237,#7238) ;
#7284=AXIS2_PLACEMENT_3D('Plane Axis2P3D',#7281,#7282,#7283) ;
#7360=AXIS2_PLACEMENT_3D('Sphere Axis2P3D',#7357,#7358,#7359) ;
#7364=AXIS2_PLACEMENT_3D('Circle Axis2P3D',#7362,#7363,$) ;
#7376=AXIS2_PLACEMENT_3D('Cylinder Axis2P3D',#7373,#7374,#7375) ;
#7388=AXIS2_PLACEMENT_3D('Sphere Axis2P3D',#7385,#7386,#7387) ;
#7392=AXIS2_PLACEMENT_3D('Circle Axis2P3D',#7390,#7391,$) ;
#7424=AXIS2_PLACEMENT_3D('Cylinder Axis2P3D',#7421,#7422,#7423) ;
#7442=AXIS2_PLACEMENT_3D('Circle Axis2P3D',#7440,#7441,$) ;
#7455=AXIS2_PLACEMENT_3D('Sphere Axis2P3D',#7452,#7453,#7454) ;
#7496=AXIS2_PLACEMENT_3D('Cylinder Axis2P3D',#7493,#7494,#7495) ;
#7535=AXIS2_PLACEMENT_3D('Sphere Axis2P3D',#7532,#7533,#7534) ;
#7539=AXIS2_PLACEMENT_3D('Circle Axis2P3D',#7537,#7538,$) ;
#7561=AXIS2_PLACEMENT_3D('Cylinder Axis2P3D',#7558,#7559,#7560) ;
#7572=AXIS2_PLACEMENT_3D('Circle Axis2P3D',#7570,#7571,$) ;
#7585=AXIS2_PLACEMENT_3D('Sphere Axis2P3D',#7582,#7583,#7584) ;
#7589=AXIS2_PLACEMENT_3D('Circle Axis2P3D',#7587,#7588,$) ;
#7627=AXIS2_PLACEMENT_3D('Circle Axis2P3D',#7625,#7626,$) ;
#7647=AXIS2_PLACEMENT_3D('Sphere Axis2P3D',#7644,#7645,#7646) ;
#7664=AXIS2_PLACEMENT_3D('Circle Axis2P3D',#7662,#7663,$) ;
#7692=AXIS2_PLACEMENT_3D('Plane Axis2P3D',#7689,#7690,#7691) ;
#7726=AXIS2_PLACEMENT_3D('Plane Axis2P3D',#7723,#7724,#7725) ;
#7752=AXIS2_PLACEMENT_3D('Circle Axis2P3D',#7750,#7751,$) ;
#7822=AXIS2_PLACEMENT_3D('Cylinder Axis2P3D',#7819,#7820,#7821) ;
#7841=AXIS2_PLACEMENT_3D('Cylinder Axis2P3D',#7838,#7839,#7840) ;
#39=LINE('Line',#36,#38) ;
#48=LINE('Line',#45,#47) ;
#55=LINE('Line',#52,#54) ;
#62=LINE('Line',#59,#61) ;
#69=LINE('Line',#66,#68) ;
#76=LINE('Line',#73,#75) ;
#83=LINE('Line',#80,#82) ;
#90=LINE('Line',#87,#89) ;
#97=LINE('Line',#94,#96) ;
#104=LINE('Line',#101,#103) ;
#111=LINE('Line',#108,#110) ;
#118=LINE('Line',#115,#117) ;
#125=LINE('Line',#122,#124) ;
#132=LINE('Line',#129,#131) ;
#139=LINE('Line',#136,#138) ;
#146=LINE('Line',#143,#145) ;
#153=LINE('Line',#150,#152) ;
#160=LINE('Line',#157,#159) ;
#167=LINE('Line',#164,#166) ;
#174=LINE('Line',#171,#173) ;
#181=LINE('Line',#178,#180) ;
#188=LINE('Line',#185,#187) ;
#195=LINE('Line',#192,#194) ;
#202=LINE('Line',#199,#201) ;
#209=LINE('Line',#206,#208) ;
#216=LINE('Line',#213,#215) ;
#223=LINE('Line',#220,#222) ;
#230=LINE('Line',#227,#229) ;
#237=LINE('Line',#234,#236) ;
#244=LINE('Line',#241,#243) ;
#251=LINE('Line',#248,#250) ;
#258=LINE('Line',#255,#257) ;
#265=LINE('Line',#262,#264) ;
#272=LINE('Line',#269,#271) ;
#279=LINE('Line',#276,#278) ;
#286=LINE('Line',#283,#285) ;
#293=LINE('Line',#290,#292) ;
#300=LINE('Line',#297,#299) ;
#307=LINE('Line',#304,#306) ;
#314=LINE('Line',#311,#313) ;
#321=LINE('Line',#318,#320) ;
#328=LINE('Line',#325,#327) ;
#335=LINE('Line',#332,#334) ;
#342=LINE('Line',#339,#341) ;
#349=LINE('Line',#346,#348) ;
#356=LINE('Line',#353,#355) ;
#363=LINE('Line',#360,#362) ;
#370=LINE('Line',#367,#369) ;
#377=LINE('Line',#374,#376) ;
#384=LINE('Line',#381,#383) ;
#391=LINE('Line',#388,#390) ;
#398=LINE('Line',#395,#397) ;
#405=LINE('Line',#402,#404) ;
#412=LINE('Line',#409,#411) ;
#419=LINE('Line',#416,#418) ;
#426=LINE('Line',#423,#425) ;
#433=LINE('Line',#430,#432) ;
#440=LINE('Line',#437,#439) ;
#447=LINE('Line',#444,#446) ;
#454=LINE('Line',#451,#453) ;
#461=LINE('Line',#458,#460) ;
#468=LINE('Line',#465,#467) ;
#488=LINE('Line',#485,#487) ;
#559=LINE('Line',#556,#558) ;
#568=LINE('Line',#565,#567) ;
#575=LINE('Line',#572,#574) ;
#582=LINE('Line',#579,#581) ;
#589=LINE('Line',#586,#588) ;
#596=LINE('Line',#593,#595) ;
#603=LINE('Line',#600,#602) ;
#610=LINE('Line',#607,#609) ;
#617=LINE('Line',#614,#616) ;
#624=LINE('Line',#621,#623) ;
#631=LINE('Line',#628,#630) ;
#638=LINE('Line',#635,#637) ;
#645=LINE('Line',#642,#644) ;
#652=LINE('Line',#649,#651) ;
#659=LINE('Line',#656,#658) ;
#666=LINE('Line',#663,#665) ;
#673=LINE('Line',#670,#672) ;
#680=LINE('Line',#677,#679) ;
#687=LINE('Line',#684,#686) ;
#694=LINE('Line',#691,#693) ;
#701=LINE('Line',#698,#700) ;
#708=LINE('Line',#705,#707) ;
#715=LINE('Line',#712,#714) ;
#722=LINE('Line',#719,#721) ;
#729=LINE('Line',#726,#728) ;
#736=LINE('Line',#733,#735) ;
#743=LINE('Line',#740,#742) ;
#750=LINE('Line',#747,#749) ;
#757=LINE('Line',#754,#756) ;
#764=LINE('Line',#761,#763) ;
#771=LINE('Line',#768,#770) ;
#778=LINE('Line',#775,#777) ;
#785=LINE('Line',#782,#784) ;
#792=LINE('Line',#789,#791) ;
#799=LINE('Line',#796,#798) ;
#806=LINE('Line',#803,#805) ;
#813=LINE('Line',#810,#812) ;
#820=LINE('Line',#817,#819) ;
#827=LINE('Line',#824,#826) ;
#834=LINE('Line',#831,#833) ;
#841=LINE('Line',#838,#840) ;
#848=LINE('Line',#845,#847) ;
#855=LINE('Line',#852,#854) ;
#862=LINE('Line',#859,#861) ;
#869=LINE('Line',#866,#868) ;
#876=LINE('Line',#873,#875) ;
#883=LINE('Line',#880,#882) ;
#890=LINE('Line',#887,#889) ;
#897=LINE('Line',#894,#896) ;
#904=LINE('Line',#901,#903) ;
#911=LINE('Line',#908,#910) ;
#918=LINE('Line',#915,#917) ;
#925=LINE('Line',#922,#924) ;
#1003=LINE('Line',#1000,#1002) ;
#1012=LINE('Line',#1009,#1011) ;
#1019=LINE('Line',#1016,#1018) ;
#1026=LINE('Line',#1023,#1025) ;
#1050=LINE('Line',#1047,#1049) ;
#1097=LINE('Line',#1094,#1096) ;
#1144=LINE('Line',#1141,#1143) ;
#1191=LINE('Line',#1188,#1190) ;
#1240=LINE('Line',#1237,#1239) ;
#1245=LINE('Line',#1242,#1244) ;
#1262=LINE('Line',#1259,#1261) ;
#1269=LINE('Line',#1266,#1268) ;
#1293=LINE('Line',#1290,#1292) ;
#1310=LINE('Line',#1307,#1309) ;
#1317=LINE('Line',#1314,#1316) ;
#1341=LINE('Line',#1338,#1340) ;
#1358=LINE('Line',#1355,#1357) ;
#1365=LINE('Line',#1362,#1364) ;
#1389=LINE('Line',#1386,#1388) ;
#1406=LINE('Line',#1403,#1405) ;
#1437=LINE('Line',#1434,#1436) ;
#1485=LINE('Line',#1482,#1484) ;
#1533=LINE('Line',#1530,#1532) ;
#1581=LINE('Line',#1578,#1580) ;
#1615=LINE('Line',#1612,#1614) ;
#1624=LINE('Line',#1621,#1623) ;
#1631=LINE('Line',#1628,#1630) ;
#1638=LINE('Line',#1635,#1637) ;
#1645=LINE('Line',#1642,#1644) ;
#1652=LINE('Line',#1649,#1651) ;
#1659=LINE('Line',#1656,#1658) ;
#1666=LINE('Line',#1663,#1665) ;
#1691=LINE('Line',#1688,#1690) ;
#1707=LINE('Line',#1704,#1706) ;
#1721=LINE('Line',#1718,#1720) ;
#1735=LINE('Line',#1732,#1734) ;
#1757=LINE('Line',#1754,#1756) ;
#1766=LINE('Line',#1763,#1765) ;
#1773=LINE('Line',#1770,#1772) ;
#1780=LINE('Line',#1777,#1779) ;
#1791=LINE('Line',#1788,#1790) ;
#1800=LINE('Line',#1797,#1799) ;
#1807=LINE('Line',#1804,#1806) ;
#1814=LINE('Line',#1811,#1813) ;
#1831=LINE('Line',#1828,#1830) ;
#1885=LINE('Line',#1882,#1884) ;
#1899=LINE('Line',#1896,#1898) ;
#1916=LINE('Line',#1913,#1915) ;
#1923=LINE('Line',#1920,#1922) ;
#1930=LINE('Line',#1927,#1929) ;
#1937=LINE('Line',#1934,#1936) ;
#1955=LINE('Line',#1952,#1954) ;
#1962=LINE('Line',#1959,#1961) ;
#1969=LINE('Line',#1966,#1968) ;
#1976=LINE('Line',#1973,#1975) ;
#1994=LINE('Line',#1991,#1993) ;
#2001=LINE('Line',#1998,#2000) ;
#2018=LINE('Line',#2015,#2017) ;
#2025=LINE('Line',#2022,#2024) ;
#2042=LINE('Line',#2039,#2041) ;
#2056=LINE('Line',#2053,#2055) ;
#2074=LINE('Line',#2071,#2073) ;
#2081=LINE('Line',#2078,#2080) ;
#2105=LINE('Line',#2102,#2104) ;
#2114=LINE('Line',#2111,#2113) ;
#2121=LINE('Line',#2118,#2120) ;
#2128=LINE('Line',#2125,#2127) ;
#2135=LINE('Line',#2132,#2134) ;
#2142=LINE('Line',#2139,#2141) ;
#2147=LINE('Line',#2144,#2146) ;
#2154=LINE('Line',#2151,#2153) ;
#2161=LINE('Line',#2158,#2160) ;
#2168=LINE('Line',#2165,#2167) ;
#2197=LINE('Line',#2194,#2196) ;
#2206=LINE('Line',#2203,#2205) ;
#2213=LINE('Line',#2210,#2212) ;
#2218=LINE('Line',#2215,#2217) ;
#2231=LINE('Line',#2228,#2230) ;
#2238=LINE('Line',#2235,#2237) ;
#2263=LINE('Line',#2260,#2262) ;
#2310=LINE('Line',#2307,#2309) ;
#2334=LINE('Line',#2331,#2333) ;
#2341=LINE('Line',#2338,#2340) ;
#2348=LINE('Line',#2345,#2347) ;
#2366=LINE('Line',#2363,#2365) ;
#2373=LINE('Line',#2370,#2372) ;
#2380=LINE('Line',#2377,#2379) ;
#2387=LINE('Line',#2384,#2386) ;
#2394=LINE('Line',#2391,#2393) ;
#2401=LINE('Line',#2398,#2400) ;
#2408=LINE('Line',#2405,#2407) ;
#2415=LINE('Line',#2412,#2414) ;
#2422=LINE('Line',#2419,#2421) ;
#2429=LINE('Line',#2426,#2428) ;
#2436=LINE('Line',#2433,#2435) ;
#2443=LINE('Line',#2440,#2442) ;
#2450=LINE('Line',#2447,#2449) ;
#2457=LINE('Line',#2454,#2456) ;
#2504=LINE('Line',#2501,#2503) ;
#2518=LINE('Line',#2515,#2517) ;
#2557=LINE('Line',#2554,#2556) ;
#2573=LINE('Line',#2570,#2572) ;
#2592=LINE('Line',#2589,#2591) ;
#2601=LINE('Line',#2598,#2600) ;
#2608=LINE('Line',#2605,#2607) ;
#2613=LINE('Line',#2610,#2612) ;
#2631=LINE('Line',#2628,#2630) ;
#2638=LINE('Line',#2635,#2637) ;
#2645=LINE('Line',#2642,#2644) ;
#2662=LINE('Line',#2659,#2661) ;
#2671=LINE('Line',#2668,#2670) ;
#2676=LINE('Line',#2673,#2675) ;
#2688=LINE('Line',#2685,#2687) ;
#2702=LINE('Line',#2699,#2701) ;
#2709=LINE('Line',#2706,#2708) ;
#2727=LINE('Line',#2724,#2726) ;
#2741=LINE('Line',#2738,#2740) ;
#2753=LINE('Line',#2750,#2752) ;
#2762=LINE('Line',#2759,#2761) ;
#2769=LINE('Line',#2766,#2768) ;
#2776=LINE('Line',#2773,#2775) ;
#2783=LINE('Line',#2780,#2782) ;
#2831=LINE('Line',#2828,#2830) ;
#2836=LINE('Line',#2833,#2835) ;
#2841=LINE('Line',#2838,#2840) ;
#2848=LINE('Line',#2845,#2847) ;
#2853=LINE('Line',#2850,#2852) ;
#2860=LINE('Line',#2857,#2859) ;
#2867=LINE('Line',#2864,#2866) ;
#2993=LINE('Line',#2990,#2992) ;
#3002=LINE('Line',#2999,#3001) ;
#3009=LINE('Line',#3006,#3008) ;
#3016=LINE('Line',#3013,#3015) ;
#3028=LINE('Line',#3025,#3027) ;
#3033=LINE('Line',#3030,#3032) ;
#3040=LINE('Line',#3037,#3039) ;
#3047=LINE('Line',#3044,#3046) ;
#3064=LINE('Line',#3061,#3063) ;
#3106=LINE('Line',#3103,#3105) ;
#3115=LINE('Line',#3112,#3114) ;
#3122=LINE('Line',#3119,#3121) ;
#3129=LINE('Line',#3126,#3128) ;
#3155=LINE('Line',#3152,#3154) ;
#3160=LINE('Line',#3157,#3159) ;
#3186=LINE('Line',#3183,#3185) ;
#3191=LINE('Line',#3188,#3190) ;
#3217=LINE('Line',#3214,#3216) ;
#3222=LINE('Line',#3219,#3221) ;
#3239=LINE('Line',#3236,#3238) ;
#3251=LINE('Line',#3248,#3250) ;
#3258=LINE('Line',#3255,#3257) ;
#3265=LINE('Line',#3262,#3264) ;
#3296=LINE('Line',#3293,#3295) ;
#3313=LINE('Line',#3310,#3312) ;
#3318=LINE('Line',#3315,#3317) ;
#3330=LINE('Line',#3327,#3329) ;
#3335=LINE('Line',#3332,#3334) ;
#3352=LINE('Line',#3349,#3351) ;
#3383=LINE('Line',#3380,#3382) ;
#3414=LINE('Line',#3411,#3413) ;
#3445=LINE('Line',#3442,#3444) ;
#3454=LINE('Line',#3451,#3453) ;
#3461=LINE('Line',#3458,#3460) ;
#3468=LINE('Line',#3465,#3467) ;
#3531=LINE('Line',#3528,#3530) ;
#3562=LINE('Line',#3559,#3561) ;
#3569=LINE('Line',#3566,#3568) ;
#3576=LINE('Line',#3573,#3575) ;
#3620=LINE('Line',#3617,#3619) ;
#3643=LINE('Line',#3640,#3642) ;
#3650=LINE('Line',#3647,#3649) ;
#3657=LINE('Line',#3654,#3656) ;
#3676=LINE('Line',#3673,#3675) ;
#3683=LINE('Line',#3680,#3682) ;
#3690=LINE('Line',#3687,#3689) ;
#3714=LINE('Line',#3711,#3713) ;
#3738=LINE('Line',#3735,#3737) ;
#3745=LINE('Line',#3742,#3744) ;
#3752=LINE('Line',#3749,#3751) ;
#3769=LINE('Line',#3766,#3768) ;
#3778=LINE('Line',#3775,#3777) ;
#3805=LINE('Line',#3802,#3804) ;
#3968=LINE('Line',#3965,#3967) ;
#3987=LINE('Line',#3984,#3986) ;
#4000=LINE('Line',#3997,#3999) ;
#4007=LINE('Line',#4004,#4006) ;
#4032=LINE('Line',#4029,#4031) ;
#4051=LINE('Line',#4048,#4050) ;
#4068=LINE('Line',#4065,#4067) ;
#4092=LINE('Line',#4089,#4091) ;
#4101=LINE('Line',#4098,#4100) ;
#4108=LINE('Line',#4105,#4107) ;
#4115=LINE('Line',#4112,#4114) ;
#4132=LINE('Line',#4129,#4131) ;
#4209=LINE('Line',#4206,#4208) ;
#4256=LINE('Line',#4253,#4255) ;
#4303=LINE('Line',#4300,#4302) ;
#4327=LINE('Line',#4324,#4326) ;
#4344=LINE('Line',#4341,#4343) ;
#4351=LINE('Line',#4348,#4350) ;
#4397=LINE('Line',#4394,#4396) ;
#4664=LINE('Line',#4661,#4663) ;
#4911=LINE('Line',#4908,#4910) ;
#4928=LINE('Line',#4925,#4927) ;
#4945=LINE('Line',#4942,#4944) ;
#4952=LINE('Line',#4949,#4951) ;
#4959=LINE('Line',#4956,#4958) ;
#4976=LINE('Line',#4973,#4975) ;
#5007=LINE('Line',#5004,#5006) ;
#5019=LINE('Line',#5016,#5018) ;
#5026=LINE('Line',#5023,#5025) ;
#5033=LINE('Line',#5030,#5032) ;
#5055=LINE('Line',#5052,#5054) ;
#5091=LINE('Line',#5088,#5090) ;
#5108=LINE('Line',#5105,#5107) ;
#5115=LINE('Line',#5112,#5114) ;
#5139=LINE('Line',#5136,#5138) ;
#5163=LINE('Line',#5160,#5162) ;
#5170=LINE('Line',#5167,#5169) ;
#5177=LINE('Line',#5174,#5176) ;
#5208=LINE('Line',#5205,#5207) ;
#5225=LINE('Line',#5222,#5224) ;
#5234=LINE('Line',#5231,#5233) ;
#5241=LINE('Line',#5238,#5240) ;
#5248=LINE('Line',#5245,#5247) ;
#5277=LINE('Line',#5274,#5276) ;
#5299=LINE('Line',#5296,#5298) ;
#5323=LINE('Line',#5320,#5322) ;
#5340=LINE('Line',#5337,#5339) ;
#5352=LINE('Line',#5349,#5351) ;
#5357=LINE('Line',#5354,#5356) ;
#5381=LINE('Line',#5378,#5380) ;
#5395=LINE('Line',#5392,#5394) ;
#5511=LINE('Line',#5508,#5510) ;
#5559=LINE('Line',#5556,#5558) ;
#5564=LINE('Line',#5561,#5563) ;
#5571=LINE('Line',#5568,#5570) ;
#5589=LINE('Line',#5586,#5588) ;
#5596=LINE('Line',#5593,#5595) ;
#5613=LINE('Line',#5610,#5612) ;
#5618=LINE('Line',#5615,#5617) ;
#5643=LINE('Line',#5640,#5642) ;
#5650=LINE('Line',#5647,#5649) ;
#5655=LINE('Line',#5652,#5654) ;
#5673=LINE('Line',#5670,#5672) ;
#5685=LINE('Line',#5682,#5684) ;
#5692=LINE('Line',#5689,#5691) ;
#5710=LINE('Line',#5707,#5709) ;
#5760=LINE('Line',#5757,#5759) ;
#5808=LINE('Line',#5805,#5807) ;
#6018=LINE('Line',#6015,#6017) ;
#6027=LINE('Line',#6024,#6026) ;
#6034=LINE('Line',#6031,#6033) ;
#6041=LINE('Line',#6038,#6040) ;
#6053=LINE('Line',#6050,#6052) ;
#6060=LINE('Line',#6057,#6059) ;
#6065=LINE('Line',#6062,#6064) ;
#6072=LINE('Line',#6069,#6071) ;
#6093=LINE('Line',#6090,#6092) ;
#6102=LINE('Line',#6099,#6101) ;
#6109=LINE('Line',#6106,#6108) ;
#6116=LINE('Line',#6113,#6115) ;
#6128=LINE('Line',#6125,#6127) ;
#6135=LINE('Line',#6132,#6134) ;
#6140=LINE('Line',#6137,#6139) ;
#6147=LINE('Line',#6144,#6146) ;
#6219=LINE('Line',#6216,#6218) ;
#6277=LINE('Line',#6274,#6276) ;
#6284=LINE('Line',#6281,#6283) ;
#6301=LINE('Line',#6298,#6300) ;
#6308=LINE('Line',#6305,#6307) ;
#6327=LINE('Line',#6324,#6326) ;
#6352=LINE('Line',#6349,#6351) ;
#6393=LINE('Line',#6390,#6392) ;
#6419=LINE('Line',#6416,#6418) ;
#6426=LINE('Line',#6423,#6425) ;
#6433=LINE('Line',#6430,#6432) ;
#6450=LINE('Line',#6447,#6449) ;
#6481=LINE('Line',#6478,#6480) ;
#6498=LINE('Line',#6495,#6497) ;
#6505=LINE('Line',#6502,#6504) ;
#6522=LINE('Line',#6519,#6521) ;
#6546=LINE('Line',#6543,#6545) ;
#6553=LINE('Line',#6550,#6552) ;
#6577=LINE('Line',#6574,#6576) ;
#6594=LINE('Line',#6591,#6593) ;
#6611=LINE('Line',#6608,#6610) ;
#6618=LINE('Line',#6615,#6617) ;
#6625=LINE('Line',#6622,#6624) ;
#6649=LINE('Line',#6646,#6648) ;
#6667=LINE('Line',#6664,#6666) ;
#6693=LINE('Line',#6690,#6692) ;
#6700=LINE('Line',#6697,#6699) ;
#6721=LINE('Line',#6718,#6720) ;
#6728=LINE('Line',#6725,#6727) ;
#6735=LINE('Line',#6732,#6734) ;
#6759=LINE('Line',#6756,#6758) ;
#6776=LINE('Line',#6773,#6775) ;
#6800=LINE('Line',#6797,#6799) ;
#6807=LINE('Line',#6804,#6806) ;
#6814=LINE('Line',#6811,#6813) ;
#6831=LINE('Line',#6828,#6830) ;
#6862=LINE('Line',#6859,#6861) ;
#6879=LINE('Line',#6876,#6878) ;
#6896=LINE('Line',#6893,#6895) ;
#6979=LINE('Line',#6976,#6978) ;
#7028=LINE('Line',#7025,#7027) ;
#7052=LINE('Line',#7049,#7051) ;
#7059=LINE('Line',#7056,#7058) ;
#7077=LINE('Line',#7074,#7076) ;
#7084=LINE('Line',#7081,#7083) ;
#7101=LINE('Line',#7098,#7100) ;
#7108=LINE('Line',#7105,#7107) ;
#7126=LINE('Line',#7123,#7125) ;
#7133=LINE('Line',#7130,#7132) ;
#7151=LINE('Line',#7148,#7150) ;
#7158=LINE('Line',#7155,#7157) ;
#7175=LINE('Line',#7172,#7174) ;
#7182=LINE('Line',#7179,#7181) ;
#7195=LINE('Line',#7192,#7194) ;
#7202=LINE('Line',#7199,#7201) ;
#7220=LINE('Line',#7217,#7219) ;
#7227=LINE('Line',#7224,#7226) ;
#7244=LINE('Line',#7241,#7243) ;
#7251=LINE('Line',#7248,#7250) ;
#7264=LINE('Line',#7261,#7263) ;
#7271=LINE('Line',#7268,#7270) ;
#7289=LINE('Line',#7286,#7288) ;
#7296=LINE('Line',#7293,#7295) ;
#7308=LINE('Line',#7305,#7307) ;
#7315=LINE('Line',#7312,#7314) ;
#7328=LINE('Line',#7325,#7327) ;
#7335=LINE('Line',#7332,#7334) ;
#7348=LINE('Line',#7345,#7347) ;
#7429=LINE('Line',#7426,#7428) ;
#7436=LINE('Line',#7433,#7435) ;
#7501=LINE('Line',#7498,#7500) ;
#7519=LINE('Line',#7516,#7518) ;
#7566=LINE('Line',#7563,#7565) ;
#7621=LINE('Line',#7618,#7620) ;
#7635=LINE('Line',#7632,#7634) ;
#7658=LINE('Line',#7655,#7657) ;
#7672=LINE('Line',#7669,#7671) ;
#7697=LINE('Line',#7694,#7696) ;
#7704=LINE('Line',#7701,#7703) ;
#7741=LINE('Line',#7738,#7740) ;
#7746=LINE('Line',#7743,#7745) ;
#7773=LINE('Line',#7770,#7772) ;
#7780=LINE('Line',#7777,#7779) ;
#1043=CIRCLE('generated circle',#1042,0.5) ;
#1057=CIRCLE('generated circle',#1056,0.5) ;
#1074=CIRCLE('generated circle',#1073,0.5) ;
#1081=CIRCLE('generated circle',#1080,0.5) ;
#1104=CIRCLE('generated circle',#1103,0.5) ;
#1121=CIRCLE('generated circle',#1120,0.5) ;
#1128=CIRCLE('generated circle',#1127,0.5) ;
#1151=CIRCLE('generated circle',#1150,0.5) ;
#1168=CIRCLE('generated circle',#1167,0.5) ;
#1175=CIRCLE('generated circle',#1174,0.5) ;
#1198=CIRCLE('generated circle',#1197,0.5) ;
#1215=CIRCLE('generated circle',#1214,0.5) ;
#1231=CIRCLE('generated circle',#1230,0.5) ;
#1286=CIRCLE('generated circle',#1285,0.5) ;
#1334=CIRCLE('generated circle',#1333,0.5) ;
#1382=CIRCLE('generated circle',#1381,0.5) ;
#1423=CIRCLE('generated circle',#1422,0.5) ;
#1430=CIRCLE('generated circle',#1429,0.5) ;
#1454=CIRCLE('generated circle',#1453,0.5) ;
#1461=CIRCLE('generated circle',#1460,1.) ;
#1478=CIRCLE('generated circle',#1477,0.5) ;
#1502=CIRCLE('generated circle',#1501,0.5) ;
#1509=CIRCLE('generated circle',#1508,1.) ;
#1526=CIRCLE('generated circle',#1525,0.5) ;
#1550=CIRCLE('generated circle',#1549,0.5) ;
#1557=CIRCLE('generated circle',#1556,1.) ;
#1574=CIRCLE('generated circle',#1573,0.5) ;
#1598=CIRCLE('generated circle',#1597,1.) ;
#1700=CIRCLE('generated circle',#1699,1.) ;
#1714=CIRCLE('generated circle',#1713,1.) ;
#1728=CIRCLE('generated circle',#1727,1.) ;
#1742=CIRCLE('generated circle',#1741,1.) ;
#1840=CIRCLE('generated circle',#1839,0.5) ;
#1845=CIRCLE('generated circle',#1844,0.5) ;
#1862=CIRCLE('generated circle',#1861,0.5) ;
#1869=CIRCLE('generated circle',#1868,0.5) ;
#1892=CIRCLE('generated circle',#1891,0.5) ;
#2049=CIRCLE('generated circle',#2048,0.5) ;
#2088=CIRCLE('generated circle',#2087,0.5) ;
#2245=CIRCLE('generated circle',#2244,0.2) ;
#2270=CIRCLE('generated circle',#2269,0.2) ;
#2287=CIRCLE('generated circle',#2286,0.2) ;
#2294=CIRCLE('generated circle',#2293,0.2) ;
#2317=CIRCLE('generated circle',#2316,0.2) ;
#2480=CIRCLE('generated circle',#2479,2.025) ;
#2489=CIRCLE('generated circle',#2488,2.025) ;
#2511=CIRCLE('generated circle',#2510,2.025) ;
#2530=CIRCLE('generated circle',#2529,2.025) ;
#2566=CIRCLE('generated circle',#2565,0.2) ;
#2580=CIRCLE('generated circle',#2579,0.2) ;
#2695=CIRCLE('generated circle',#2694,0.2) ;
#2734=CIRCLE('generated circle',#2733,0.2) ;
#2801=CIRCLE('generated circle',#2800,0.5) ;
#2808=CIRCLE('generated circle',#2807,0.5) ;
#2815=CIRCLE('generated circle',#2814,0.5) ;
#2892=CIRCLE('generated circle',#2891,0.3) ;
#2899=CIRCLE('generated circle',#2898,0.2) ;
#2904=CIRCLE('generated circle',#2903,0.5) ;
#2921=CIRCLE('generated circle',#2920,0.5) ;
#2930=CIRCLE('generated circle',#2929,0.5) ;
#2937=CIRCLE('generated circle',#2936,0.5) ;
#2953=CIRCLE('generated circle',#2952,0.5) ;
#2962=CIRCLE('generated circle',#2961,0.5) ;
#2969=CIRCLE('generated circle',#2968,0.5) ;
#3081=CIRCLE('generated circle',#3080,0.5) ;
#3088=CIRCLE('generated circle',#3087,0.5) ;
#3095=CIRCLE('generated circle',#3094,0.5) ;
#3146=CIRCLE('generated circle',#3145,0.5) ;
#3177=CIRCLE('generated circle',#3176,0.5) ;
#3208=CIRCLE('generated circle',#3207,0.5) ;
#3282=CIRCLE('generated circle',#3281,0.5) ;
#3289=CIRCLE('generated circle',#3288,0.5) ;
#3361=CIRCLE('generated circle',#3360,0.5) ;
#3366=CIRCLE('generated circle',#3365,0.5) ;
#3392=CIRCLE('generated circle',#3391,0.5) ;
#3397=CIRCLE('generated circle',#3396,0.5) ;
#3423=CIRCLE('generated circle',#3422,0.5) ;
#3428=CIRCLE('generated circle',#3427,0.5) ;
#3485=CIRCLE('generated circle',#3484,0.5) ;
#3492=CIRCLE('generated circle',#3491,0.5) ;
#3508=CIRCLE('generated circle',#3507,0.5) ;
#3515=CIRCLE('generated circle',#3514,0.5) ;
#3540=CIRCLE('generated circle',#3539,0.5) ;
#3545=CIRCLE('generated circle',#3544,0.5) ;
#3707=CIRCLE('generated circle',#3706,1.06782721923) ;
#3721=CIRCLE('generated circle',#3720,1.49817467469) ;
#3945=CIRCLE('generated circle',#3944,0.2) ;
#3952=CIRCLE('generated circle',#3951,0.2) ;
#3975=CIRCLE('generated circle',#3974,0.5) ;
#4014=CIRCLE('generated circle',#4013,0.5) ;
#4039=CIRCLE('generated circle',#4038,0.5) ;
#4075=CIRCLE('generated circle',#4074,0.5) ;
#4141=CIRCLE('generated circle',#4140,0.5) ;
#4146=CIRCLE('generated circle',#4145,0.5) ;
#4163=CIRCLE('generated circle',#4162,0.5) ;
#4170=CIRCLE('generated circle',#4169,0.5) ;
#4186=CIRCLE('generated circle',#4185,0.5) ;
#4193=CIRCLE('generated circle',#4192,0.5) ;
#4216=CIRCLE('generated circle',#4215,0.5) ;
#4233=CIRCLE('generated circle',#4232,0.5) ;
#4240=CIRCLE('generated circle',#4239,0.5) ;
#4263=CIRCLE('generated circle',#4262,0.5) ;
#4280=CIRCLE('generated circle',#4279,0.5) ;
#4287=CIRCLE('generated circle',#4286,0.5) ;
#4320=CIRCLE('generated circle',#4319,0.2) ;
#4983=CIRCLE('generated circle',#4982,0.5) ;
#5000=CIRCLE('generated circle',#4999,0.5) ;
#5050=CIRCLE('generated circle',#5049,0.5) ;
#5062=CIRCLE('generated circle',#5061,0.5) ;
#5079=CIRCLE('generated circle',#5078,0.5) ;
#5084=CIRCLE('generated circle',#5083,0.5) ;
#5132=CIRCLE('generated circle',#5131,0.5) ;
#5146=CIRCLE('generated circle',#5145,0.5) ;
#5194=CIRCLE('generated circle',#5193,0.5) ;
#5201=CIRCLE('generated circle',#5200,0.5) ;
#5265=CIRCLE('generated circle',#5264,0.5) ;
#5270=CIRCLE('generated circle',#5269,0.5) ;
#5294=CIRCLE('generated circle',#5293,0.5) ;
#5306=CIRCLE('generated circle',#5305,0.5) ;
#5374=CIRCLE('generated circle',#5373,0.5) ;
#5388=CIRCLE('generated circle',#5387,0.5) ;
#5739=CIRCLE('generated circle',#5738,0.5) ;
#5744=CIRCLE('generated circle',#5743,0.5) ;
#5767=CIRCLE('generated circle',#5766,0.5) ;
#5784=CIRCLE('generated circle',#5783,0.5) ;
#5791=CIRCLE('generated circle',#5790,0.574629682707) ;
#5849=CIRCLE('generated circle',#5848,0.5) ;
#5854=CIRCLE('generated circle',#5853,0.5) ;
#5871=CIRCLE('generated circle',#5870,0.5) ;
#5876=CIRCLE('generated circle',#5875,0.5) ;
#5893=CIRCLE('generated circle',#5892,0.5) ;
#5898=CIRCLE('generated circle',#5897,0.5) ;
#5915=CIRCLE('generated circle',#5914,0.5) ;
#5920=CIRCLE('generated circle',#5919,0.5) ;
#5949=CIRCLE('generated circle',#5948,0.5) ;
#5966=CIRCLE('generated circle',#5965,0.5) ;
#6168=CIRCLE('generated circle',#6167,0.5) ;
#6195=CIRCLE('generated circle',#6194,0.2) ;
#6202=CIRCLE('generated circle',#6201,0.3) ;
#6254=CIRCLE('generated circle',#6253,0.5) ;
#6320=CIRCLE('generated circle',#6319,0.2) ;
#6345=CIRCLE('generated circle',#6344,0.2) ;
#6369=CIRCLE('generated circle',#6368,0.2) ;
#6376=CIRCLE('generated circle',#6375,0.3) ;
#6457=CIRCLE('generated circle',#6456,0.5) ;
#6474=CIRCLE('generated circle',#6473,0.5) ;
#6529=CIRCLE('generated circle',#6528,0.5) ;
#6570=CIRCLE('generated circle',#6569,0.5) ;
#6642=CIRCLE('generated circle',#6641,0.5) ;
#6752=CIRCLE('generated circle',#6751,1.5) ;
#6783=CIRCLE('generated circle',#6782,1.5) ;
#6838=CIRCLE('generated circle',#6837,1.5) ;
#6855=CIRCLE('generated circle',#6854,1.5) ;
#6933=CIRCLE('generated circle',#6932,0.5) ;
#6965=CIRCLE('generated circle',#6964,0.5) ;
#6972=CIRCLE('generated circle',#6971,0.5) ;
#6997=CIRCLE('generated circle',#6996,0.2) ;
#7004=CIRCLE('generated circle',#7003,0.3) ;
#7011=CIRCLE('generated circle',#7010,0.2) ;
#7035=CIRCLE('generated circle',#7034,0.2) ;
#7365=CIRCLE('generated circle',#7364,0.5) ;
#7393=CIRCLE('generated circle',#7392,0.5) ;
#7443=CIRCLE('generated circle',#7442,0.5) ;
#7540=CIRCLE('generated circle',#7539,0.5) ;
#7573=CIRCLE('generated circle',#7572,0.5) ;
#7590=CIRCLE('generated circle',#7589,0.5) ;
#7628=CIRCLE('generated circle',#7627,0.5) ;
#7665=CIRCLE('generated circle',#7664,0.5) ;
#7753=CIRCLE('generated circle',#7752,0.5) ;
#35=PLANE('',#34) ;
#999=PLANE('',#998) ;
#1258=PLANE('',#1257) ;
#1306=PLANE('',#1305) ;
#1354=PLANE('',#1353) ;
#1402=PLANE('',#1401) ;
#1611=PLANE('',#1610) ;
#1912=PLANE('',#1911) ;
#1951=PLANE('',#1950) ;
#1990=PLANE('',#1989) ;
#2014=PLANE('',#2013) ;
#2038=PLANE('',#2037) ;
#2101=PLANE('',#2100) ;
#2193=PLANE('',#2192) ;
#2330=PLANE('',#2329) ;
#2362=PLANE('',#2361) ;
#2543=PLANE('',#2542) ;
#2627=PLANE('',#2626) ;
#2658=PLANE('',#2657) ;
#2827=PLANE('',#2826) ;
#2989=PLANE('',#2988) ;
#3235=PLANE('',#3234) ;
#3309=PLANE('',#3308) ;
#3441=PLANE('',#3440) ;
#3558=PLANE('',#3557) ;
#3589=PLANE('',#3588) ;
#3672=PLANE('',#3671) ;
#3734=PLANE('',#3733) ;
#3765=PLANE('',#3764) ;
#4088=PLANE('',#4087) ;
#4941=PLANE('',#4940) ;
#5104=PLANE('',#5103) ;
#5159=PLANE('',#5158) ;
#5221=PLANE('',#5220) ;
#5319=PLANE('',#5318) ;
#5336=PLANE('',#5335) ;
#5370=PLANE('',#5369) ;
#5555=PLANE('',#5554) ;
#5585=PLANE('',#5584) ;
#5609=PLANE('',#5608) ;
#5632=PLANE('',#5631) ;
#5669=PLANE('',#5668) ;
#5706=PLANE('',#5705) ;
#6014=PLANE('',#6013) ;
#6089=PLANE('',#6088) ;
#6215=PLANE('',#6214) ;
#6297=PLANE('',#6296) ;
#6415=PLANE('',#6414) ;
#6494=PLANE('',#6493) ;
#6542=PLANE('',#6541) ;
#6590=PLANE('',#6589) ;
#6607=PLANE('',#6606) ;
#6663=PLANE('',#6662) ;
#6717=PLANE('',#6716) ;
#6796=PLANE('',#6795) ;
#6875=PLANE('',#6874) ;
#6892=PLANE('',#6891) ;
#6947=PLANE('',#6946) ;
#7048=PLANE('',#7047) ;
#7073=PLANE('',#7072) ;
#7097=PLANE('',#7096) ;
#7122=PLANE('',#7121) ;
#7147=PLANE('',#7146) ;
#7171=PLANE('',#7170) ;
#7216=PLANE('',#7215) ;
#7240=PLANE('',#7239) ;
#7285=PLANE('',#7284) ;
#7693=PLANE('',#7692) ;
#7727=PLANE('',#7726) ;
#1039=CYLINDRICAL_SURFACE('generated cylinder',#1038,0.5) ;
#1093=CYLINDRICAL_SURFACE('generated cylinder',#1092,0.5) ;
#1140=CYLINDRICAL_SURFACE('generated cylinder',#1139,0.5) ;
#1187=CYLINDRICAL_SURFACE('generated cylinder',#1186,0.5) ;
#1227=CYLINDRICAL_SURFACE('generated cylinder',#1226,0.5) ;
#1282=CYLINDRICAL_SURFACE('generated cylinder',#1281,0.5) ;
#1330=CYLINDRICAL_SURFACE('generated cylinder',#1329,0.5) ;
#1378=CYLINDRICAL_SURFACE('generated cylinder',#1377,0.5) ;
#1419=CYLINDRICAL_SURFACE('generated cylinder',#1418,0.5) ;
#1474=CYLINDRICAL_SURFACE('generated cylinder',#1473,0.5) ;
#1522=CYLINDRICAL_SURFACE('generated cylinder',#1521,0.5) ;
#1570=CYLINDRICAL_SURFACE('generated cylinder',#1569,0.5) ;
#1827=CYLINDRICAL_SURFACE('generated cylinder',#1826,0.5) ;
#1881=CYLINDRICAL_SURFACE('generated cylinder',#1880,0.5) ;
#2070=CYLINDRICAL_SURFACE('generated cylinder',#2069,0.5) ;
#2259=CYLINDRICAL_SURFACE('generated cylinder',#2258,0.2) ;
#2306=CYLINDRICAL_SURFACE('generated cylinder',#2305,0.2) ;
#2500=CYLINDRICAL_SURFACE('generated cylinder',#2499,2.025) ;
#2553=CYLINDRICAL_SURFACE('generated cylinder',#2552,0.2) ;
#2723=CYLINDRICAL_SURFACE('generated cylinder',#2722,0.2) ;
#3060=CYLINDRICAL_SURFACE('generated cylinder',#3059,0.5) ;
#3142=CYLINDRICAL_SURFACE('generated cylinder',#3141,0.5) ;
#3173=CYLINDRICAL_SURFACE('generated cylinder',#3172,0.5) ;
#3204=CYLINDRICAL_SURFACE('generated cylinder',#3203,0.5) ;
#3278=CYLINDRICAL_SURFACE('generated cylinder',#3277,0.5) ;
#3348=CYLINDRICAL_SURFACE('generated cylinder',#3347,0.5) ;
#3379=CYLINDRICAL_SURFACE('generated cylinder',#3378,0.5) ;
#3410=CYLINDRICAL_SURFACE('generated cylinder',#3409,0.5) ;
#3527=CYLINDRICAL_SURFACE('generated cylinder',#3526,0.5) ;
#3964=CYLINDRICAL_SURFACE('generated cylinder',#3963,0.5) ;
#4028=CYLINDRICAL_SURFACE('generated cylinder',#4027,0.5) ;
#4064=CYLINDRICAL_SURFACE('generated cylinder',#4063,0.5) ;
#4128=CYLINDRICAL_SURFACE('generated cylinder',#4127,0.5) ;
#4205=CYLINDRICAL_SURFACE('generated cylinder',#4204,0.5) ;
#4252=CYLINDRICAL_SURFACE('generated cylinder',#4251,0.5) ;
#4299=CYLINDRICAL_SURFACE('generated cylinder',#4298,0.5) ;
#4316=CYLINDRICAL_SURFACE('generated cylinder',#4315,0.2) ;
#4340=CYLINDRICAL_SURFACE('generated cylinder',#4339,0.2) ;
#4373=CYLINDRICAL_SURFACE('generated cylinder',#4372,2.) ;
#4640=CYLINDRICAL_SURFACE('generated cylinder',#4639,2.) ;
#4907=CYLINDRICAL_SURFACE('generated cylinder',#4906,2.) ;
#4924=CYLINDRICAL_SURFACE('generated cylinder',#4923,2.) ;
#4972=CYLINDRICAL_SURFACE('generated cylinder',#4971,0.5) ;
#4996=CYLINDRICAL_SURFACE('generated cylinder',#4995,0.5) ;
#5046=CYLINDRICAL_SURFACE('generated cylinder',#5045,0.5) ;
#5075=CYLINDRICAL_SURFACE('generated cylinder',#5074,0.5) ;
#5128=CYLINDRICAL_SURFACE('generated cylinder',#5127,0.5) ;
#5190=CYLINDRICAL_SURFACE('generated cylinder',#5189,0.5) ;
#5261=CYLINDRICAL_SURFACE('generated cylinder',#5260,0.5) ;
#5290=CYLINDRICAL_SURFACE('generated cylinder',#5289,0.5) ;
#5507=CYLINDRICAL_SURFACE('generated cylinder',#5506,0.5) ;
#5524=CYLINDRICAL_SURFACE('generated cylinder',#5523,0.5) ;
#5536=CYLINDRICAL_SURFACE('generated cylinder',#5535,0.2) ;
#5723=CYLINDRICAL_SURFACE('generated cylinder',#5722,0.5) ;
#5756=CYLINDRICAL_SURFACE('generated cylinder',#5755,0.5) ;
#5804=CYLINDRICAL_SURFACE('generated cylinder',#5803,0.5) ;
#5821=CYLINDRICAL_SURFACE('generated cylinder',#5820,0.5) ;
#5833=CYLINDRICAL_SURFACE('generated cylinder',#5832,0.5) ;
#5845=CYLINDRICAL_SURFACE('generated cylinder',#5844,0.5) ;
#5933=CYLINDRICAL_SURFACE('generated cylinder',#5932,0.5) ;
#5945=CYLINDRICAL_SURFACE('generated cylinder',#5944,0.5) ;
#5979=CYLINDRICAL_SURFACE('generated cylinder',#5978,0.5) ;
#5991=CYLINDRICAL_SURFACE('generated cylinder',#5990,0.5) ;
#6250=CYLINDRICAL_SURFACE('generated cylinder',#6249,0.5) ;
#6341=CYLINDRICAL_SURFACE('generated cylinder',#6340,0.2) ;
#6389=CYLINDRICAL_SURFACE('generated cylinder',#6388,0.2) ;
#6446=CYLINDRICAL_SURFACE('generated cylinder',#6445,0.5) ;
#6470=CYLINDRICAL_SURFACE('generated cylinder',#6469,0.5) ;
#6518=CYLINDRICAL_SURFACE('generated cylinder',#6517,0.5) ;
#6566=CYLINDRICAL_SURFACE('generated cylinder',#6565,0.5) ;
#6638=CYLINDRICAL_SURFACE('generated cylinder',#6637,0.5) ;
#6748=CYLINDRICAL_SURFACE('generated cylinder',#6747,1.5) ;
#6772=CYLINDRICAL_SURFACE('generated cylinder',#6771,1.5) ;
#6827=CYLINDRICAL_SURFACE('generated cylinder',#6826,1.5) ;
#6851=CYLINDRICAL_SURFACE('generated cylinder',#6850,1.5) ;
#6929=CYLINDRICAL_SURFACE('generated cylinder',#6928,0.5) ;
#6961=CYLINDRICAL_SURFACE('generated cylinder',#6960,0.5) ;
#7024=CYLINDRICAL_SURFACE('generated cylinder',#7023,0.2) ;
#7377=CYLINDRICAL_SURFACE('generated cylinder',#7376,0.5) ;
#7425=CYLINDRICAL_SURFACE('generated cylinder',#7424,0.5) ;
#7497=CYLINDRICAL_SURFACE('generated cylinder',#7496,0.2) ;
#7562=CYLINDRICAL_SURFACE('generated cylinder',#7561,0.5) ;
#7823=CYLINDRICAL_SURFACE('generated cylinder',#7822,0.2) ;
#7842=CYLINDRICAL_SURFACE('generated cylinder',#7841,0.5) ;
#3703=CONICAL_SURFACE('Cone',#3702,1.49817467469,0.165141686929) ;
#1070=SPHERICAL_SURFACE('',#1069,0.5) ;
#1117=SPHERICAL_SURFACE('',#1116,0.5) ;
#1164=SPHERICAL_SURFACE('',#1163,0.5) ;
#1211=SPHERICAL_SURFACE('',#1210,0.5) ;
#1858=SPHERICAL_SURFACE('',#1857,0.5) ;
#2283=SPHERICAL_SURFACE('',#2282,0.2) ;
#2797=SPHERICAL_SURFACE('',#2796,0.5) ;
#2917=SPHERICAL_SURFACE('',#2916,0.5) ;
#2949=SPHERICAL_SURFACE('',#2948,0.5) ;
#3077=SPHERICAL_SURFACE('',#3076,0.5) ;
#3481=SPHERICAL_SURFACE('',#3480,0.5) ;
#3504=SPHERICAL_SURFACE('',#3503,0.5) ;
#3941=SPHERICAL_SURFACE('',#3940,0.2) ;
#4159=SPHERICAL_SURFACE('',#4158,0.5) ;
#4182=SPHERICAL_SURFACE('',#4181,0.5) ;
#4229=SPHERICAL_SURFACE('',#4228,0.5) ;
#4276=SPHERICAL_SURFACE('',#4275,0.5) ;
#5735=SPHERICAL_SURFACE('',#5734,0.5) ;
#6003=SPHERICAL_SURFACE('',#6002,0.5) ;
#6164=SPHERICAL_SURFACE('',#6163,0.5) ;
#6180=SPHERICAL_SURFACE('',#6179,0.5) ;
#6267=SPHERICAL_SURFACE('',#6266,0.5) ;
#7361=SPHERICAL_SURFACE('',#7360,0.5) ;
#7389=SPHERICAL_SURFACE('',#7388,0.5) ;
#7456=SPHERICAL_SURFACE('',#7455,0.5) ;
#7536=SPHERICAL_SURFACE('',#7535,0.5) ;
#7586=SPHERICAL_SURFACE('',#7585,0.5) ;
#7648=SPHERICAL_SURFACE('',#7647,0.5) ;
#1450=TOROIDAL_SURFACE('homeo Torus',#1449,1.,0.5) ;
#1498=TOROIDAL_SURFACE('homeo Torus',#1497,1.,0.5) ;
#1546=TOROIDAL_SURFACE('homeo Torus',#1545,1.,0.5) ;
#1594=TOROIDAL_SURFACE('homeo Torus',#1593,1.,0.5) ;
#2888=TOROIDAL_SURFACE('homeo Torus',#2887,0.3,0.2) ;
#5780=TOROIDAL_SURFACE('homeo Torus',#5779,0.574629682707,0.5) ;
#5867=TOROIDAL_SURFACE('homeo Torus',#5866,1.,0.5) ;
#5889=TOROIDAL_SURFACE('homeo Torus',#5888,1.,0.5) ;
#5911=TOROIDAL_SURFACE('homeo Torus',#5910,1.,0.5) ;
#5962=TOROIDAL_SURFACE('homeo Torus',#5961,1.,0.5) ;
#6191=TOROIDAL_SURFACE('homeo Torus',#6190,0.3,0.2) ;
#6365=TOROIDAL_SURFACE('homeo Torus',#6364,0.3,0.2) ;
#6993=TOROIDAL_SURFACE('homeo Torus',#6992,0.3,0.2) ;
#981=FACE_BOUND('',#927,.T.) ;
#1687=FACE_BOUND('',#1678,.T.) ;
#1753=FACE_BOUND('',#1744,.T.) ;
#1787=FACE_BOUND('',#1782,.T.) ;
#1821=FACE_BOUND('',#1816,.T.) ;
#2494=FACE_BOUND('',#2491,.T.) ;
#6244=FACE_BOUND('',#6237,.T.) ;
#6913=FACE_BOUND('',#6904,.T.) ;
#6923=FACE_BOUND('',#6914,.T.) ;
#7721=FACE_BOUND('',#7712,.T.) ;
#7768=FACE_BOUND('',#7755,.T.) ;
#44=EDGE_CURVE('',#41,#43,#39,.F.) ;
#51=EDGE_CURVE('',#43,#50,#48,.F.) ;
#58=EDGE_CURVE('',#50,#57,#55,.F.) ;
#65=EDGE_CURVE('',#57,#64,#62,.F.) ;
#72=EDGE_CURVE('',#64,#71,#69,.F.) ;
#79=EDGE_CURVE('',#71,#78,#76,.F.) ;
#86=EDGE_CURVE('',#78,#85,#83,.F.) ;
#93=EDGE_CURVE('',#85,#92,#90,.F.) ;
#100=EDGE_CURVE('',#92,#99,#97,.F.) ;
#107=EDGE_CURVE('',#99,#106,#104,.F.) ;
#114=EDGE_CURVE('',#106,#113,#111,.F.) ;
#121=EDGE_CURVE('',#113,#120,#118,.F.) ;
#128=EDGE_CURVE('',#120,#127,#125,.F.) ;
#135=EDGE_CURVE('',#127,#134,#132,.F.) ;
#142=EDGE_CURVE('',#134,#141,#139,.F.) ;
#149=EDGE_CURVE('',#141,#148,#146,.F.) ;
#156=EDGE_CURVE('',#148,#155,#153,.F.) ;
#163=EDGE_CURVE('',#155,#162,#160,.F.) ;
#170=EDGE_CURVE('',#162,#169,#167,.F.) ;
#177=EDGE_CURVE('',#169,#176,#174,.F.) ;
#184=EDGE_CURVE('',#176,#183,#181,.F.) ;
#191=EDGE_CURVE('',#183,#190,#188,.F.) ;
#198=EDGE_CURVE('',#190,#197,#195,.F.) ;
#205=EDGE_CURVE('',#197,#204,#202,.F.) ;
#212=EDGE_CURVE('',#204,#211,#209,.F.) ;
#219=EDGE_CURVE('',#211,#218,#216,.F.) ;
#226=EDGE_CURVE('',#218,#225,#223,.F.) ;
#233=EDGE_CURVE('',#225,#232,#230,.F.) ;
#240=EDGE_CURVE('',#232,#239,#237,.F.) ;
#247=EDGE_CURVE('',#239,#246,#244,.F.) ;
#254=EDGE_CURVE('',#246,#253,#251,.F.) ;
#261=EDGE_CURVE('',#253,#260,#258,.F.) ;
#268=EDGE_CURVE('',#260,#267,#265,.F.) ;
#275=EDGE_CURVE('',#267,#274,#272,.F.) ;
#282=EDGE_CURVE('',#274,#281,#279,.F.) ;
#289=EDGE_CURVE('',#281,#288,#286,.F.) ;
#296=EDGE_CURVE('',#288,#295,#293,.F.) ;
#303=EDGE_CURVE('',#295,#302,#300,.F.) ;
#310=EDGE_CURVE('',#302,#309,#307,.F.) ;
#317=EDGE_CURVE('',#309,#316,#314,.F.) ;
#324=EDGE_CURVE('',#316,#323,#321,.F.) ;
#331=EDGE_CURVE('',#323,#330,#328,.F.) ;
#338=EDGE_CURVE('',#330,#337,#335,.F.) ;
#345=EDGE_CURVE('',#337,#344,#342,.F.) ;
#352=EDGE_CURVE('',#344,#351,#349,.F.) ;
#359=EDGE_CURVE('',#351,#358,#356,.F.) ;
#366=EDGE_CURVE('',#358,#365,#363,.F.) ;
#373=EDGE_CURVE('',#365,#372,#370,.F.) ;
#380=EDGE_CURVE('',#372,#379,#377,.F.) ;
#387=EDGE_CURVE('',#379,#386,#384,.F.) ;
#394=EDGE_CURVE('',#386,#393,#391,.F.) ;
#401=EDGE_CURVE('',#393,#400,#398,.F.) ;
#408=EDGE_CURVE('',#400,#407,#405,.F.) ;
#415=EDGE_CURVE('',#407,#414,#412,.F.) ;
#422=EDGE_CURVE('',#414,#421,#419,.F.) ;
#429=EDGE_CURVE('',#421,#428,#426,.F.) ;
#436=EDGE_CURVE('',#428,#435,#433,.F.) ;
#443=EDGE_CURVE('',#435,#442,#440,.F.) ;
#450=EDGE_CURVE('',#442,#449,#447,.F.) ;
#457=EDGE_CURVE('',#449,#456,#454,.F.) ;
#464=EDGE_CURVE('',#456,#463,#461,.F.) ;
#471=EDGE_CURVE('',#463,#470,#468,.F.) ;
#484=EDGE_CURVE('',#470,#483,#472,.T.) ;
#489=EDGE_CURVE('',#483,#41,#488,.F.) ;
#564=EDGE_CURVE('',#561,#563,#559,.T.) ;
#571=EDGE_CURVE('',#570,#561,#568,.T.) ;
#578=EDGE_CURVE('',#577,#570,#575,.T.) ;
#585=EDGE_CURVE('',#584,#577,#582,.T.) ;
#592=EDGE_CURVE('',#591,#584,#589,.T.) ;
#599=EDGE_CURVE('',#598,#591,#596,.T.) ;
#606=EDGE_CURVE('',#605,#598,#603,.T.) ;
#613=EDGE_CURVE('',#612,#605,#610,.T.) ;
#620=EDGE_CURVE('',#619,#612,#617,.T.) ;
#627=EDGE_CURVE('',#626,#619,#624,.T.) ;
#634=EDGE_CURVE('',#633,#626,#631,.T.) ;
#641=EDGE_CURVE('',#640,#633,#638,.T.) ;
#648=EDGE_CURVE('',#647,#640,#645,.T.) ;
#655=EDGE_CURVE('',#654,#647,#652,.T.) ;
#662=EDGE_CURVE('',#661,#654,#659,.T.) ;
#669=EDGE_CURVE('',#668,#661,#666,.T.) ;
#676=EDGE_CURVE('',#675,#668,#673,.T.) ;
#683=EDGE_CURVE('',#682,#675,#680,.T.) ;
#690=EDGE_CURVE('',#689,#682,#687,.T.) ;
#697=EDGE_CURVE('',#696,#689,#694,.T.) ;
#704=EDGE_CURVE('',#703,#696,#701,.T.) ;
#711=EDGE_CURVE('',#710,#703,#708,.T.) ;
#718=EDGE_CURVE('',#717,#710,#715,.T.) ;
#725=EDGE_CURVE('',#724,#717,#722,.T.) ;
#732=EDGE_CURVE('',#731,#724,#729,.T.) ;
#739=EDGE_CURVE('',#738,#731,#736,.T.) ;
#746=EDGE_CURVE('',#745,#738,#743,.T.) ;
#753=EDGE_CURVE('',#752,#745,#750,.T.) ;
#760=EDGE_CURVE('',#759,#752,#757,.T.) ;
#767=EDGE_CURVE('',#766,#759,#764,.T.) ;
#774=EDGE_CURVE('',#773,#766,#771,.T.) ;
#781=EDGE_CURVE('',#780,#773,#778,.T.) ;
#788=EDGE_CURVE('',#787,#780,#785,.T.) ;
#795=EDGE_CURVE('',#794,#787,#792,.T.) ;
#802=EDGE_CURVE('',#801,#794,#799,.T.) ;
#809=EDGE_CURVE('',#808,#801,#806,.T.) ;
#816=EDGE_CURVE('',#815,#808,#813,.T.) ;
#823=EDGE_CURVE('',#822,#815,#820,.T.) ;
#830=EDGE_CURVE('',#829,#822,#827,.T.) ;
#837=EDGE_CURVE('',#836,#829,#834,.T.) ;
#844=EDGE_CURVE('',#843,#836,#841,.T.) ;
#851=EDGE_CURVE('',#850,#843,#848,.T.) ;
#858=EDGE_CURVE('',#857,#850,#855,.T.) ;
#865=EDGE_CURVE('',#864,#857,#862,.T.) ;
#872=EDGE_CURVE('',#871,#864,#869,.T.) ;
#879=EDGE_CURVE('',#878,#871,#876,.T.) ;
#886=EDGE_CURVE('',#885,#878,#883,.T.) ;
#893=EDGE_CURVE('',#892,#885,#890,.T.) ;
#900=EDGE_CURVE('',#899,#892,#897,.T.) ;
#907=EDGE_CURVE('',#906,#899,#904,.T.) ;
#914=EDGE_CURVE('',#913,#906,#911,.T.) ;
#921=EDGE_CURVE('',#920,#913,#918,.T.) ;
#926=EDGE_CURVE('',#563,#920,#925,.T.) ;
#1008=EDGE_CURVE('',#1005,#1007,#1003,.F.) ;
#1015=EDGE_CURVE('',#1014,#1005,#1012,.T.) ;
#1022=EDGE_CURVE('',#1021,#1014,#1019,.F.) ;
#1027=EDGE_CURVE('',#1007,#1021,#1026,.T.) ;
#1046=EDGE_CURVE('',#1021,#1045,#1043,.T.) ;
#1053=EDGE_CURVE('',#1052,#1045,#1050,.T.) ;
#1058=EDGE_CURVE('',#1007,#1052,#1057,.T.) ;
#1077=EDGE_CURVE('',#1076,#1052,#1074,.T.) ;
#1082=EDGE_CURVE('',#1007,#1076,#1081,.F.) ;
#1100=EDGE_CURVE('',#1099,#1076,#1097,.F.) ;
#1105=EDGE_CURVE('',#1005,#1099,#1104,.F.) ;
#1124=EDGE_CURVE('',#1123,#1099,#1121,.T.) ;
#1129=EDGE_CURVE('',#1005,#1123,#1128,.F.) ;
#1147=EDGE_CURVE('',#1146,#1123,#1144,.T.) ;
#1152=EDGE_CURVE('',#1014,#1146,#1151,.T.) ;
#1171=EDGE_CURVE('',#1170,#1146,#1168,.T.) ;
#1176=EDGE_CURVE('',#1014,#1170,#1175,.F.) ;
#1194=EDGE_CURVE('',#1193,#1170,#1191,.F.) ;
#1199=EDGE_CURVE('',#1021,#1193,#1198,.F.) ;
#1216=EDGE_CURVE('',#1045,#1193,#1215,.T.) ;
#1236=EDGE_CURVE('',#1233,#1235,#1231,.F.) ;
#1241=EDGE_CURVE('',#1233,#1045,#1240,.F.) ;
#1246=EDGE_CURVE('',#1235,#1193,#1245,.F.) ;
#1265=EDGE_CURVE('',#1264,#1052,#1262,.F.) ;
#1270=EDGE_CURVE('',#1264,#1233,#1269,.T.) ;
#1289=EDGE_CURVE('',#1288,#1264,#1286,.F.) ;
#1294=EDGE_CURVE('',#1288,#1076,#1293,.F.) ;
#1313=EDGE_CURVE('',#1312,#1288,#1310,.F.) ;
#1318=EDGE_CURVE('',#1312,#1099,#1317,.F.) ;
#1337=EDGE_CURVE('',#1336,#1312,#1334,.F.) ;
#1342=EDGE_CURVE('',#1336,#1123,#1341,.F.) ;
#1361=EDGE_CURVE('',#1360,#1146,#1358,.F.) ;
#1366=EDGE_CURVE('',#1360,#1336,#1365,.T.) ;
#1385=EDGE_CURVE('',#1384,#1360,#1382,.F.) ;
#1390=EDGE_CURVE('',#1384,#1170,#1389,.F.) ;
#1407=EDGE_CURVE('',#1235,#1384,#1406,.F.) ;
#1426=EDGE_CURVE('',#1425,#1235,#1423,.F.) ;
#1433=EDGE_CURVE('',#1432,#1384,#1430,.F.) ;
#1438=EDGE_CURVE('',#1425,#1432,#1437,.F.) ;
#1457=EDGE_CURVE('',#1456,#1360,#1454,.T.) ;
#1462=EDGE_CURVE('',#1432,#1456,#1461,.F.) ;
#1481=EDGE_CURVE('',#1480,#1336,#1478,.T.) ;
#1486=EDGE_CURVE('',#1456,#1480,#1485,.T.) ;
#1505=EDGE_CURVE('',#1504,#1312,#1502,.T.) ;
#1510=EDGE_CURVE('',#1480,#1504,#1509,.F.) ;
#1529=EDGE_CURVE('',#1528,#1288,#1526,.F.) ;
#1534=EDGE_CURVE('',#1504,#1528,#1533,.F.) ;
#1553=EDGE_CURVE('',#1552,#1264,#1550,.T.) ;
#1558=EDGE_CURVE('',#1528,#1552,#1557,.F.) ;
#1577=EDGE_CURVE('',#1576,#1233,#1574,.T.) ;
#1582=EDGE_CURVE('',#1552,#1576,#1581,.T.) ;
#1599=EDGE_CURVE('',#1576,#1425,#1598,.F.) ;
#1620=EDGE_CURVE('',#1617,#1619,#1615,.F.) ;
#1627=EDGE_CURVE('',#1619,#1626,#1624,.T.) ;
#1634=EDGE_CURVE('',#1626,#1633,#1631,.F.) ;
#1641=EDGE_CURVE('',#1640,#1633,#1638,.F.) ;
#1648=EDGE_CURVE('',#1640,#1647,#1645,.F.) ;
#1655=EDGE_CURVE('',#1647,#1654,#1652,.T.) ;
#1662=EDGE_CURVE('',#1654,#1661,#1659,.F.) ;
#1667=EDGE_CURVE('',#1661,#1617,#1666,.T.) ;
#1696=EDGE_CURVE('',#1693,#1695,#1691,.T.) ;
#1703=EDGE_CURVE('',#1695,#1702,#1700,.F.) ;
#1710=EDGE_CURVE('',#1702,#1709,#1707,.F.) ;
#1717=EDGE_CURVE('',#1709,#1716,#1714,.F.) ;
#1724=EDGE_CURVE('',#1716,#1723,#1721,.T.) ;
#1731=EDGE_CURVE('',#1723,#1730,#1728,.F.) ;
#1738=EDGE_CURVE('',#1730,#1737,#1735,.F.) ;
#1743=EDGE_CURVE('',#1737,#1693,#1742,.F.) ;
#1762=EDGE_CURVE('',#1759,#1761,#1757,.F.) ;
#1769=EDGE_CURVE('',#1761,#1768,#1766,.T.) ;
#1776=EDGE_CURVE('',#1775,#1768,#1773,.F.) ;
#1781=EDGE_CURVE('',#1759,#1775,#1780,.T.) ;
#1796=EDGE_CURVE('',#1793,#1795,#1791,.F.) ;
#1803=EDGE_CURVE('',#1795,#1802,#1800,.T.) ;
#1810=EDGE_CURVE('',#1809,#1802,#1807,.F.) ;
#1815=EDGE_CURVE('',#1793,#1809,#1814,.T.) ;
#1836=EDGE_CURVE('',#1833,#1835,#1831,.F.) ;
#1841=EDGE_CURVE('',#1647,#1835,#1840,.F.) ;
#1846=EDGE_CURVE('',#1833,#1640,#1845,.T.) ;
#1865=EDGE_CURVE('',#1835,#1864,#1862,.T.) ;
#1870=EDGE_CURVE('',#1647,#1864,#1869,.F.) ;
#1888=EDGE_CURVE('',#1887,#1835,#1885,.T.) ;
#1895=EDGE_CURVE('',#1887,#1894,#1892,.T.) ;
#1900=EDGE_CURVE('',#1894,#1864,#1899,.T.) ;
#1919=EDGE_CURVE('',#1918,#1894,#1916,.F.) ;
#1926=EDGE_CURVE('',#1887,#1925,#1923,.T.) ;
#1933=EDGE_CURVE('',#1925,#1932,#1930,.F.) ;
#1938=EDGE_CURVE('',#1932,#1918,#1937,.F.) ;
#1958=EDGE_CURVE('',#1932,#1957,#1955,.F.) ;
#1965=EDGE_CURVE('',#1925,#1964,#1962,.T.) ;
#1972=EDGE_CURVE('',#1964,#1971,#1969,.F.) ;
#1977=EDGE_CURVE('',#1971,#1957,#1976,.T.) ;
#1997=EDGE_CURVE('',#1957,#1996,#1994,.F.) ;
#2002=EDGE_CURVE('',#1996,#1918,#2001,.T.) ;
#2021=EDGE_CURVE('',#1971,#2020,#2018,.T.) ;
#2026=EDGE_CURVE('',#2020,#1996,#2025,.T.) ;
#2045=EDGE_CURVE('',#2044,#1964,#2042,.T.) ;
#2052=EDGE_CURVE('',#2051,#2044,#2049,.F.) ;
#2057=EDGE_CURVE('',#2051,#2020,#2056,.T.) ;
#2077=EDGE_CURVE('',#2076,#2051,#2074,.T.) ;
#2084=EDGE_CURVE('',#2083,#2044,#2081,.T.) ;
#2089=EDGE_CURVE('',#2083,#2076,#2088,.T.) ;
#2110=EDGE_CURVE('',#2107,#2109,#2105,.T.) ;
#2117=EDGE_CURVE('',#2107,#2116,#2114,.F.) ;
#2124=EDGE_CURVE('',#2123,#2116,#2121,.T.) ;
#2131=EDGE_CURVE('',#2130,#2123,#2128,.T.) ;
#2138=EDGE_CURVE('',#2130,#2137,#2135,.T.) ;
#2143=EDGE_CURVE('',#2137,#2083,#2142,.F.) ;
#2150=EDGE_CURVE('',#2149,#1833,#2147,.T.) ;
#2157=EDGE_CURVE('',#2156,#2149,#2154,.T.) ;
#2164=EDGE_CURVE('',#2156,#2163,#2161,.T.) ;
#2169=EDGE_CURVE('',#2163,#2109,#2168,.T.) ;
#2202=EDGE_CURVE('',#2199,#2201,#2197,.F.) ;
#2209=EDGE_CURVE('',#2208,#2199,#2206,.T.) ;
#2214=EDGE_CURVE('',#2208,#2163,#2213,.F.) ;
#2219=EDGE_CURVE('',#2201,#2156,#2218,.F.) ;
#2234=EDGE_CURVE('',#2233,#2208,#2231,.T.) ;
#2241=EDGE_CURVE('',#2233,#2240,#2238,.T.) ;
#2246=EDGE_CURVE('',#2109,#2240,#2245,.F.) ;
#2266=EDGE_CURVE('',#2265,#2240,#2263,.T.) ;
#2271=EDGE_CURVE('',#2265,#2107,#2270,.T.) ;
#2290=EDGE_CURVE('',#2265,#2289,#2287,.F.) ;
#2295=EDGE_CURVE('',#2289,#2107,#2294,.T.) ;
#2313=EDGE_CURVE('',#2289,#2312,#2310,.F.) ;
#2318=EDGE_CURVE('',#2312,#2116,#2317,.T.) ;
#2337=EDGE_CURVE('',#2336,#2312,#2334,.T.) ;
#2344=EDGE_CURVE('',#2343,#2336,#2341,.T.) ;
#2349=EDGE_CURVE('',#2123,#2343,#2348,.T.) ;
#2369=EDGE_CURVE('',#2343,#2368,#2366,.F.) ;
#2376=EDGE_CURVE('',#2368,#2375,#2373,.T.) ;
#2383=EDGE_CURVE('',#2375,#2382,#2380,.F.) ;
#2390=EDGE_CURVE('',#2382,#2389,#2387,.T.) ;
#2397=EDGE_CURVE('',#2396,#2389,#2394,.F.) ;
#2404=EDGE_CURVE('',#2396,#2403,#2401,.T.) ;
#2411=EDGE_CURVE('',#2403,#2410,#2408,.F.) ;
#2418=EDGE_CURVE('',#2410,#2417,#2415,.T.) ;
#2425=EDGE_CURVE('',#2424,#2417,#2422,.F.) ;
#2432=EDGE_CURVE('',#2431,#2424,#2429,.T.) ;
#2439=EDGE_CURVE('',#2431,#2438,#2436,.F.) ;
#2446=EDGE_CURVE('',#2438,#2445,#2443,.T.) ;
#2453=EDGE_CURVE('',#2445,#2452,#2450,.F.) ;
#2458=EDGE_CURVE('',#2452,#2130,#2457,.T.) ;
#2485=EDGE_CURVE('',#2482,#2484,#2480,.T.) ;
#2490=EDGE_CURVE('',#2484,#2482,#2489,.T.) ;
#2507=EDGE_CURVE('',#2484,#2506,#2504,.F.) ;
#2514=EDGE_CURVE('',#2513,#2506,#2511,.T.) ;
#2519=EDGE_CURVE('',#2482,#2513,#2518,.F.) ;
#2531=EDGE_CURVE('',#2506,#2513,#2530,.T.) ;
#2562=EDGE_CURVE('',#2559,#2561,#2557,.T.) ;
#2569=EDGE_CURVE('',#2559,#2568,#2566,.T.) ;
#2576=EDGE_CURVE('',#2568,#2575,#2573,.T.) ;
#2581=EDGE_CURVE('',#2575,#2561,#2580,.F.) ;
#2597=EDGE_CURVE('',#2594,#2596,#2592,.T.) ;
#2604=EDGE_CURVE('',#2603,#2594,#2601,.F.) ;
#2609=EDGE_CURVE('',#2561,#2603,#2608,.T.) ;
#2614=EDGE_CURVE('',#2575,#2596,#2613,.T.) ;
#2634=EDGE_CURVE('',#2594,#2633,#2631,.T.) ;
#2641=EDGE_CURVE('',#2596,#2640,#2638,.T.) ;
#2646=EDGE_CURVE('',#2633,#2640,#2645,.F.) ;
#2667=EDGE_CURVE('',#2664,#2666,#2662,.F.) ;
#2672=EDGE_CURVE('',#2664,#2633,#2671,.F.) ;
#2677=EDGE_CURVE('',#2640,#2666,#2676,.T.) ;
#2691=EDGE_CURVE('',#2666,#2690,#2688,.F.) ;
#2698=EDGE_CURVE('',#2697,#2690,#2695,.T.) ;
#2705=EDGE_CURVE('',#2697,#2704,#2702,.T.) ;
#2710=EDGE_CURVE('',#2704,#2664,#2709,.F.) ;
#2730=EDGE_CURVE('',#2690,#2729,#2727,.T.) ;
#2737=EDGE_CURVE('',#2736,#2729,#2734,.T.) ;
#2742=EDGE_CURVE('',#2697,#2736,#2741,.T.) ;
#2758=EDGE_CURVE('',#2755,#2757,#2753,.F.) ;
#2765=EDGE_CURVE('',#2764,#2755,#2762,.T.) ;
#2772=EDGE_CURVE('',#2764,#2771,#2769,.F.) ;
#2779=EDGE_CURVE('',#2778,#2771,#2776,.T.) ;
#2784=EDGE_CURVE('',#2757,#2778,#2783,.F.) ;
#2804=EDGE_CURVE('',#1654,#2803,#2801,.F.) ;
#2811=EDGE_CURVE('',#2803,#2810,#2808,.T.) ;
#2816=EDGE_CURVE('',#1654,#2810,#2815,.F.) ;
#2832=EDGE_CURVE('',#2704,#2603,#2831,.T.) ;
#2837=EDGE_CURVE('',#2810,#2736,#2836,.F.) ;
#2844=EDGE_CURVE('',#2843,#2810,#2841,.T.) ;
#2849=EDGE_CURVE('',#2778,#2843,#2848,.T.) ;
#2856=EDGE_CURVE('',#2771,#2855,#2853,.T.) ;
#2863=EDGE_CURVE('',#2862,#2855,#2860,.T.) ;
#2868=EDGE_CURVE('',#2862,#2559,#2867,.F.) ;
#2895=EDGE_CURVE('',#2729,#2894,#2892,.F.) ;
#2900=EDGE_CURVE('',#1661,#2894,#2899,.T.) ;
#2905=EDGE_CURVE('',#2736,#1661,#2904,.F.) ;
#2926=EDGE_CURVE('',#2923,#2925,#2921,.F.) ;
#2933=EDGE_CURVE('',#2932,#2925,#2930,.T.) ;
#2938=EDGE_CURVE('',#2923,#2932,#2937,.F.) ;
#2958=EDGE_CURVE('',#2955,#2957,#2953,.F.) ;
#2965=EDGE_CURVE('',#2964,#2957,#2962,.T.) ;
#2970=EDGE_CURVE('',#2955,#2964,#2969,.F.) ;
#2998=EDGE_CURVE('',#2995,#2997,#2993,.F.) ;
#3005=EDGE_CURVE('',#2997,#3004,#3002,.T.) ;
#3012=EDGE_CURVE('',#3004,#3011,#3009,.F.) ;
#3017=EDGE_CURVE('',#3011,#2995,#3016,.T.) ;
#3029=EDGE_CURVE('',#2923,#2955,#3028,.T.) ;
#3036=EDGE_CURVE('',#3035,#2923,#3033,.F.) ;
#3043=EDGE_CURVE('',#3042,#3035,#3040,.T.) ;
#3048=EDGE_CURVE('',#2955,#3042,#3047,.F.) ;
#3065=EDGE_CURVE('',#2925,#2964,#3064,.T.) ;
#3084=EDGE_CURVE('',#3035,#3083,#3081,.F.) ;
#3091=EDGE_CURVE('',#3090,#3083,#3088,.T.) ;
#3096=EDGE_CURVE('',#3035,#3090,#3095,.F.) ;
#3111=EDGE_CURVE('',#3108,#3110,#3106,.F.) ;
#3118=EDGE_CURVE('',#3110,#3117,#3115,.T.) ;
#3125=EDGE_CURVE('',#3117,#3124,#3122,.T.) ;
#3130=EDGE_CURVE('',#3124,#3108,#3129,.T.) ;
#3151=EDGE_CURVE('',#3148,#3150,#3146,.F.) ;
#3156=EDGE_CURVE('',#3148,#2932,#3155,.F.) ;
#3161=EDGE_CURVE('',#3150,#2925,#3160,.F.) ;
#3182=EDGE_CURVE('',#3179,#3181,#3177,.F.) ;
#3187=EDGE_CURVE('',#3179,#3090,#3186,.F.) ;
#3192=EDGE_CURVE('',#3181,#3083,#3191,.F.) ;
#3213=EDGE_CURVE('',#3210,#3212,#3208,.F.) ;
#3218=EDGE_CURVE('',#3210,#2964,#3217,.F.) ;
#3223=EDGE_CURVE('',#3212,#2957,#3222,.F.) ;
#3240=EDGE_CURVE('',#3150,#3210,#3239,.T.) ;
#3254=EDGE_CURVE('',#3212,#3253,#3251,.F.) ;
#3261=EDGE_CURVE('',#2957,#3260,#3258,.F.) ;
#3266=EDGE_CURVE('',#3253,#3260,#3265,.F.) ;
#3285=EDGE_CURVE('',#3253,#3284,#3282,.F.) ;
#3292=EDGE_CURVE('',#3260,#3291,#3289,.F.) ;
#3297=EDGE_CURVE('',#3284,#3291,#3296,.F.) ;
#3314=EDGE_CURVE('',#3291,#3090,#3313,.T.) ;
#3319=EDGE_CURVE('',#3284,#3179,#3318,.T.) ;
#3331=EDGE_CURVE('',#3181,#3148,#3330,.F.) ;
#3336=EDGE_CURVE('',#3083,#2932,#3335,.F.) ;
#3357=EDGE_CURVE('',#3354,#3356,#3352,.F.) ;
#3362=EDGE_CURVE('',#3356,#2997,#3361,.F.) ;
#3367=EDGE_CURVE('',#3354,#2995,#3366,.F.) ;
#3388=EDGE_CURVE('',#3385,#3387,#3383,.F.) ;
#3393=EDGE_CURVE('',#3387,#3011,#3392,.F.) ;
#3398=EDGE_CURVE('',#3385,#3004,#3397,.F.) ;
#3419=EDGE_CURVE('',#3416,#3418,#3414,.T.) ;
#3424=EDGE_CURVE('',#3418,#3117,#3423,.T.) ;
#3429=EDGE_CURVE('',#3416,#3110,#3428,.T.) ;
#3450=EDGE_CURVE('',#3447,#3449,#3445,.T.) ;
#3457=EDGE_CURVE('',#3449,#3456,#3454,.T.) ;
#3464=EDGE_CURVE('',#3456,#3463,#3461,.F.) ;
#3469=EDGE_CURVE('',#3463,#3447,#3468,.F.) ;
#3488=EDGE_CURVE('',#3487,#3416,#3485,.F.) ;
#3493=EDGE_CURVE('',#3487,#3110,#3492,.T.) ;
#3511=EDGE_CURVE('',#3418,#3510,#3508,.F.) ;
#3516=EDGE_CURVE('',#3510,#3117,#3515,.T.) ;
#3536=EDGE_CURVE('',#3533,#3535,#3531,.T.) ;
#3541=EDGE_CURVE('',#3535,#3004,#3540,.T.) ;
#3546=EDGE_CURVE('',#3533,#2997,#3545,.T.) ;
#3565=EDGE_CURVE('',#3564,#2757,#3562,.F.) ;
#3572=EDGE_CURVE('',#3564,#3571,#3569,.F.) ;
#3577=EDGE_CURVE('',#3571,#2755,#3576,.F.) ;
#3616=EDGE_CURVE('',#3613,#3615,#3590,.F.) ;
#3623=EDGE_CURVE('',#3613,#3622,#3620,.F.) ;
#3639=EDGE_CURVE('',#3622,#3638,#3624,.F.) ;
#3646=EDGE_CURVE('',#3645,#3638,#3643,.T.) ;
#3653=EDGE_CURVE('',#3645,#3652,#3650,.T.) ;
#3658=EDGE_CURVE('',#3652,#3615,#3657,.T.) ;
#3679=EDGE_CURVE('',#3678,#3638,#3676,.F.) ;
#3686=EDGE_CURVE('',#3685,#3678,#3683,.T.) ;
#3691=EDGE_CURVE('',#3685,#3645,#3690,.F.) ;
#3710=EDGE_CURVE('',#3709,#3678,#3707,.T.) ;
#3717=EDGE_CURVE('',#3716,#3709,#3714,.F.) ;
#3722=EDGE_CURVE('',#3716,#3685,#3721,.T.) ;
#3741=EDGE_CURVE('',#3740,#3709,#3738,.T.) ;
#3748=EDGE_CURVE('',#3747,#3740,#3745,.T.) ;
#3753=EDGE_CURVE('',#3747,#3716,#3752,.T.) ;
#3774=EDGE_CURVE('',#3771,#3773,#3769,.T.) ;
#3779=EDGE_CURVE('',#3771,#3747,#3778,.T.) ;
#3801=EDGE_CURVE('',#3740,#3800,#3780,.T.) ;
#3808=EDGE_CURVE('',#3800,#3807,#3805,.F.) ;
#3831=EDGE_CURVE('',#3773,#3807,#3809,.T.) ;
#3918=EDGE_CURVE('',#3615,#3773,#3896,.T.) ;
#3929=EDGE_CURVE('',#3652,#3771,#3919,.T.) ;
#3948=EDGE_CURVE('',#3947,#2568,#3945,.T.) ;
#3953=EDGE_CURVE('',#3947,#2559,#3952,.F.) ;
#3971=EDGE_CURVE('',#3970,#2803,#3968,.T.) ;
#3976=EDGE_CURVE('',#3970,#2843,#3975,.T.) ;
#3988=EDGE_CURVE('',#3970,#3564,#3987,.F.) ;
#4003=EDGE_CURVE('',#4002,#2764,#4000,.T.) ;
#4010=EDGE_CURVE('',#4002,#4009,#4007,.T.) ;
#4015=EDGE_CURVE('',#2855,#4009,#4014,.F.) ;
#4035=EDGE_CURVE('',#4034,#4009,#4032,.T.) ;
#4040=EDGE_CURVE('',#4034,#2862,#4039,.T.) ;
#4052=EDGE_CURVE('',#4002,#3571,#4051,.T.) ;
#4071=EDGE_CURVE('',#4070,#3487,#4068,.F.) ;
#4076=EDGE_CURVE('',#4070,#3108,#4075,.F.) ;
#4097=EDGE_CURVE('',#4094,#4096,#4092,.F.) ;
#4104=EDGE_CURVE('',#4096,#4103,#4101,.F.) ;
#4111=EDGE_CURVE('',#4103,#4110,#4108,.T.) ;
#4116=EDGE_CURVE('',#4110,#4094,#4115,.T.) ;
#4137=EDGE_CURVE('',#4134,#4136,#4132,.T.) ;
#4142=EDGE_CURVE('',#4136,#4094,#4141,.T.) ;
#4147=EDGE_CURVE('',#4134,#4110,#4146,.T.) ;
#4166=EDGE_CURVE('',#4165,#4134,#4163,.F.) ;
#4171=EDGE_CURVE('',#4165,#4110,#4170,.T.) ;
#4189=EDGE_CURVE('',#4136,#4188,#4186,.F.) ;
#4194=EDGE_CURVE('',#4188,#4094,#4193,.T.) ;
#4212=EDGE_CURVE('',#4211,#4165,#4209,.T.) ;
#4217=EDGE_CURVE('',#4211,#4103,#4216,.T.) ;
#4236=EDGE_CURVE('',#4235,#4211,#4233,.F.) ;
#4241=EDGE_CURVE('',#4235,#4103,#4240,.T.) ;
#4259=EDGE_CURVE('',#4188,#4258,#4256,.F.) ;
#4264=EDGE_CURVE('',#4258,#4096,#4263,.F.) ;
#4283=EDGE_CURVE('',#4258,#4282,#4280,.F.) ;
#4288=EDGE_CURVE('',#4282,#4096,#4287,.T.) ;
#4304=EDGE_CURVE('',#4282,#4235,#4303,.F.) ;
#4323=EDGE_CURVE('',#2862,#4322,#4320,.F.) ;
#4328=EDGE_CURVE('',#4322,#3947,#4327,.F.) ;
#4347=EDGE_CURVE('',#4346,#2568,#4344,.F.) ;
#4354=EDGE_CURVE('',#4353,#3947,#4351,.F.) ;
#4361=EDGE_CURVE('',#4353,#4346,#4355,.F.) ;
#4383=EDGE_CURVE('',#4382,#3449,#4374,.F.) ;
#4393=EDGE_CURVE('',#4392,#3447,#4384,.F.) ;
#4398=EDGE_CURVE('',#4392,#4382,#4397,.T.) ;
#4488=EDGE_CURVE('',#4382,#4487,#4479,.F.) ;
#4514=EDGE_CURVE('',#4487,#3449,#4489,.F.) ;
#4603=EDGE_CURVE('',#4602,#4392,#4594,.F.) ;
#4629=EDGE_CURVE('',#4602,#3447,#4604,.F.) ;
#4650=EDGE_CURVE('',#4649,#3463,#4641,.F.) ;
#4660=EDGE_CURVE('',#4659,#3456,#4651,.F.) ;
#4665=EDGE_CURVE('',#4659,#4649,#4664,.F.) ;
#4755=EDGE_CURVE('',#4754,#4659,#4746,.F.) ;
#4781=EDGE_CURVE('',#4754,#3456,#4756,.F.) ;
#4870=EDGE_CURVE('',#4649,#4869,#4861,.F.) ;
#4896=EDGE_CURVE('',#4869,#3463,#4871,.F.) ;
#4912=EDGE_CURVE('',#4487,#4754,#4911,.T.) ;
#4929=EDGE_CURVE('',#4869,#4602,#4928,.F.) ;
#4948=EDGE_CURVE('',#3416,#4947,#4945,.F.) ;
#4955=EDGE_CURVE('',#4947,#4954,#4952,.F.) ;
#4960=EDGE_CURVE('',#3418,#4954,#4959,.F.) ;
#4979=EDGE_CURVE('',#3487,#4978,#4976,.F.) ;
#4984=EDGE_CURVE('',#4947,#4978,#4983,.T.) ;
#5003=EDGE_CURVE('',#5002,#4954,#5000,.T.) ;
#5008=EDGE_CURVE('',#3510,#5002,#5007,.F.) ;
#5022=EDGE_CURVE('',#3533,#5021,#5019,.F.) ;
#5029=EDGE_CURVE('',#5021,#5028,#5026,.F.) ;
#5034=EDGE_CURVE('',#3535,#5028,#5033,.F.) ;
#5051=EDGE_CURVE('',#3356,#3533,#5050,.F.) ;
#5058=EDGE_CURVE('',#3356,#5057,#5055,.F.) ;
#5063=EDGE_CURVE('',#5021,#5057,#5062,.T.) ;
#5080=EDGE_CURVE('',#3535,#3385,#5079,.F.) ;
#5087=EDGE_CURVE('',#5086,#5028,#5084,.T.) ;
#5092=EDGE_CURVE('',#3385,#5086,#5091,.F.) ;
#5111=EDGE_CURVE('',#4070,#5110,#5108,.F.) ;
#5116=EDGE_CURVE('',#4978,#5110,#5115,.T.) ;
#5135=EDGE_CURVE('',#5134,#4070,#5132,.F.) ;
#5142=EDGE_CURVE('',#5134,#5141,#5139,.F.) ;
#5147=EDGE_CURVE('',#5110,#5141,#5146,.T.) ;
#5166=EDGE_CURVE('',#5002,#5165,#5163,.T.) ;
#5173=EDGE_CURVE('',#5172,#5165,#5170,.F.) ;
#5178=EDGE_CURVE('',#3510,#5172,#5177,.T.) ;
#5197=EDGE_CURVE('',#5172,#5196,#5194,.F.) ;
#5204=EDGE_CURVE('',#5203,#5165,#5201,.T.) ;
#5209=EDGE_CURVE('',#5196,#5203,#5208,.F.) ;
#5230=EDGE_CURVE('',#5227,#5229,#5225,.F.) ;
#5237=EDGE_CURVE('',#5227,#5236,#5234,.F.) ;
#5244=EDGE_CURVE('',#5236,#5243,#5241,.F.) ;
#5249=EDGE_CURVE('',#5229,#5243,#5248,.F.) ;
#5266=EDGE_CURVE('',#5229,#3354,#5265,.F.) ;
#5273=EDGE_CURVE('',#5272,#5243,#5270,.T.) ;
#5278=EDGE_CURVE('',#3354,#5272,#5277,.F.) ;
#5295=EDGE_CURVE('',#3387,#5227,#5294,.F.) ;
#5302=EDGE_CURVE('',#3387,#5301,#5299,.F.) ;
#5307=EDGE_CURVE('',#5236,#5301,#5306,.T.) ;
#5324=EDGE_CURVE('',#5272,#5057,#5323,.T.) ;
#5341=EDGE_CURVE('',#5301,#5086,#5340,.T.) ;
#5353=EDGE_CURVE('',#5196,#5134,#5352,.F.) ;
#5358=EDGE_CURVE('',#5203,#5141,#5357,.F.) ;
#5377=EDGE_CURVE('',#5376,#4346,#5374,.T.) ;
#5384=EDGE_CURVE('',#5376,#5383,#5381,.T.) ;
#5391=EDGE_CURVE('',#5390,#5383,#5388,.T.) ;
#5396=EDGE_CURVE('',#2894,#5390,#5395,.T.) ;
#5495=EDGE_CURVE('',#3613,#3807,#5467,.T.) ;
#5512=EDGE_CURVE('',#1864,#2803,#5511,.T.) ;
#5543=EDGE_CURVE('',#5390,#1617,#5537,.T.) ;
#5560=EDGE_CURVE('',#2382,#1759,#5559,.T.) ;
#5567=EDGE_CURVE('',#5566,#2375,#5564,.F.) ;
#5572=EDGE_CURVE('',#1761,#5566,#5571,.T.) ;
#5592=EDGE_CURVE('',#5566,#5591,#5589,.T.) ;
#5597=EDGE_CURVE('',#1768,#5591,#5596,.T.) ;
#5614=EDGE_CURVE('',#5591,#2396,#5613,.F.) ;
#5619=EDGE_CURVE('',#2389,#1775,#5618,.T.) ;
#5646=EDGE_CURVE('',#5645,#1793,#5643,.T.) ;
#5651=EDGE_CURVE('',#2438,#5645,#5650,.F.) ;
#5656=EDGE_CURVE('',#1795,#2431,#5655,.T.) ;
#5674=EDGE_CURVE('',#1802,#2424,#5673,.T.) ;
#5688=EDGE_CURVE('',#2417,#5687,#5685,.F.) ;
#5693=EDGE_CURVE('',#5687,#1809,#5692,.T.) ;
#5711=EDGE_CURVE('',#5645,#5687,#5710,.T.) ;
#5740=EDGE_CURVE('',#3042,#3291,#5739,.F.) ;
#5745=EDGE_CURVE('',#3042,#3260,#5744,.F.) ;
#5763=EDGE_CURVE('',#5762,#3622,#5760,.F.) ;
#5768=EDGE_CURVE('',#5762,#3678,#5767,.F.) ;
#5787=EDGE_CURVE('',#5786,#3709,#5784,.F.) ;
#5792=EDGE_CURVE('',#5786,#5762,#5791,.T.) ;
#5809=EDGE_CURVE('',#3800,#5786,#5808,.T.) ;
#5850=EDGE_CURVE('',#5134,#3108,#5849,.T.) ;
#5855=EDGE_CURVE('',#5196,#3124,#5854,.T.) ;
#5872=EDGE_CURVE('',#1737,#3148,#5871,.T.) ;
#5877=EDGE_CURVE('',#1693,#3150,#5876,.T.) ;
#5894=EDGE_CURVE('',#1723,#3179,#5893,.T.) ;
#5899=EDGE_CURVE('',#1730,#3181,#5898,.T.) ;
#5916=EDGE_CURVE('',#1695,#3210,#5915,.T.) ;
#5921=EDGE_CURVE('',#1702,#3212,#5920,.T.) ;
#5950=EDGE_CURVE('',#1709,#3253,#5949,.F.) ;
#5967=EDGE_CURVE('',#1716,#3284,#5966,.T.) ;
#6023=EDGE_CURVE('',#6020,#6022,#6018,.T.) ;
#6030=EDGE_CURVE('',#6020,#6029,#6027,.T.) ;
#6037=EDGE_CURVE('',#6029,#6036,#6034,.T.) ;
#6042=EDGE_CURVE('',#6022,#6036,#6041,.T.) ;
#6056=EDGE_CURVE('',#2417,#6055,#6053,.T.) ;
#6061=EDGE_CURVE('',#6036,#6055,#6060,.F.) ;
#6068=EDGE_CURVE('',#6029,#6067,#6065,.F.) ;
#6073=EDGE_CURVE('',#6067,#2438,#6072,.T.) ;
#6098=EDGE_CURVE('',#6095,#6097,#6093,.T.) ;
#6105=EDGE_CURVE('',#6095,#6104,#6102,.T.) ;
#6112=EDGE_CURVE('',#6104,#6111,#6109,.T.) ;
#6117=EDGE_CURVE('',#6097,#6111,#6116,.T.) ;
#6131=EDGE_CURVE('',#2375,#6130,#6128,.T.) ;
#6136=EDGE_CURVE('',#6130,#6095,#6135,.F.) ;
#6143=EDGE_CURVE('',#6142,#6097,#6140,.F.) ;
#6148=EDGE_CURVE('',#6142,#2396,#6147,.T.) ;
#6169=EDGE_CURVE('',#5227,#3011,#6168,.T.) ;
#6198=EDGE_CURVE('',#4034,#6197,#6195,.F.) ;
#6203=EDGE_CURVE('',#6197,#4322,#6202,.T.) ;
#6220=EDGE_CURVE('',#2076,#4034,#6219,.T.) ;
#6255=EDGE_CURVE('',#5172,#3124,#6254,.T.) ;
#6280=EDGE_CURVE('',#2233,#6279,#6277,.T.) ;
#6285=EDGE_CURVE('',#6279,#2199,#6284,.F.) ;
#6304=EDGE_CURVE('',#6303,#2201,#6301,.F.) ;
#6309=EDGE_CURVE('',#6303,#6279,#6308,.F.) ;
#6323=EDGE_CURVE('',#6322,#2149,#6320,.T.) ;
#6328=EDGE_CURVE('',#6322,#6303,#6327,.F.) ;
#6348=EDGE_CURVE('',#6347,#1833,#6345,.T.) ;
#6353=EDGE_CURVE('',#6322,#6347,#6352,.T.) ;
#6372=EDGE_CURVE('',#6371,#1640,#6369,.F.) ;
#6377=EDGE_CURVE('',#6347,#6371,#6376,.T.) ;
#6396=EDGE_CURVE('',#6371,#6395,#6393,.F.) ;
#6403=EDGE_CURVE('',#1633,#6395,#6397,.F.) ;
#6422=EDGE_CURVE('',#4134,#6421,#6419,.F.) ;
#6429=EDGE_CURVE('',#6421,#6428,#6426,.T.) ;
#6434=EDGE_CURVE('',#4136,#6428,#6433,.F.) ;
#6453=EDGE_CURVE('',#4165,#6452,#6450,.F.) ;
#6458=EDGE_CURVE('',#6421,#6452,#6457,.T.) ;
#6477=EDGE_CURVE('',#6476,#6428,#6474,.T.) ;
#6482=EDGE_CURVE('',#4188,#6476,#6481,.F.) ;
#6501=EDGE_CURVE('',#4211,#6500,#6498,.F.) ;
#6506=EDGE_CURVE('',#6452,#6500,#6505,.T.) ;
#6525=EDGE_CURVE('',#4235,#6524,#6522,.F.) ;
#6530=EDGE_CURVE('',#6500,#6524,#6529,.T.) ;
#6549=EDGE_CURVE('',#6548,#6476,#6546,.T.) ;
#6554=EDGE_CURVE('',#4258,#6548,#6553,.F.) ;
#6573=EDGE_CURVE('',#6572,#6548,#6570,.T.) ;
#6578=EDGE_CURVE('',#4282,#6572,#6577,.F.) ;
#6595=EDGE_CURVE('',#6572,#6524,#6594,.T.) ;
#6614=EDGE_CURVE('',#5383,#6613,#6611,.F.) ;
#6621=EDGE_CURVE('',#5376,#6620,#6618,.F.) ;
#6626=EDGE_CURVE('',#6613,#6620,#6625,.T.) ;
#6645=EDGE_CURVE('',#6644,#6620,#6642,.T.) ;
#6650=EDGE_CURVE('',#6644,#4353,#6649,.T.) ;
#6670=EDGE_CURVE('',#6669,#6197,#6667,.T.) ;
#6689=EDGE_CURVE('',#6688,#6669,#6671,.F.) ;
#6696=EDGE_CURVE('',#6688,#6695,#6693,.T.) ;
#6701=EDGE_CURVE('',#6644,#6695,#6700,.T.) ;
#6724=EDGE_CURVE('',#6723,#4392,#6721,.T.) ;
#6731=EDGE_CURVE('',#6723,#6730,#6728,.F.) ;
#6736=EDGE_CURVE('',#6730,#4382,#6735,.T.) ;
#6755=EDGE_CURVE('',#6730,#6754,#6752,.T.) ;
#6760=EDGE_CURVE('',#6754,#4487,#6759,.T.) ;
#6779=EDGE_CURVE('',#6778,#4602,#6776,.T.) ;
#6784=EDGE_CURVE('',#6778,#6723,#6783,.T.) ;
#6803=EDGE_CURVE('',#6802,#4659,#6800,.T.) ;
#6810=EDGE_CURVE('',#6809,#6802,#6807,.T.) ;
#6815=EDGE_CURVE('',#6809,#4649,#6814,.T.) ;
#6834=EDGE_CURVE('',#6833,#4754,#6831,.T.) ;
#6839=EDGE_CURVE('',#6833,#6802,#6838,.T.) ;
#6858=EDGE_CURVE('',#6809,#6857,#6855,.T.) ;
#6863=EDGE_CURVE('',#6857,#4869,#6862,.T.) ;
#6880=EDGE_CURVE('',#6754,#6833,#6879,.T.) ;
#6897=EDGE_CURVE('',#6778,#6857,#6896,.T.) ;
#6934=EDGE_CURVE('',#6613,#1619,#6933,.T.) ;
#6968=EDGE_CURVE('',#6967,#6395,#6965,.T.) ;
#6975=EDGE_CURVE('',#1626,#6974,#6972,.F.) ;
#6980=EDGE_CURVE('',#6974,#6967,#6979,.F.) ;
#7000=EDGE_CURVE('',#2083,#6999,#6997,.F.) ;
#7007=EDGE_CURVE('',#6999,#7006,#7004,.T.) ;
#7012=EDGE_CURVE('',#2076,#7006,#7011,.F.) ;
#7031=EDGE_CURVE('',#7030,#6999,#7028,.F.) ;
#7036=EDGE_CURVE('',#2137,#7030,#7035,.F.) ;
#7055=EDGE_CURVE('',#2452,#7054,#7052,.T.) ;
#7060=EDGE_CURVE('',#7054,#7030,#7059,.T.) ;
#7080=EDGE_CURVE('',#2445,#7079,#7077,.T.) ;
#7085=EDGE_CURVE('',#7054,#7079,#7084,.T.) ;
#7104=EDGE_CURVE('',#7103,#7079,#7101,.T.) ;
#7109=EDGE_CURVE('',#6067,#7103,#7108,.T.) ;
#7129=EDGE_CURVE('',#7128,#6020,#7126,.T.) ;
#7134=EDGE_CURVE('',#7103,#7128,#7133,.F.) ;
#7154=EDGE_CURVE('',#7128,#7153,#7151,.T.) ;
#7159=EDGE_CURVE('',#7153,#6022,#7158,.T.) ;
#7178=EDGE_CURVE('',#7177,#7153,#7175,.F.) ;
#7183=EDGE_CURVE('',#6055,#7177,#7182,.T.) ;
#7198=EDGE_CURVE('',#7197,#7177,#7195,.T.) ;
#7203=EDGE_CURVE('',#2410,#7197,#7202,.T.) ;
#7223=EDGE_CURVE('',#2403,#7222,#7220,.T.) ;
#7228=EDGE_CURVE('',#7197,#7222,#7227,.T.) ;
#7247=EDGE_CURVE('',#7246,#7222,#7244,.T.) ;
#7252=EDGE_CURVE('',#6142,#7246,#7251,.T.) ;
#7267=EDGE_CURVE('',#6111,#7266,#7264,.T.) ;
#7272=EDGE_CURVE('',#7266,#7246,#7271,.F.) ;
#7292=EDGE_CURVE('',#6104,#7291,#7289,.T.) ;
#7297=EDGE_CURVE('',#7291,#7266,#7296,.T.) ;
#7311=EDGE_CURVE('',#6130,#7310,#7308,.T.) ;
#7316=EDGE_CURVE('',#7291,#7310,#7315,.F.) ;
#7331=EDGE_CURVE('',#7330,#7310,#7328,.T.) ;
#7336=EDGE_CURVE('',#2368,#7330,#7335,.T.) ;
#7349=EDGE_CURVE('',#7330,#2336,#7348,.T.) ;
#7366=EDGE_CURVE('',#5229,#2995,#7365,.T.) ;
#7398=EDGE_CURVE('',#7395,#7397,#7393,.F.) ;
#7415=EDGE_CURVE('',#7395,#7397,#7399,.F.) ;
#7432=EDGE_CURVE('',#7431,#7395,#7429,.F.) ;
#7439=EDGE_CURVE('',#7397,#7438,#7436,.T.) ;
#7444=EDGE_CURVE('',#7431,#7438,#7443,.T.) ;
#7465=EDGE_CURVE('',#7438,#7464,#7457,.F.) ;
#7478=EDGE_CURVE('',#7477,#7464,#7466,.T.) ;
#7485=EDGE_CURVE('',#7477,#7431,#7479,.F.) ;
#7504=EDGE_CURVE('',#7464,#7503,#7501,.T.) ;
#7515=EDGE_CURVE('',#7503,#6669,#7505,.T.) ;
#7520=EDGE_CURVE('',#7006,#7477,#7519,.T.) ;
#7543=EDGE_CURVE('',#7542,#6688,#7540,.T.) ;
#7550=EDGE_CURVE('',#7503,#7542,#7544,.F.) ;
#7569=EDGE_CURVE('',#7542,#7568,#7566,.F.) ;
#7574=EDGE_CURVE('',#6695,#7568,#7573,.F.) ;
#7595=EDGE_CURVE('',#7592,#7594,#7590,.F.) ;
#7612=EDGE_CURVE('',#7592,#7594,#7596,.F.) ;
#7624=EDGE_CURVE('',#7594,#7623,#7621,.F.) ;
#7631=EDGE_CURVE('',#7630,#7623,#7628,.F.) ;
#7636=EDGE_CURVE('',#7630,#7592,#7635,.T.) ;
#7661=EDGE_CURVE('',#7660,#6967,#7658,.T.) ;
#7668=EDGE_CURVE('',#7667,#7660,#7665,.T.) ;
#7673=EDGE_CURVE('',#7667,#2265,#7672,.T.) ;
#7700=EDGE_CURVE('',#6974,#7699,#7697,.T.) ;
#7705=EDGE_CURVE('',#7699,#7660,#7704,.F.) ;
#7742=EDGE_CURVE('',#7568,#7630,#7741,.T.) ;
#7749=EDGE_CURVE('',#7623,#7748,#7746,.T.) ;
#7754=EDGE_CURVE('',#7699,#7748,#7753,.F.) ;
#7776=EDGE_CURVE('',#7775,#2289,#7773,.T.) ;
#7781=EDGE_CURVE('',#7775,#7748,#7780,.T.) ;
#7830=EDGE_CURVE('',#7667,#7775,#7824,.T.) ;
#994=CLOSED_SHELL('Closed Shell',(#1034,#1065,#1088,#1112,#1135,#1159,#1182,#1206,#1222,#1253,#1277,#1301,#1325,#1349,#1373,#1397,#1414,#1445,#1469,#1493,#1517,#1541,#1565,#1589,#1606,#1822,#1853,#1876,#1907,#1946,#1985,#2009,#2033,#2065,#2096,#2188,#2227,#2254,#2278,#2301,#2325,#2357,#2495,#2526,#2538,#2548,#2588,#2622,#2653,#2684,#2718,#2749,#2792,#2822,#2883,#2912,#2944,#2976,#2984,#3024,#3055,#3072,#3102,#3137,#3168,#3199,#3230,#3247,#3273,#3304,#3326,#3343,#3374,#3405,#3436,#3476,#3499,#3522,#3553,#3584,#3667,#3698,#3729,#3760,#3840,#3936,#3959,#3983,#3996,#4023,#4047,#4059,#4083,#4123,#4154,#4177,#4200,#4224,#4247,#4271,#4294,#4311,#4335,#4368,#4405,#4520,#4635,#4672,#4787,#4902,#4919,#4936,#4967,#4991,#5015,#5041,#5070,#5099,#5123,#5154,#5185,#5216,#5256,#5285,#5314,#5331,#5348,#5365,#5411,#5502,#5519,#5531,#5550,#5580,#5604,#5627,#5639,#5664,#5681,#5701,#5718,#5730,#5751,#5775,#5799,#5816,#5828,#5840,#5862,#5884,#5906,#5928,#5940,#5957,#5974,#5986,#5998,#6009,#6049,#6084,#6124,#6159,#6175,#6186,#6210,#6245,#6262,#6273,#6292,#6316,#6336,#6360,#6384,#6410,#6441,#6465,#6489,#6513,#6537,#6561,#6585,#6602,#6633,#6658,#6712,#6743,#6767,#6791,#6822,#6846,#6870,#6887,#6924,#6942,#6956,#6988,#7019,#7043,#7068,#7092,#7117,#7142,#7166,#7191,#7211,#7235,#7260,#7280,#7304,#7324,#7344,#7356,#7372,#7384,#7420,#7451,#7492,#7531,#7557,#7581,#7617,#7643,#7654,#7688,#7722,#7769,#7818,#7837,#7850)) ;
#21=OPEN_SHELL('Surface.2',(#982)) ;
#491=ORIENTED_EDGE('',*,*,#44,.T.) ;
#492=ORIENTED_EDGE('',*,*,#51,.T.) ;
#493=ORIENTED_EDGE('',*,*,#58,.T.) ;
#494=ORIENTED_EDGE('',*,*,#65,.T.) ;
#495=ORIENTED_EDGE('',*,*,#72,.T.) ;
#496=ORIENTED_EDGE('',*,*,#79,.T.) ;
#497=ORIENTED_EDGE('',*,*,#86,.T.) ;
#498=ORIENTED_EDGE('',*,*,#93,.T.) ;
#499=ORIENTED_EDGE('',*,*,#100,.T.) ;
#500=ORIENTED_EDGE('',*,*,#107,.T.) ;
#501=ORIENTED_EDGE('',*,*,#114,.T.) ;
#502=ORIENTED_EDGE('',*,*,#121,.T.) ;
#503=ORIENTED_EDGE('',*,*,#128,.T.) ;
#504=ORIENTED_EDGE('',*,*,#135,.T.) ;
#505=ORIENTED_EDGE('',*,*,#142,.T.) ;
#506=ORIENTED_EDGE('',*,*,#149,.T.) ;
#507=ORIENTED_EDGE('',*,*,#156,.T.) ;
#508=ORIENTED_EDGE('',*,*,#163,.T.) ;
#509=ORIENTED_EDGE('',*,*,#170,.T.) ;
#510=ORIENTED_EDGE('',*,*,#177,.T.) ;
#511=ORIENTED_EDGE('',*,*,#184,.T.) ;
#512=ORIENTED_EDGE('',*,*,#191,.T.) ;
#513=ORIENTED_EDGE('',*,*,#198,.T.) ;
#514=ORIENTED_EDGE('',*,*,#205,.T.) ;
#515=ORIENTED_EDGE('',*,*,#212,.T.) ;
#516=ORIENTED_EDGE('',*,*,#219,.T.) ;
#517=ORIENTED_EDGE('',*,*,#226,.T.) ;
#518=ORIENTED_EDGE('',*,*,#233,.T.) ;
#519=ORIENTED_EDGE('',*,*,#240,.T.) ;
#520=ORIENTED_EDGE('',*,*,#247,.T.) ;
#521=ORIENTED_EDGE('',*,*,#254,.T.) ;
#522=ORIENTED_EDGE('',*,*,#261,.T.) ;
#523=ORIENTED_EDGE('',*,*,#268,.T.) ;
#524=ORIENTED_EDGE('',*,*,#275,.T.) ;
#525=ORIENTED_EDGE('',*,*,#282,.T.) ;
#526=ORIENTED_EDGE('',*,*,#289,.T.) ;
#527=ORIENTED_EDGE('',*,*,#296,.T.) ;
#528=ORIENTED_EDGE('',*,*,#303,.T.) ;
#529=ORIENTED_EDGE('',*,*,#310,.T.) ;
#530=ORIENTED_EDGE('',*,*,#317,.T.) ;
#531=ORIENTED_EDGE('',*,*,#324,.T.) ;
#532=ORIENTED_EDGE('',*,*,#331,.T.) ;
#533=ORIENTED_EDGE('',*,*,#338,.T.) ;
#534=ORIENTED_EDGE('',*,*,#345,.T.) ;
#535=ORIENTED_EDGE('',*,*,#352,.T.) ;
#536=ORIENTED_EDGE('',*,*,#359,.T.) ;
#537=ORIENTED_EDGE('',*,*,#366,.T.) ;
#538=ORIENTED_EDGE('',*,*,#373,.T.) ;
#539=ORIENTED_EDGE('',*,*,#380,.T.) ;
#540=ORIENTED_EDGE('',*,*,#387,.T.) ;
#541=ORIENTED_EDGE('',*,*,#394,.T.) ;
#542=ORIENTED_EDGE('',*,*,#401,.T.) ;
#543=ORIENTED_EDGE('',*,*,#408,.T.) ;
#544=ORIENTED_EDGE('',*,*,#415,.T.) ;
#545=ORIENTED_EDGE('',*,*,#422,.T.) ;
#546=ORIENTED_EDGE('',*,*,#429,.T.) ;
#547=ORIENTED_EDGE('',*,*,#436,.T.) ;
#548=ORIENTED_EDGE('',*,*,#443,.T.) ;
#549=ORIENTED_EDGE('',*,*,#450,.T.) ;
#550=ORIENTED_EDGE('',*,*,#457,.T.) ;
#551=ORIENTED_EDGE('',*,*,#464,.T.) ;
#552=ORIENTED_EDGE('',*,*,#471,.T.) ;
#553=ORIENTED_EDGE('',*,*,#484,.T.) ;
#554=ORIENTED_EDGE('',*,*,#489,.T.) ;
#928=ORIENTED_EDGE('',*,*,#564,.F.) ;
#929=ORIENTED_EDGE('',*,*,#571,.F.) ;
#930=ORIENTED_EDGE('',*,*,#578,.F.) ;
#931=ORIENTED_EDGE('',*,*,#585,.F.) ;
#932=ORIENTED_EDGE('',*,*,#592,.F.) ;
#933=ORIENTED_EDGE('',*,*,#599,.F.) ;
#934=ORIENTED_EDGE('',*,*,#606,.F.) ;
#935=ORIENTED_EDGE('',*,*,#613,.F.) ;
#936=ORIENTED_EDGE('',*,*,#620,.F.) ;
#937=ORIENTED_EDGE('',*,*,#627,.F.) ;
#938=ORIENTED_EDGE('',*,*,#634,.F.) ;
#939=ORIENTED_EDGE('',*,*,#641,.F.) ;
#940=ORIENTED_EDGE('',*,*,#648,.F.) ;
#941=ORIENTED_EDGE('',*,*,#655,.F.) ;
#942=ORIENTED_EDGE('',*,*,#662,.F.) ;
#943=ORIENTED_EDGE('',*,*,#669,.F.) ;
#944=ORIENTED_EDGE('',*,*,#676,.F.) ;
#945=ORIENTED_EDGE('',*,*,#683,.F.) ;
#946=ORIENTED_EDGE('',*,*,#690,.F.) ;
#947=ORIENTED_EDGE('',*,*,#697,.F.) ;
#948=ORIENTED_EDGE('',*,*,#704,.F.) ;
#949=ORIENTED_EDGE('',*,*,#711,.F.) ;
#950=ORIENTED_EDGE('',*,*,#718,.F.) ;
#951=ORIENTED_EDGE('',*,*,#725,.F.) ;
#952=ORIENTED_EDGE('',*,*,#732,.F.) ;
#953=ORIENTED_EDGE('',*,*,#739,.F.) ;
#954=ORIENTED_EDGE('',*,*,#746,.F.) ;
#955=ORIENTED_EDGE('',*,*,#753,.F.) ;
#956=ORIENTED_EDGE('',*,*,#760,.F.) ;
#957=ORIENTED_EDGE('',*,*,#767,.F.) ;
#958=ORIENTED_EDGE('',*,*,#774,.F.) ;
#959=ORIENTED_EDGE('',*,*,#781,.F.) ;
#960=ORIENTED_EDGE('',*,*,#788,.F.) ;
#961=ORIENTED_EDGE('',*,*,#795,.F.) ;
#962=ORIENTED_EDGE('',*,*,#802,.F.) ;
#963=ORIENTED_EDGE('',*,*,#809,.F.) ;
#964=ORIENTED_EDGE('',*,*,#816,.F.) ;
#965=ORIENTED_EDGE('',*,*,#823,.F.) ;
#966=ORIENTED_EDGE('',*,*,#830,.F.) ;
#967=ORIENTED_EDGE('',*,*,#837,.F.) ;
#968=ORIENTED_EDGE('',*,*,#844,.F.) ;
#969=ORIENTED_EDGE('',*,*,#851,.F.) ;
#970=ORIENTED_EDGE('',*,*,#858,.F.) ;
#971=ORIENTED_EDGE('',*,*,#865,.F.) ;
#972=ORIENTED_EDGE('',*,*,#872,.F.) ;
#973=ORIENTED_EDGE('',*,*,#879,.F.) ;
#974=ORIENTED_EDGE('',*,*,#886,.F.) ;
#975=ORIENTED_EDGE('',*,*,#893,.F.) ;
#976=ORIENTED_EDGE('',*,*,#900,.F.) ;
#977=ORIENTED_EDGE('',*,*,#907,.F.) ;
#978=ORIENTED_EDGE('',*,*,#914,.F.) ;
#979=ORIENTED_EDGE('',*,*,#921,.F.) ;
#980=ORIENTED_EDGE('',*,*,#926,.F.) ;
#1029=ORIENTED_EDGE('',*,*,#1008,.F.) ;
#1030=ORIENTED_EDGE('',*,*,#1015,.F.) ;
#1031=ORIENTED_EDGE('',*,*,#1022,.F.) ;
#1032=ORIENTED_EDGE('',*,*,#1027,.F.) ;
#1060=ORIENTED_EDGE('',*,*,#1027,.T.) ;
#1061=ORIENTED_EDGE('',*,*,#1046,.T.) ;
#1062=ORIENTED_EDGE('',*,*,#1053,.F.) ;
#1063=ORIENTED_EDGE('',*,*,#1058,.F.) ;
#1084=ORIENTED_EDGE('',*,*,#1058,.T.) ;
#1085=ORIENTED_EDGE('',*,*,#1077,.F.) ;
#1086=ORIENTED_EDGE('',*,*,#1082,.F.) ;
#1107=ORIENTED_EDGE('',*,*,#1008,.T.) ;
#1108=ORIENTED_EDGE('',*,*,#1082,.T.) ;
#1109=ORIENTED_EDGE('',*,*,#1100,.F.) ;
#1110=ORIENTED_EDGE('',*,*,#1105,.F.) ;
#1131=ORIENTED_EDGE('',*,*,#1105,.T.) ;
#1132=ORIENTED_EDGE('',*,*,#1124,.F.) ;
#1133=ORIENTED_EDGE('',*,*,#1129,.F.) ;
#1154=ORIENTED_EDGE('',*,*,#1015,.T.) ;
#1155=ORIENTED_EDGE('',*,*,#1129,.T.) ;
#1156=ORIENTED_EDGE('',*,*,#1147,.F.) ;
#1157=ORIENTED_EDGE('',*,*,#1152,.F.) ;
#1178=ORIENTED_EDGE('',*,*,#1152,.T.) ;
#1179=ORIENTED_EDGE('',*,*,#1171,.F.) ;
#1180=ORIENTED_EDGE('',*,*,#1176,.F.) ;
#1201=ORIENTED_EDGE('',*,*,#1022,.T.) ;
#1202=ORIENTED_EDGE('',*,*,#1176,.T.) ;
#1203=ORIENTED_EDGE('',*,*,#1194,.F.) ;
#1204=ORIENTED_EDGE('',*,*,#1199,.F.) ;
#1218=ORIENTED_EDGE('',*,*,#1199,.T.) ;
#1219=ORIENTED_EDGE('',*,*,#1216,.F.) ;
#1220=ORIENTED_EDGE('',*,*,#1046,.F.) ;
#1248=ORIENTED_EDGE('',*,*,#1236,.F.) ;
#1249=ORIENTED_EDGE('',*,*,#1241,.T.) ;
#1250=ORIENTED_EDGE('',*,*,#1216,.T.) ;
#1251=ORIENTED_EDGE('',*,*,#1246,.F.) ;
#1272=ORIENTED_EDGE('',*,*,#1265,.T.) ;
#1273=ORIENTED_EDGE('',*,*,#1053,.T.) ;
#1274=ORIENTED_EDGE('',*,*,#1241,.F.) ;
#1275=ORIENTED_EDGE('',*,*,#1270,.F.) ;
#1296=ORIENTED_EDGE('',*,*,#1289,.F.) ;
#1297=ORIENTED_EDGE('',*,*,#1294,.T.) ;
#1298=ORIENTED_EDGE('',*,*,#1077,.T.) ;
#1299=ORIENTED_EDGE('',*,*,#1265,.F.) ;
#1320=ORIENTED_EDGE('',*,*,#1313,.F.) ;
#1321=ORIENTED_EDGE('',*,*,#1318,.T.) ;
#1322=ORIENTED_EDGE('',*,*,#1100,.T.) ;
#1323=ORIENTED_EDGE('',*,*,#1294,.F.) ;
#1344=ORIENTED_EDGE('',*,*,#1337,.F.) ;
#1345=ORIENTED_EDGE('',*,*,#1342,.T.) ;
#1346=ORIENTED_EDGE('',*,*,#1124,.T.) ;
#1347=ORIENTED_EDGE('',*,*,#1318,.F.) ;
#1368=ORIENTED_EDGE('',*,*,#1361,.T.) ;
#1369=ORIENTED_EDGE('',*,*,#1147,.T.) ;
#1370=ORIENTED_EDGE('',*,*,#1342,.F.) ;
#1371=ORIENTED_EDGE('',*,*,#1366,.F.) ;
#1392=ORIENTED_EDGE('',*,*,#1385,.F.) ;
#1393=ORIENTED_EDGE('',*,*,#1390,.T.) ;
#1394=ORIENTED_EDGE('',*,*,#1171,.T.) ;
#1395=ORIENTED_EDGE('',*,*,#1361,.F.) ;
#1409=ORIENTED_EDGE('',*,*,#1407,.F.) ;
#1410=ORIENTED_EDGE('',*,*,#1246,.T.) ;
#1411=ORIENTED_EDGE('',*,*,#1194,.T.) ;
#1412=ORIENTED_EDGE('',*,*,#1390,.F.) ;
#1440=ORIENTED_EDGE('',*,*,#1426,.T.) ;
#1441=ORIENTED_EDGE('',*,*,#1407,.T.) ;
#1442=ORIENTED_EDGE('',*,*,#1433,.F.) ;
#1443=ORIENTED_EDGE('',*,*,#1438,.F.) ;
#1464=ORIENTED_EDGE('',*,*,#1433,.T.) ;
#1465=ORIENTED_EDGE('',*,*,#1385,.T.) ;
#1466=ORIENTED_EDGE('',*,*,#1457,.F.) ;
#1467=ORIENTED_EDGE('',*,*,#1462,.F.) ;
#1488=ORIENTED_EDGE('',*,*,#1457,.T.) ;
#1489=ORIENTED_EDGE('',*,*,#1366,.T.) ;
#1490=ORIENTED_EDGE('',*,*,#1481,.F.) ;
#1491=ORIENTED_EDGE('',*,*,#1486,.F.) ;
#1512=ORIENTED_EDGE('',*,*,#1481,.T.) ;
#1513=ORIENTED_EDGE('',*,*,#1337,.T.) ;
#1514=ORIENTED_EDGE('',*,*,#1505,.F.) ;
#1515=ORIENTED_EDGE('',*,*,#1510,.F.) ;
#1536=ORIENTED_EDGE('',*,*,#1505,.T.) ;
#1537=ORIENTED_EDGE('',*,*,#1313,.T.) ;
#1538=ORIENTED_EDGE('',*,*,#1529,.F.) ;
#1539=ORIENTED_EDGE('',*,*,#1534,.F.) ;
#1560=ORIENTED_EDGE('',*,*,#1529,.T.) ;
#1561=ORIENTED_EDGE('',*,*,#1289,.T.) ;
#1562=ORIENTED_EDGE('',*,*,#1553,.F.) ;
#1563=ORIENTED_EDGE('',*,*,#1558,.F.) ;
#1584=ORIENTED_EDGE('',*,*,#1553,.T.) ;
#1585=ORIENTED_EDGE('',*,*,#1270,.T.) ;
#1586=ORIENTED_EDGE('',*,*,#1577,.F.) ;
#1587=ORIENTED_EDGE('',*,*,#1582,.F.) ;
#1601=ORIENTED_EDGE('',*,*,#1577,.T.) ;
#1602=ORIENTED_EDGE('',*,*,#1236,.T.) ;
#1603=ORIENTED_EDGE('',*,*,#1426,.F.) ;
#1604=ORIENTED_EDGE('',*,*,#1599,.F.) ;
#1669=ORIENTED_EDGE('',*,*,#1620,.T.) ;
#1670=ORIENTED_EDGE('',*,*,#1627,.T.) ;
#1671=ORIENTED_EDGE('',*,*,#1634,.T.) ;
#1672=ORIENTED_EDGE('',*,*,#1641,.F.) ;
#1673=ORIENTED_EDGE('',*,*,#1648,.T.) ;
#1674=ORIENTED_EDGE('',*,*,#1655,.T.) ;
#1675=ORIENTED_EDGE('',*,*,#1662,.T.) ;
#1676=ORIENTED_EDGE('',*,*,#1667,.T.) ;
#1679=ORIENTED_EDGE('',*,*,#1582,.T.) ;
#1680=ORIENTED_EDGE('',*,*,#1599,.T.) ;
#1681=ORIENTED_EDGE('',*,*,#1438,.T.) ;
#1682=ORIENTED_EDGE('',*,*,#1462,.T.) ;
#1683=ORIENTED_EDGE('',*,*,#1486,.T.) ;
#1684=ORIENTED_EDGE('',*,*,#1510,.T.) ;
#1685=ORIENTED_EDGE('',*,*,#1534,.T.) ;
#1686=ORIENTED_EDGE('',*,*,#1558,.T.) ;
#1745=ORIENTED_EDGE('',*,*,#1696,.T.) ;
#1746=ORIENTED_EDGE('',*,*,#1703,.T.) ;
#1747=ORIENTED_EDGE('',*,*,#1710,.T.) ;
#1748=ORIENTED_EDGE('',*,*,#1717,.T.) ;
#1749=ORIENTED_EDGE('',*,*,#1724,.T.) ;
#1750=ORIENTED_EDGE('',*,*,#1731,.T.) ;
#1751=ORIENTED_EDGE('',*,*,#1738,.T.) ;
#1752=ORIENTED_EDGE('',*,*,#1743,.T.) ;
#1783=ORIENTED_EDGE('',*,*,#1762,.T.) ;
#1784=ORIENTED_EDGE('',*,*,#1769,.T.) ;
#1785=ORIENTED_EDGE('',*,*,#1776,.F.) ;
#1786=ORIENTED_EDGE('',*,*,#1781,.F.) ;
#1817=ORIENTED_EDGE('',*,*,#1796,.T.) ;
#1818=ORIENTED_EDGE('',*,*,#1803,.T.) ;
#1819=ORIENTED_EDGE('',*,*,#1810,.F.) ;
#1820=ORIENTED_EDGE('',*,*,#1815,.F.) ;
#1848=ORIENTED_EDGE('',*,*,#1836,.T.) ;
#1849=ORIENTED_EDGE('',*,*,#1841,.F.) ;
#1850=ORIENTED_EDGE('',*,*,#1648,.F.) ;
#1851=ORIENTED_EDGE('',*,*,#1846,.F.) ;
#1872=ORIENTED_EDGE('',*,*,#1841,.T.) ;
#1873=ORIENTED_EDGE('',*,*,#1865,.T.) ;
#1874=ORIENTED_EDGE('',*,*,#1870,.F.) ;
#1902=ORIENTED_EDGE('',*,*,#1888,.F.) ;
#1903=ORIENTED_EDGE('',*,*,#1895,.T.) ;
#1904=ORIENTED_EDGE('',*,*,#1900,.T.) ;
#1905=ORIENTED_EDGE('',*,*,#1865,.F.) ;
#1940=ORIENTED_EDGE('',*,*,#1919,.T.) ;
#1941=ORIENTED_EDGE('',*,*,#1895,.F.) ;
#1942=ORIENTED_EDGE('',*,*,#1926,.T.) ;
#1943=ORIENTED_EDGE('',*,*,#1933,.T.) ;
#1944=ORIENTED_EDGE('',*,*,#1938,.T.) ;
#1979=ORIENTED_EDGE('',*,*,#1958,.F.) ;
#1980=ORIENTED_EDGE('',*,*,#1933,.F.) ;
#1981=ORIENTED_EDGE('',*,*,#1965,.T.) ;
#1982=ORIENTED_EDGE('',*,*,#1972,.T.) ;
#1983=ORIENTED_EDGE('',*,*,#1977,.T.) ;
#2004=ORIENTED_EDGE('',*,*,#1938,.F.) ;
#2005=ORIENTED_EDGE('',*,*,#1958,.T.) ;
#2006=ORIENTED_EDGE('',*,*,#1997,.T.) ;
#2007=ORIENTED_EDGE('',*,*,#2002,.T.) ;
#2028=ORIENTED_EDGE('',*,*,#1977,.F.) ;
#2029=ORIENTED_EDGE('',*,*,#2021,.T.) ;
#2030=ORIENTED_EDGE('',*,*,#2026,.T.) ;
#2031=ORIENTED_EDGE('',*,*,#1997,.F.) ;
#2059=ORIENTED_EDGE('',*,*,#2021,.F.) ;
#2060=ORIENTED_EDGE('',*,*,#1972,.F.) ;
#2061=ORIENTED_EDGE('',*,*,#2045,.F.) ;
#2062=ORIENTED_EDGE('',*,*,#2052,.F.) ;
#2063=ORIENTED_EDGE('',*,*,#2057,.T.) ;
#2091=ORIENTED_EDGE('',*,*,#2077,.T.) ;
#2092=ORIENTED_EDGE('',*,*,#2052,.T.) ;
#2093=ORIENTED_EDGE('',*,*,#2084,.F.) ;
#2094=ORIENTED_EDGE('',*,*,#2089,.T.) ;
#2171=ORIENTED_EDGE('',*,*,#2110,.F.) ;
#2172=ORIENTED_EDGE('',*,*,#2117,.T.) ;
#2173=ORIENTED_EDGE('',*,*,#2124,.F.) ;
#2174=ORIENTED_EDGE('',*,*,#2131,.F.) ;
#2175=ORIENTED_EDGE('',*,*,#2138,.T.) ;
#2176=ORIENTED_EDGE('',*,*,#2143,.T.) ;
#2177=ORIENTED_EDGE('',*,*,#2084,.T.) ;
#2178=ORIENTED_EDGE('',*,*,#2045,.T.) ;
#2179=ORIENTED_EDGE('',*,*,#1965,.F.) ;
#2180=ORIENTED_EDGE('',*,*,#1926,.F.) ;
#2181=ORIENTED_EDGE('',*,*,#1888,.T.) ;
#2182=ORIENTED_EDGE('',*,*,#1836,.F.) ;
#2183=ORIENTED_EDGE('',*,*,#2150,.F.) ;
#2184=ORIENTED_EDGE('',*,*,#2157,.F.) ;
#2185=ORIENTED_EDGE('',*,*,#2164,.T.) ;
#2186=ORIENTED_EDGE('',*,*,#2169,.T.) ;
#2221=ORIENTED_EDGE('',*,*,#2202,.F.) ;
#2222=ORIENTED_EDGE('',*,*,#2209,.F.) ;
#2223=ORIENTED_EDGE('',*,*,#2214,.T.) ;
#2224=ORIENTED_EDGE('',*,*,#2164,.F.) ;
#2225=ORIENTED_EDGE('',*,*,#2219,.F.) ;
#2248=ORIENTED_EDGE('',*,*,#2169,.F.) ;
#2249=ORIENTED_EDGE('',*,*,#2214,.F.) ;
#2250=ORIENTED_EDGE('',*,*,#2234,.F.) ;
#2251=ORIENTED_EDGE('',*,*,#2241,.T.) ;
#2252=ORIENTED_EDGE('',*,*,#2246,.F.) ;
#2273=ORIENTED_EDGE('',*,*,#2266,.F.) ;
#2274=ORIENTED_EDGE('',*,*,#2271,.T.) ;
#2275=ORIENTED_EDGE('',*,*,#2110,.T.) ;
#2276=ORIENTED_EDGE('',*,*,#2246,.T.) ;
#2297=ORIENTED_EDGE('',*,*,#2290,.T.) ;
#2298=ORIENTED_EDGE('',*,*,#2295,.T.) ;
#2299=ORIENTED_EDGE('',*,*,#2271,.F.) ;
#2320=ORIENTED_EDGE('',*,*,#2313,.T.) ;
#2321=ORIENTED_EDGE('',*,*,#2318,.T.) ;
#2322=ORIENTED_EDGE('',*,*,#2117,.F.) ;
#2323=ORIENTED_EDGE('',*,*,#2295,.F.) ;
#2351=ORIENTED_EDGE('',*,*,#2318,.F.) ;
#2352=ORIENTED_EDGE('',*,*,#2337,.F.) ;
#2353=ORIENTED_EDGE('',*,*,#2344,.F.) ;
#2354=ORIENTED_EDGE('',*,*,#2349,.F.) ;
#2355=ORIENTED_EDGE('',*,*,#2124,.T.) ;
#2460=ORIENTED_EDGE('',*,*,#2349,.T.) ;
#2461=ORIENTED_EDGE('',*,*,#2369,.T.) ;
#2462=ORIENTED_EDGE('',*,*,#2376,.T.) ;
#2463=ORIENTED_EDGE('',*,*,#2383,.T.) ;
#2464=ORIENTED_EDGE('',*,*,#2390,.T.) ;
#2465=ORIENTED_EDGE('',*,*,#2397,.F.) ;
#2466=ORIENTED_EDGE('',*,*,#2404,.T.) ;
#2467=ORIENTED_EDGE('',*,*,#2411,.T.) ;
#2468=ORIENTED_EDGE('',*,*,#2418,.T.) ;
#2469=ORIENTED_EDGE('',*,*,#2425,.F.) ;
#2470=ORIENTED_EDGE('',*,*,#2432,.F.) ;
#2471=ORIENTED_EDGE('',*,*,#2439,.T.) ;
#2472=ORIENTED_EDGE('',*,*,#2446,.T.) ;
#2473=ORIENTED_EDGE('',*,*,#2453,.T.) ;
#2474=ORIENTED_EDGE('',*,*,#2458,.T.) ;
#2475=ORIENTED_EDGE('',*,*,#2131,.T.) ;
#2492=ORIENTED_EDGE('',*,*,#2485,.F.) ;
#2493=ORIENTED_EDGE('',*,*,#2490,.F.) ;
#2521=ORIENTED_EDGE('',*,*,#2485,.T.) ;
#2522=ORIENTED_EDGE('',*,*,#2507,.T.) ;
#2523=ORIENTED_EDGE('',*,*,#2514,.F.) ;
#2524=ORIENTED_EDGE('',*,*,#2519,.F.) ;
#2533=ORIENTED_EDGE('',*,*,#2490,.T.) ;
#2534=ORIENTED_EDGE('',*,*,#2519,.T.) ;
#2535=ORIENTED_EDGE('',*,*,#2531,.F.) ;
#2536=ORIENTED_EDGE('',*,*,#2507,.F.) ;
#2545=ORIENTED_EDGE('',*,*,#2514,.T.) ;
#2546=ORIENTED_EDGE('',*,*,#2531,.T.) ;
#2583=ORIENTED_EDGE('',*,*,#2562,.F.) ;
#2584=ORIENTED_EDGE('',*,*,#2569,.T.) ;
#2585=ORIENTED_EDGE('',*,*,#2576,.T.) ;
#2586=ORIENTED_EDGE('',*,*,#2581,.T.) ;
#2616=ORIENTED_EDGE('',*,*,#2597,.F.) ;
#2617=ORIENTED_EDGE('',*,*,#2604,.F.) ;
#2618=ORIENTED_EDGE('',*,*,#2609,.F.) ;
#2619=ORIENTED_EDGE('',*,*,#2581,.F.) ;
#2620=ORIENTED_EDGE('',*,*,#2614,.T.) ;
#2648=ORIENTED_EDGE('',*,*,#2634,.F.) ;
#2649=ORIENTED_EDGE('',*,*,#2597,.T.) ;
#2650=ORIENTED_EDGE('',*,*,#2641,.T.) ;
#2651=ORIENTED_EDGE('',*,*,#2646,.F.) ;
#2679=ORIENTED_EDGE('',*,*,#2667,.F.) ;
#2680=ORIENTED_EDGE('',*,*,#2672,.T.) ;
#2681=ORIENTED_EDGE('',*,*,#2646,.T.) ;
#2682=ORIENTED_EDGE('',*,*,#2677,.T.) ;
#2712=ORIENTED_EDGE('',*,*,#2691,.T.) ;
#2713=ORIENTED_EDGE('',*,*,#2698,.F.) ;
#2714=ORIENTED_EDGE('',*,*,#2705,.T.) ;
#2715=ORIENTED_EDGE('',*,*,#2710,.T.) ;
#2716=ORIENTED_EDGE('',*,*,#2667,.T.) ;
#2744=ORIENTED_EDGE('',*,*,#2730,.T.) ;
#2745=ORIENTED_EDGE('',*,*,#2737,.F.) ;
#2746=ORIENTED_EDGE('',*,*,#2742,.F.) ;
#2747=ORIENTED_EDGE('',*,*,#2698,.T.) ;
#2786=ORIENTED_EDGE('',*,*,#2758,.F.) ;
#2787=ORIENTED_EDGE('',*,*,#2765,.F.) ;
#2788=ORIENTED_EDGE('',*,*,#2772,.T.) ;
#2789=ORIENTED_EDGE('',*,*,#2779,.F.) ;
#2790=ORIENTED_EDGE('',*,*,#2784,.F.) ;
#2818=ORIENTED_EDGE('',*,*,#2804,.T.) ;
#2819=ORIENTED_EDGE('',*,*,#2811,.T.) ;
#2820=ORIENTED_EDGE('',*,*,#2816,.F.) ;
#2870=ORIENTED_EDGE('',*,*,#2562,.T.) ;
#2871=ORIENTED_EDGE('',*,*,#2609,.T.) ;
#2872=ORIENTED_EDGE('',*,*,#2832,.F.) ;
#2873=ORIENTED_EDGE('',*,*,#2705,.F.) ;
#2874=ORIENTED_EDGE('',*,*,#2742,.T.) ;
#2875=ORIENTED_EDGE('',*,*,#2837,.F.) ;
#2876=ORIENTED_EDGE('',*,*,#2844,.F.) ;
#2877=ORIENTED_EDGE('',*,*,#2849,.F.) ;
#2878=ORIENTED_EDGE('',*,*,#2779,.T.) ;
#2879=ORIENTED_EDGE('',*,*,#2856,.T.) ;
#2880=ORIENTED_EDGE('',*,*,#2863,.F.) ;
#2881=ORIENTED_EDGE('',*,*,#2868,.T.) ;
#2907=ORIENTED_EDGE('',*,*,#2737,.T.) ;
#2908=ORIENTED_EDGE('',*,*,#2895,.T.) ;
#2909=ORIENTED_EDGE('',*,*,#2900,.F.) ;
#2910=ORIENTED_EDGE('',*,*,#2905,.F.) ;
#2940=ORIENTED_EDGE('',*,*,#2926,.T.) ;
#2941=ORIENTED_EDGE('',*,*,#2933,.F.) ;
#2942=ORIENTED_EDGE('',*,*,#2938,.F.) ;
#2972=ORIENTED_EDGE('',*,*,#2958,.T.) ;
#2973=ORIENTED_EDGE('',*,*,#2965,.F.) ;
#2974=ORIENTED_EDGE('',*,*,#2970,.F.) ;
#2978=ORIENTED_EDGE('',*,*,#2672,.F.) ;
#2979=ORIENTED_EDGE('',*,*,#2710,.F.) ;
#2980=ORIENTED_EDGE('',*,*,#2832,.T.) ;
#2981=ORIENTED_EDGE('',*,*,#2604,.T.) ;
#2982=ORIENTED_EDGE('',*,*,#2634,.T.) ;
#3019=ORIENTED_EDGE('',*,*,#2998,.T.) ;
#3020=ORIENTED_EDGE('',*,*,#3005,.T.) ;
#3021=ORIENTED_EDGE('',*,*,#3012,.T.) ;
#3022=ORIENTED_EDGE('',*,*,#3017,.T.) ;
#3050=ORIENTED_EDGE('',*,*,#3029,.F.) ;
#3051=ORIENTED_EDGE('',*,*,#3036,.F.) ;
#3052=ORIENTED_EDGE('',*,*,#3043,.F.) ;
#3053=ORIENTED_EDGE('',*,*,#3048,.F.) ;
#3067=ORIENTED_EDGE('',*,*,#3029,.T.) ;
#3068=ORIENTED_EDGE('',*,*,#2970,.T.) ;
#3069=ORIENTED_EDGE('',*,*,#3065,.F.) ;
#3070=ORIENTED_EDGE('',*,*,#2926,.F.) ;
#3098=ORIENTED_EDGE('',*,*,#3084,.T.) ;
#3099=ORIENTED_EDGE('',*,*,#3091,.F.) ;
#3100=ORIENTED_EDGE('',*,*,#3096,.F.) ;
#3132=ORIENTED_EDGE('',*,*,#3111,.T.) ;
#3133=ORIENTED_EDGE('',*,*,#3118,.T.) ;
#3134=ORIENTED_EDGE('',*,*,#3125,.T.) ;
#3135=ORIENTED_EDGE('',*,*,#3130,.T.) ;
#3163=ORIENTED_EDGE('',*,*,#3151,.F.) ;
#3164=ORIENTED_EDGE('',*,*,#3156,.T.) ;
#3165=ORIENTED_EDGE('',*,*,#2933,.T.) ;
#3166=ORIENTED_EDGE('',*,*,#3161,.F.) ;
#3194=ORIENTED_EDGE('',*,*,#3182,.F.) ;
#3195=ORIENTED_EDGE('',*,*,#3187,.T.) ;
#3196=ORIENTED_EDGE('',*,*,#3091,.T.) ;
#3197=ORIENTED_EDGE('',*,*,#3192,.F.) ;
#3225=ORIENTED_EDGE('',*,*,#3213,.F.) ;
#3226=ORIENTED_EDGE('',*,*,#3218,.T.) ;
#3227=ORIENTED_EDGE('',*,*,#2965,.T.) ;
#3228=ORIENTED_EDGE('',*,*,#3223,.F.) ;
#3242=ORIENTED_EDGE('',*,*,#3161,.T.) ;
#3243=ORIENTED_EDGE('',*,*,#3065,.T.) ;
#3244=ORIENTED_EDGE('',*,*,#3218,.F.) ;
#3245=ORIENTED_EDGE('',*,*,#3240,.F.) ;
#3268=ORIENTED_EDGE('',*,*,#3254,.F.) ;
#3269=ORIENTED_EDGE('',*,*,#3223,.T.) ;
#3270=ORIENTED_EDGE('',*,*,#3261,.T.) ;
#3271=ORIENTED_EDGE('',*,*,#3266,.F.) ;
#3299=ORIENTED_EDGE('',*,*,#3285,.F.) ;
#3300=ORIENTED_EDGE('',*,*,#3266,.T.) ;
#3301=ORIENTED_EDGE('',*,*,#3292,.T.) ;
#3302=ORIENTED_EDGE('',*,*,#3297,.F.) ;
#3321=ORIENTED_EDGE('',*,*,#3297,.T.) ;
#3322=ORIENTED_EDGE('',*,*,#3314,.T.) ;
#3323=ORIENTED_EDGE('',*,*,#3187,.F.) ;
#3324=ORIENTED_EDGE('',*,*,#3319,.F.) ;
#3338=ORIENTED_EDGE('',*,*,#3331,.F.) ;
#3339=ORIENTED_EDGE('',*,*,#3192,.T.) ;
#3340=ORIENTED_EDGE('',*,*,#3336,.T.) ;
#3341=ORIENTED_EDGE('',*,*,#3156,.F.) ;
#3369=ORIENTED_EDGE('',*,*,#3357,.T.) ;
#3370=ORIENTED_EDGE('',*,*,#3362,.T.) ;
#3371=ORIENTED_EDGE('',*,*,#2998,.F.) ;
#3372=ORIENTED_EDGE('',*,*,#3367,.F.) ;
#3400=ORIENTED_EDGE('',*,*,#3388,.T.) ;
#3401=ORIENTED_EDGE('',*,*,#3393,.T.) ;
#3402=ORIENTED_EDGE('',*,*,#3012,.F.) ;
#3403=ORIENTED_EDGE('',*,*,#3398,.F.) ;
#3431=ORIENTED_EDGE('',*,*,#3419,.T.) ;
#3432=ORIENTED_EDGE('',*,*,#3424,.T.) ;
#3433=ORIENTED_EDGE('',*,*,#3118,.F.) ;
#3434=ORIENTED_EDGE('',*,*,#3429,.F.) ;
#3471=ORIENTED_EDGE('',*,*,#3450,.T.) ;
#3472=ORIENTED_EDGE('',*,*,#3457,.T.) ;
#3473=ORIENTED_EDGE('',*,*,#3464,.T.) ;
#3474=ORIENTED_EDGE('',*,*,#3469,.T.) ;
#3495=ORIENTED_EDGE('',*,*,#3488,.T.) ;
#3496=ORIENTED_EDGE('',*,*,#3429,.T.) ;
#3497=ORIENTED_EDGE('',*,*,#3493,.F.) ;
#3518=ORIENTED_EDGE('',*,*,#3511,.T.) ;
#3519=ORIENTED_EDGE('',*,*,#3516,.T.) ;
#3520=ORIENTED_EDGE('',*,*,#3424,.F.) ;
#3548=ORIENTED_EDGE('',*,*,#3536,.T.) ;
#3549=ORIENTED_EDGE('',*,*,#3541,.T.) ;
#3550=ORIENTED_EDGE('',*,*,#3005,.F.) ;
#3551=ORIENTED_EDGE('',*,*,#3546,.F.) ;
#3579=ORIENTED_EDGE('',*,*,#3565,.F.) ;
#3580=ORIENTED_EDGE('',*,*,#3572,.T.) ;
#3581=ORIENTED_EDGE('',*,*,#3577,.T.) ;
#3582=ORIENTED_EDGE('',*,*,#2758,.T.) ;
#3660=ORIENTED_EDGE('',*,*,#3616,.F.) ;
#3661=ORIENTED_EDGE('',*,*,#3623,.T.) ;
#3662=ORIENTED_EDGE('',*,*,#3639,.T.) ;
#3663=ORIENTED_EDGE('',*,*,#3646,.F.) ;
#3664=ORIENTED_EDGE('',*,*,#3653,.T.) ;
#3665=ORIENTED_EDGE('',*,*,#3658,.T.) ;
#3693=ORIENTED_EDGE('',*,*,#3679,.F.) ;
#3694=ORIENTED_EDGE('',*,*,#3686,.F.) ;
#3695=ORIENTED_EDGE('',*,*,#3691,.T.) ;
#3696=ORIENTED_EDGE('',*,*,#3646,.T.) ;
#3724=ORIENTED_EDGE('',*,*,#3710,.F.) ;
#3725=ORIENTED_EDGE('',*,*,#3717,.F.) ;
#3726=ORIENTED_EDGE('',*,*,#3722,.T.) ;
#3727=ORIENTED_EDGE('',*,*,#3686,.T.) ;
#3755=ORIENTED_EDGE('',*,*,#3741,.F.) ;
#3756=ORIENTED_EDGE('',*,*,#3748,.F.) ;
#3757=ORIENTED_EDGE('',*,*,#3753,.T.) ;
#3758=ORIENTED_EDGE('',*,*,#3717,.T.) ;
#3833=ORIENTED_EDGE('',*,*,#3774,.F.) ;
#3834=ORIENTED_EDGE('',*,*,#3779,.T.) ;
#3835=ORIENTED_EDGE('',*,*,#3748,.T.) ;
#3836=ORIENTED_EDGE('',*,*,#3801,.T.) ;
#3837=ORIENTED_EDGE('',*,*,#3808,.T.) ;
#3838=ORIENTED_EDGE('',*,*,#3831,.F.) ;
#3931=ORIENTED_EDGE('',*,*,#3918,.F.) ;
#3932=ORIENTED_EDGE('',*,*,#3658,.F.) ;
#3933=ORIENTED_EDGE('',*,*,#3929,.T.) ;
#3934=ORIENTED_EDGE('',*,*,#3774,.T.) ;
#3955=ORIENTED_EDGE('',*,*,#3948,.T.) ;
#3956=ORIENTED_EDGE('',*,*,#2569,.F.) ;
#3957=ORIENTED_EDGE('',*,*,#3953,.F.) ;
#3978=ORIENTED_EDGE('',*,*,#3971,.F.) ;
#3979=ORIENTED_EDGE('',*,*,#3976,.T.) ;
#3980=ORIENTED_EDGE('',*,*,#2844,.T.) ;
#3981=ORIENTED_EDGE('',*,*,#2811,.F.) ;
#3990=ORIENTED_EDGE('',*,*,#3976,.F.) ;
#3991=ORIENTED_EDGE('',*,*,#3988,.T.) ;
#3992=ORIENTED_EDGE('',*,*,#3565,.T.) ;
#3993=ORIENTED_EDGE('',*,*,#2784,.T.) ;
#3994=ORIENTED_EDGE('',*,*,#2849,.T.) ;
#4017=ORIENTED_EDGE('',*,*,#2856,.F.) ;
#4018=ORIENTED_EDGE('',*,*,#2772,.F.) ;
#4019=ORIENTED_EDGE('',*,*,#4003,.F.) ;
#4020=ORIENTED_EDGE('',*,*,#4010,.T.) ;
#4021=ORIENTED_EDGE('',*,*,#4015,.F.) ;
#4042=ORIENTED_EDGE('',*,*,#2863,.T.) ;
#4043=ORIENTED_EDGE('',*,*,#4015,.T.) ;
#4044=ORIENTED_EDGE('',*,*,#4035,.F.) ;
#4045=ORIENTED_EDGE('',*,*,#4040,.T.) ;
#4054=ORIENTED_EDGE('',*,*,#4052,.F.) ;
#4055=ORIENTED_EDGE('',*,*,#4003,.T.) ;
#4056=ORIENTED_EDGE('',*,*,#2765,.T.) ;
#4057=ORIENTED_EDGE('',*,*,#3577,.F.) ;
#4078=ORIENTED_EDGE('',*,*,#4071,.T.) ;
#4079=ORIENTED_EDGE('',*,*,#3493,.T.) ;
#4080=ORIENTED_EDGE('',*,*,#3111,.F.) ;
#4081=ORIENTED_EDGE('',*,*,#4076,.F.) ;
#4118=ORIENTED_EDGE('',*,*,#4097,.T.) ;
#4119=ORIENTED_EDGE('',*,*,#4104,.T.) ;
#4120=ORIENTED_EDGE('',*,*,#4111,.T.) ;
#4121=ORIENTED_EDGE('',*,*,#4116,.T.) ;
#4149=ORIENTED_EDGE('',*,*,#4137,.T.) ;
#4150=ORIENTED_EDGE('',*,*,#4142,.T.) ;
#4151=ORIENTED_EDGE('',*,*,#4116,.F.) ;
#4152=ORIENTED_EDGE('',*,*,#4147,.F.) ;
#4173=ORIENTED_EDGE('',*,*,#4166,.T.) ;
#4174=ORIENTED_EDGE('',*,*,#4147,.T.) ;
#4175=ORIENTED_EDGE('',*,*,#4171,.F.) ;
#4196=ORIENTED_EDGE('',*,*,#4189,.T.) ;
#4197=ORIENTED_EDGE('',*,*,#4194,.T.) ;
#4198=ORIENTED_EDGE('',*,*,#4142,.F.) ;
#4219=ORIENTED_EDGE('',*,*,#4212,.T.) ;
#4220=ORIENTED_EDGE('',*,*,#4171,.T.) ;
#4221=ORIENTED_EDGE('',*,*,#4111,.F.) ;
#4222=ORIENTED_EDGE('',*,*,#4217,.F.) ;
#4243=ORIENTED_EDGE('',*,*,#4236,.T.) ;
#4244=ORIENTED_EDGE('',*,*,#4217,.T.) ;
#4245=ORIENTED_EDGE('',*,*,#4241,.F.) ;
#4266=ORIENTED_EDGE('',*,*,#4259,.T.) ;
#4267=ORIENTED_EDGE('',*,*,#4264,.T.) ;
#4268=ORIENTED_EDGE('',*,*,#4097,.F.) ;
#4269=ORIENTED_EDGE('',*,*,#4194,.F.) ;
#4290=ORIENTED_EDGE('',*,*,#4283,.T.) ;
#4291=ORIENTED_EDGE('',*,*,#4288,.T.) ;
#4292=ORIENTED_EDGE('',*,*,#4264,.F.) ;
#4306=ORIENTED_EDGE('',*,*,#4304,.T.) ;
#4307=ORIENTED_EDGE('',*,*,#4241,.T.) ;
#4308=ORIENTED_EDGE('',*,*,#4104,.F.) ;
#4309=ORIENTED_EDGE('',*,*,#4288,.F.) ;
#4330=ORIENTED_EDGE('',*,*,#2868,.F.) ;
#4331=ORIENTED_EDGE('',*,*,#4323,.T.) ;
#4332=ORIENTED_EDGE('',*,*,#4328,.T.) ;
#4333=ORIENTED_EDGE('',*,*,#3953,.T.) ;
#4363=ORIENTED_EDGE('',*,*,#4347,.T.) ;
#4364=ORIENTED_EDGE('',*,*,#3948,.F.) ;
#4365=ORIENTED_EDGE('',*,*,#4354,.F.) ;
#4366=ORIENTED_EDGE('',*,*,#4361,.T.) ;
#4400=ORIENTED_EDGE('',*,*,#4383,.T.) ;
#4401=ORIENTED_EDGE('',*,*,#3450,.F.) ;
#4402=ORIENTED_EDGE('',*,*,#4393,.F.) ;
#4403=ORIENTED_EDGE('',*,*,#4398,.T.) ;
#4516=ORIENTED_EDGE('',*,*,#4488,.T.) ;
#4517=ORIENTED_EDGE('',*,*,#4514,.T.) ;
#4518=ORIENTED_EDGE('',*,*,#4383,.F.) ;
#4631=ORIENTED_EDGE('',*,*,#4603,.T.) ;
#4632=ORIENTED_EDGE('',*,*,#4393,.T.) ;
#4633=ORIENTED_EDGE('',*,*,#4629,.F.) ;
#4667=ORIENTED_EDGE('',*,*,#4650,.T.) ;
#4668=ORIENTED_EDGE('',*,*,#3464,.F.) ;
#4669=ORIENTED_EDGE('',*,*,#4660,.F.) ;
#4670=ORIENTED_EDGE('',*,*,#4665,.T.) ;
#4783=ORIENTED_EDGE('',*,*,#4755,.T.) ;
#4784=ORIENTED_EDGE('',*,*,#4660,.T.) ;
#4785=ORIENTED_EDGE('',*,*,#4781,.F.) ;
#4898=ORIENTED_EDGE('',*,*,#4870,.T.) ;
#4899=ORIENTED_EDGE('',*,*,#4896,.T.) ;
#4900=ORIENTED_EDGE('',*,*,#4650,.F.) ;
#4914=ORIENTED_EDGE('',*,*,#4781,.T.) ;
#4915=ORIENTED_EDGE('',*,*,#3457,.F.) ;
#4916=ORIENTED_EDGE('',*,*,#4514,.F.) ;
#4917=ORIENTED_EDGE('',*,*,#4912,.T.) ;
#4931=ORIENTED_EDGE('',*,*,#4629,.T.) ;
#4932=ORIENTED_EDGE('',*,*,#3469,.F.) ;
#4933=ORIENTED_EDGE('',*,*,#4896,.F.) ;
#4934=ORIENTED_EDGE('',*,*,#4929,.T.) ;
#4962=ORIENTED_EDGE('',*,*,#3419,.F.) ;
#4963=ORIENTED_EDGE('',*,*,#4948,.T.) ;
#4964=ORIENTED_EDGE('',*,*,#4955,.T.) ;
#4965=ORIENTED_EDGE('',*,*,#4960,.F.) ;
#4986=ORIENTED_EDGE('',*,*,#3488,.F.) ;
#4987=ORIENTED_EDGE('',*,*,#4979,.T.) ;
#4988=ORIENTED_EDGE('',*,*,#4984,.F.) ;
#4989=ORIENTED_EDGE('',*,*,#4948,.F.) ;
#5010=ORIENTED_EDGE('',*,*,#3511,.F.) ;
#5011=ORIENTED_EDGE('',*,*,#4960,.T.) ;
#5012=ORIENTED_EDGE('',*,*,#5003,.F.) ;
#5013=ORIENTED_EDGE('',*,*,#5008,.F.) ;
#5036=ORIENTED_EDGE('',*,*,#3536,.F.) ;
#5037=ORIENTED_EDGE('',*,*,#5022,.T.) ;
#5038=ORIENTED_EDGE('',*,*,#5029,.T.) ;
#5039=ORIENTED_EDGE('',*,*,#5034,.F.) ;
#5065=ORIENTED_EDGE('',*,*,#5051,.F.) ;
#5066=ORIENTED_EDGE('',*,*,#5058,.T.) ;
#5067=ORIENTED_EDGE('',*,*,#5063,.F.) ;
#5068=ORIENTED_EDGE('',*,*,#5022,.F.) ;
#5094=ORIENTED_EDGE('',*,*,#5080,.F.) ;
#5095=ORIENTED_EDGE('',*,*,#5034,.T.) ;
#5096=ORIENTED_EDGE('',*,*,#5087,.F.) ;
#5097=ORIENTED_EDGE('',*,*,#5092,.F.) ;
#5118=ORIENTED_EDGE('',*,*,#4071,.F.) ;
#5119=ORIENTED_EDGE('',*,*,#5111,.T.) ;
#5120=ORIENTED_EDGE('',*,*,#5116,.F.) ;
#5121=ORIENTED_EDGE('',*,*,#4979,.F.) ;
#5149=ORIENTED_EDGE('',*,*,#5135,.F.) ;
#5150=ORIENTED_EDGE('',*,*,#5142,.T.) ;
#5151=ORIENTED_EDGE('',*,*,#5147,.F.) ;
#5152=ORIENTED_EDGE('',*,*,#5111,.F.) ;
#5180=ORIENTED_EDGE('',*,*,#5008,.T.) ;
#5181=ORIENTED_EDGE('',*,*,#5166,.T.) ;
#5182=ORIENTED_EDGE('',*,*,#5173,.F.) ;
#5183=ORIENTED_EDGE('',*,*,#5178,.F.) ;
#5211=ORIENTED_EDGE('',*,*,#5197,.F.) ;
#5212=ORIENTED_EDGE('',*,*,#5173,.T.) ;
#5213=ORIENTED_EDGE('',*,*,#5204,.F.) ;
#5214=ORIENTED_EDGE('',*,*,#5209,.F.) ;
#5251=ORIENTED_EDGE('',*,*,#5230,.F.) ;
#5252=ORIENTED_EDGE('',*,*,#5237,.T.) ;
#5253=ORIENTED_EDGE('',*,*,#5244,.T.) ;
#5254=ORIENTED_EDGE('',*,*,#5249,.F.) ;
#5280=ORIENTED_EDGE('',*,*,#5266,.F.) ;
#5281=ORIENTED_EDGE('',*,*,#5249,.T.) ;
#5282=ORIENTED_EDGE('',*,*,#5273,.F.) ;
#5283=ORIENTED_EDGE('',*,*,#5278,.F.) ;
#5309=ORIENTED_EDGE('',*,*,#5295,.F.) ;
#5310=ORIENTED_EDGE('',*,*,#5302,.T.) ;
#5311=ORIENTED_EDGE('',*,*,#5307,.F.) ;
#5312=ORIENTED_EDGE('',*,*,#5237,.F.) ;
#5326=ORIENTED_EDGE('',*,*,#5278,.T.) ;
#5327=ORIENTED_EDGE('',*,*,#5324,.T.) ;
#5328=ORIENTED_EDGE('',*,*,#5058,.F.) ;
#5329=ORIENTED_EDGE('',*,*,#3357,.F.) ;
#5343=ORIENTED_EDGE('',*,*,#3388,.F.) ;
#5344=ORIENTED_EDGE('',*,*,#5092,.T.) ;
#5345=ORIENTED_EDGE('',*,*,#5341,.F.) ;
#5346=ORIENTED_EDGE('',*,*,#5302,.F.) ;
#5360=ORIENTED_EDGE('',*,*,#5353,.F.) ;
#5361=ORIENTED_EDGE('',*,*,#5209,.T.) ;
#5362=ORIENTED_EDGE('',*,*,#5358,.T.) ;
#5363=ORIENTED_EDGE('',*,*,#5142,.F.) ;
#5398=ORIENTED_EDGE('',*,*,#5377,.F.) ;
#5399=ORIENTED_EDGE('',*,*,#5384,.T.) ;
#5400=ORIENTED_EDGE('',*,*,#5391,.F.) ;
#5401=ORIENTED_EDGE('',*,*,#5396,.F.) ;
#5402=ORIENTED_EDGE('',*,*,#2895,.F.) ;
#5403=ORIENTED_EDGE('',*,*,#2730,.F.) ;
#5404=ORIENTED_EDGE('',*,*,#2691,.F.) ;
#5405=ORIENTED_EDGE('',*,*,#2677,.F.) ;
#5406=ORIENTED_EDGE('',*,*,#2641,.F.) ;
#5407=ORIENTED_EDGE('',*,*,#2614,.F.) ;
#5408=ORIENTED_EDGE('',*,*,#2576,.F.) ;
#5409=ORIENTED_EDGE('',*,*,#4347,.F.) ;
#5497=ORIENTED_EDGE('',*,*,#3831,.T.) ;
#5498=ORIENTED_EDGE('',*,*,#5495,.F.) ;
#5499=ORIENTED_EDGE('',*,*,#3616,.T.) ;
#5500=ORIENTED_EDGE('',*,*,#3918,.T.) ;
#5514=ORIENTED_EDGE('',*,*,#1870,.T.) ;
#5515=ORIENTED_EDGE('',*,*,#5512,.T.) ;
#5516=ORIENTED_EDGE('',*,*,#2804,.F.) ;
#5517=ORIENTED_EDGE('',*,*,#1655,.F.) ;
#5526=ORIENTED_EDGE('',*,*,#1662,.F.) ;
#5527=ORIENTED_EDGE('',*,*,#2816,.T.) ;
#5528=ORIENTED_EDGE('',*,*,#2837,.T.) ;
#5529=ORIENTED_EDGE('',*,*,#2905,.T.) ;
#5545=ORIENTED_EDGE('',*,*,#1667,.F.) ;
#5546=ORIENTED_EDGE('',*,*,#2900,.T.) ;
#5547=ORIENTED_EDGE('',*,*,#5396,.T.) ;
#5548=ORIENTED_EDGE('',*,*,#5543,.T.) ;
#5574=ORIENTED_EDGE('',*,*,#1762,.F.) ;
#5575=ORIENTED_EDGE('',*,*,#5560,.F.) ;
#5576=ORIENTED_EDGE('',*,*,#2383,.F.) ;
#5577=ORIENTED_EDGE('',*,*,#5567,.F.) ;
#5578=ORIENTED_EDGE('',*,*,#5572,.F.) ;
#5599=ORIENTED_EDGE('',*,*,#1769,.F.) ;
#5600=ORIENTED_EDGE('',*,*,#5572,.T.) ;
#5601=ORIENTED_EDGE('',*,*,#5592,.T.) ;
#5602=ORIENTED_EDGE('',*,*,#5597,.F.) ;
#5621=ORIENTED_EDGE('',*,*,#5597,.T.) ;
#5622=ORIENTED_EDGE('',*,*,#5614,.T.) ;
#5623=ORIENTED_EDGE('',*,*,#2397,.T.) ;
#5624=ORIENTED_EDGE('',*,*,#5619,.T.) ;
#5625=ORIENTED_EDGE('',*,*,#1776,.T.) ;
#5634=ORIENTED_EDGE('',*,*,#2390,.F.) ;
#5635=ORIENTED_EDGE('',*,*,#5560,.T.) ;
#5636=ORIENTED_EDGE('',*,*,#1781,.T.) ;
#5637=ORIENTED_EDGE('',*,*,#5619,.F.) ;
#5658=ORIENTED_EDGE('',*,*,#1796,.F.) ;
#5659=ORIENTED_EDGE('',*,*,#5646,.F.) ;
#5660=ORIENTED_EDGE('',*,*,#5651,.F.) ;
#5661=ORIENTED_EDGE('',*,*,#2439,.F.) ;
#5662=ORIENTED_EDGE('',*,*,#5656,.F.) ;
#5676=ORIENTED_EDGE('',*,*,#1803,.F.) ;
#5677=ORIENTED_EDGE('',*,*,#5656,.T.) ;
#5678=ORIENTED_EDGE('',*,*,#2432,.T.) ;
#5679=ORIENTED_EDGE('',*,*,#5674,.F.) ;
#5695=ORIENTED_EDGE('',*,*,#5674,.T.) ;
#5696=ORIENTED_EDGE('',*,*,#2425,.T.) ;
#5697=ORIENTED_EDGE('',*,*,#5688,.T.) ;
#5698=ORIENTED_EDGE('',*,*,#5693,.T.) ;
#5699=ORIENTED_EDGE('',*,*,#1810,.T.) ;
#5713=ORIENTED_EDGE('',*,*,#5711,.F.) ;
#5714=ORIENTED_EDGE('',*,*,#5646,.T.) ;
#5715=ORIENTED_EDGE('',*,*,#1815,.T.) ;
#5716=ORIENTED_EDGE('',*,*,#5693,.F.) ;
#5725=ORIENTED_EDGE('',*,*,#3036,.T.) ;
#5726=ORIENTED_EDGE('',*,*,#2938,.T.) ;
#5727=ORIENTED_EDGE('',*,*,#3336,.F.) ;
#5728=ORIENTED_EDGE('',*,*,#3084,.F.) ;
#5747=ORIENTED_EDGE('',*,*,#5740,.T.) ;
#5748=ORIENTED_EDGE('',*,*,#3292,.F.) ;
#5749=ORIENTED_EDGE('',*,*,#5745,.F.) ;
#5770=ORIENTED_EDGE('',*,*,#5763,.F.) ;
#5771=ORIENTED_EDGE('',*,*,#5768,.T.) ;
#5772=ORIENTED_EDGE('',*,*,#3679,.T.) ;
#5773=ORIENTED_EDGE('',*,*,#3639,.F.) ;
#5794=ORIENTED_EDGE('',*,*,#5787,.T.) ;
#5795=ORIENTED_EDGE('',*,*,#3710,.T.) ;
#5796=ORIENTED_EDGE('',*,*,#5768,.F.) ;
#5797=ORIENTED_EDGE('',*,*,#5792,.F.) ;
#5811=ORIENTED_EDGE('',*,*,#3801,.F.) ;
#5812=ORIENTED_EDGE('',*,*,#3741,.T.) ;
#5813=ORIENTED_EDGE('',*,*,#5787,.F.) ;
#5814=ORIENTED_EDGE('',*,*,#5809,.F.) ;
#5823=ORIENTED_EDGE('',*,*,#3048,.T.) ;
#5824=ORIENTED_EDGE('',*,*,#5745,.T.) ;
#5825=ORIENTED_EDGE('',*,*,#3261,.F.) ;
#5826=ORIENTED_EDGE('',*,*,#2958,.F.) ;
#5835=ORIENTED_EDGE('',*,*,#3043,.T.) ;
#5836=ORIENTED_EDGE('',*,*,#3096,.T.) ;
#5837=ORIENTED_EDGE('',*,*,#3314,.F.) ;
#5838=ORIENTED_EDGE('',*,*,#5740,.F.) ;
#5857=ORIENTED_EDGE('',*,*,#5353,.T.) ;
#5858=ORIENTED_EDGE('',*,*,#5850,.T.) ;
#5859=ORIENTED_EDGE('',*,*,#3130,.F.) ;
#5860=ORIENTED_EDGE('',*,*,#5855,.F.) ;
#5879=ORIENTED_EDGE('',*,*,#5872,.T.) ;
#5880=ORIENTED_EDGE('',*,*,#3151,.T.) ;
#5881=ORIENTED_EDGE('',*,*,#5877,.F.) ;
#5882=ORIENTED_EDGE('',*,*,#1743,.F.) ;
#5901=ORIENTED_EDGE('',*,*,#5894,.T.) ;
#5902=ORIENTED_EDGE('',*,*,#3182,.T.) ;
#5903=ORIENTED_EDGE('',*,*,#5899,.F.) ;
#5904=ORIENTED_EDGE('',*,*,#1731,.F.) ;
#5923=ORIENTED_EDGE('',*,*,#5916,.T.) ;
#5924=ORIENTED_EDGE('',*,*,#3213,.T.) ;
#5925=ORIENTED_EDGE('',*,*,#5921,.F.) ;
#5926=ORIENTED_EDGE('',*,*,#1703,.F.) ;
#5935=ORIENTED_EDGE('',*,*,#5877,.T.) ;
#5936=ORIENTED_EDGE('',*,*,#3240,.T.) ;
#5937=ORIENTED_EDGE('',*,*,#5916,.F.) ;
#5938=ORIENTED_EDGE('',*,*,#1696,.F.) ;
#5952=ORIENTED_EDGE('',*,*,#5921,.T.) ;
#5953=ORIENTED_EDGE('',*,*,#3254,.T.) ;
#5954=ORIENTED_EDGE('',*,*,#5950,.F.) ;
#5955=ORIENTED_EDGE('',*,*,#1710,.F.) ;
#5969=ORIENTED_EDGE('',*,*,#5950,.T.) ;
#5970=ORIENTED_EDGE('',*,*,#3285,.T.) ;
#5971=ORIENTED_EDGE('',*,*,#5967,.F.) ;
#5972=ORIENTED_EDGE('',*,*,#1717,.F.) ;
#5981=ORIENTED_EDGE('',*,*,#5967,.T.) ;
#5982=ORIENTED_EDGE('',*,*,#3319,.T.) ;
#5983=ORIENTED_EDGE('',*,*,#5894,.F.) ;
#5984=ORIENTED_EDGE('',*,*,#1724,.F.) ;
#5993=ORIENTED_EDGE('',*,*,#5899,.T.) ;
#5994=ORIENTED_EDGE('',*,*,#3331,.T.) ;
#5995=ORIENTED_EDGE('',*,*,#5872,.F.) ;
#5996=ORIENTED_EDGE('',*,*,#1738,.F.) ;
#6005=ORIENTED_EDGE('',*,*,#5051,.T.) ;
#6006=ORIENTED_EDGE('',*,*,#3546,.T.) ;
#6007=ORIENTED_EDGE('',*,*,#3362,.F.) ;
#6044=ORIENTED_EDGE('',*,*,#6023,.F.) ;
#6045=ORIENTED_EDGE('',*,*,#6030,.T.) ;
#6046=ORIENTED_EDGE('',*,*,#6037,.T.) ;
#6047=ORIENTED_EDGE('',*,*,#6042,.F.) ;
#6075=ORIENTED_EDGE('',*,*,#6056,.T.) ;
#6076=ORIENTED_EDGE('',*,*,#6061,.F.) ;
#6077=ORIENTED_EDGE('',*,*,#6037,.F.) ;
#6078=ORIENTED_EDGE('',*,*,#6068,.T.) ;
#6079=ORIENTED_EDGE('',*,*,#6073,.T.) ;
#6080=ORIENTED_EDGE('',*,*,#5651,.T.) ;
#6081=ORIENTED_EDGE('',*,*,#5711,.T.) ;
#6082=ORIENTED_EDGE('',*,*,#5688,.F.) ;
#6119=ORIENTED_EDGE('',*,*,#6098,.F.) ;
#6120=ORIENTED_EDGE('',*,*,#6105,.T.) ;
#6121=ORIENTED_EDGE('',*,*,#6112,.T.) ;
#6122=ORIENTED_EDGE('',*,*,#6117,.F.) ;
#6150=ORIENTED_EDGE('',*,*,#6131,.T.) ;
#6151=ORIENTED_EDGE('',*,*,#6136,.T.) ;
#6152=ORIENTED_EDGE('',*,*,#6098,.T.) ;
#6153=ORIENTED_EDGE('',*,*,#6143,.F.) ;
#6154=ORIENTED_EDGE('',*,*,#6148,.T.) ;
#6155=ORIENTED_EDGE('',*,*,#5614,.F.) ;
#6156=ORIENTED_EDGE('',*,*,#5592,.F.) ;
#6157=ORIENTED_EDGE('',*,*,#5567,.T.) ;
#6171=ORIENTED_EDGE('',*,*,#5295,.T.) ;
#6172=ORIENTED_EDGE('',*,*,#6169,.T.) ;
#6173=ORIENTED_EDGE('',*,*,#3393,.F.) ;
#6182=ORIENTED_EDGE('',*,*,#5080,.T.) ;
#6183=ORIENTED_EDGE('',*,*,#3398,.T.) ;
#6184=ORIENTED_EDGE('',*,*,#3541,.F.) ;
#6205=ORIENTED_EDGE('',*,*,#6198,.T.) ;
#6206=ORIENTED_EDGE('',*,*,#6203,.T.) ;
#6207=ORIENTED_EDGE('',*,*,#4323,.F.) ;
#6208=ORIENTED_EDGE('',*,*,#4040,.F.) ;
#6222=ORIENTED_EDGE('',*,*,#4035,.T.) ;
#6223=ORIENTED_EDGE('',*,*,#4010,.F.) ;
#6224=ORIENTED_EDGE('',*,*,#4052,.T.) ;
#6225=ORIENTED_EDGE('',*,*,#3572,.F.) ;
#6226=ORIENTED_EDGE('',*,*,#3988,.F.) ;
#6227=ORIENTED_EDGE('',*,*,#3971,.T.) ;
#6228=ORIENTED_EDGE('',*,*,#5512,.F.) ;
#6229=ORIENTED_EDGE('',*,*,#1900,.F.) ;
#6230=ORIENTED_EDGE('',*,*,#1919,.F.) ;
#6231=ORIENTED_EDGE('',*,*,#2002,.F.) ;
#6232=ORIENTED_EDGE('',*,*,#2026,.F.) ;
#6233=ORIENTED_EDGE('',*,*,#2057,.F.) ;
#6234=ORIENTED_EDGE('',*,*,#2077,.F.) ;
#6235=ORIENTED_EDGE('',*,*,#6220,.T.) ;
#6238=ORIENTED_EDGE('',*,*,#3653,.F.) ;
#6239=ORIENTED_EDGE('',*,*,#3691,.F.) ;
#6240=ORIENTED_EDGE('',*,*,#3722,.F.) ;
#6241=ORIENTED_EDGE('',*,*,#3753,.F.) ;
#6242=ORIENTED_EDGE('',*,*,#3779,.F.) ;
#6243=ORIENTED_EDGE('',*,*,#3929,.F.) ;
#6257=ORIENTED_EDGE('',*,*,#5178,.T.) ;
#6258=ORIENTED_EDGE('',*,*,#6255,.T.) ;
#6259=ORIENTED_EDGE('',*,*,#3125,.F.) ;
#6260=ORIENTED_EDGE('',*,*,#3516,.F.) ;
#6269=ORIENTED_EDGE('',*,*,#5135,.T.) ;
#6270=ORIENTED_EDGE('',*,*,#4076,.T.) ;
#6271=ORIENTED_EDGE('',*,*,#5850,.F.) ;
#6287=ORIENTED_EDGE('',*,*,#6280,.F.) ;
#6288=ORIENTED_EDGE('',*,*,#2234,.T.) ;
#6289=ORIENTED_EDGE('',*,*,#2209,.T.) ;
#6290=ORIENTED_EDGE('',*,*,#6285,.F.) ;
#6311=ORIENTED_EDGE('',*,*,#6304,.F.) ;
#6312=ORIENTED_EDGE('',*,*,#6309,.T.) ;
#6313=ORIENTED_EDGE('',*,*,#6285,.T.) ;
#6314=ORIENTED_EDGE('',*,*,#2202,.T.) ;
#6330=ORIENTED_EDGE('',*,*,#6323,.F.) ;
#6331=ORIENTED_EDGE('',*,*,#6328,.T.) ;
#6332=ORIENTED_EDGE('',*,*,#6304,.T.) ;
#6333=ORIENTED_EDGE('',*,*,#2219,.T.) ;
#6334=ORIENTED_EDGE('',*,*,#2157,.T.) ;
#6355=ORIENTED_EDGE('',*,*,#2150,.T.) ;
#6356=ORIENTED_EDGE('',*,*,#6348,.F.) ;
#6357=ORIENTED_EDGE('',*,*,#6353,.F.) ;
#6358=ORIENTED_EDGE('',*,*,#6323,.T.) ;
#6379=ORIENTED_EDGE('',*,*,#6348,.T.) ;
#6380=ORIENTED_EDGE('',*,*,#1846,.T.) ;
#6381=ORIENTED_EDGE('',*,*,#6372,.F.) ;
#6382=ORIENTED_EDGE('',*,*,#6377,.F.) ;
#6405=ORIENTED_EDGE('',*,*,#6396,.F.) ;
#6406=ORIENTED_EDGE('',*,*,#6372,.T.) ;
#6407=ORIENTED_EDGE('',*,*,#1641,.T.) ;
#6408=ORIENTED_EDGE('',*,*,#6403,.T.) ;
#6436=ORIENTED_EDGE('',*,*,#6422,.T.) ;
#6437=ORIENTED_EDGE('',*,*,#6429,.T.) ;
#6438=ORIENTED_EDGE('',*,*,#6434,.F.) ;
#6439=ORIENTED_EDGE('',*,*,#4137,.F.) ;
#6460=ORIENTED_EDGE('',*,*,#4166,.F.) ;
#6461=ORIENTED_EDGE('',*,*,#6453,.T.) ;
#6462=ORIENTED_EDGE('',*,*,#6458,.F.) ;
#6463=ORIENTED_EDGE('',*,*,#6422,.F.) ;
#6484=ORIENTED_EDGE('',*,*,#4189,.F.) ;
#6485=ORIENTED_EDGE('',*,*,#6434,.T.) ;
#6486=ORIENTED_EDGE('',*,*,#6477,.F.) ;
#6487=ORIENTED_EDGE('',*,*,#6482,.F.) ;
#6508=ORIENTED_EDGE('',*,*,#4212,.F.) ;
#6509=ORIENTED_EDGE('',*,*,#6501,.T.) ;
#6510=ORIENTED_EDGE('',*,*,#6506,.F.) ;
#6511=ORIENTED_EDGE('',*,*,#6453,.F.) ;
#6532=ORIENTED_EDGE('',*,*,#4236,.F.) ;
#6533=ORIENTED_EDGE('',*,*,#6525,.T.) ;
#6534=ORIENTED_EDGE('',*,*,#6530,.F.) ;
#6535=ORIENTED_EDGE('',*,*,#6501,.F.) ;
#6556=ORIENTED_EDGE('',*,*,#4259,.F.) ;
#6557=ORIENTED_EDGE('',*,*,#6482,.T.) ;
#6558=ORIENTED_EDGE('',*,*,#6549,.F.) ;
#6559=ORIENTED_EDGE('',*,*,#6554,.F.) ;
#6580=ORIENTED_EDGE('',*,*,#4283,.F.) ;
#6581=ORIENTED_EDGE('',*,*,#6554,.T.) ;
#6582=ORIENTED_EDGE('',*,*,#6573,.F.) ;
#6583=ORIENTED_EDGE('',*,*,#6578,.F.) ;
#6597=ORIENTED_EDGE('',*,*,#6578,.T.) ;
#6598=ORIENTED_EDGE('',*,*,#6595,.T.) ;
#6599=ORIENTED_EDGE('',*,*,#6525,.F.) ;
#6600=ORIENTED_EDGE('',*,*,#4304,.F.) ;
#6628=ORIENTED_EDGE('',*,*,#6614,.F.) ;
#6629=ORIENTED_EDGE('',*,*,#5384,.F.) ;
#6630=ORIENTED_EDGE('',*,*,#6621,.T.) ;
#6631=ORIENTED_EDGE('',*,*,#6626,.F.) ;
#6652=ORIENTED_EDGE('',*,*,#6645,.T.) ;
#6653=ORIENTED_EDGE('',*,*,#6621,.F.) ;
#6654=ORIENTED_EDGE('',*,*,#5377,.T.) ;
#6655=ORIENTED_EDGE('',*,*,#4361,.F.) ;
#6656=ORIENTED_EDGE('',*,*,#6650,.F.) ;
#6703=ORIENTED_EDGE('',*,*,#4354,.T.) ;
#6704=ORIENTED_EDGE('',*,*,#4328,.F.) ;
#6705=ORIENTED_EDGE('',*,*,#6203,.F.) ;
#6706=ORIENTED_EDGE('',*,*,#6670,.F.) ;
#6707=ORIENTED_EDGE('',*,*,#6689,.F.) ;
#6708=ORIENTED_EDGE('',*,*,#6696,.T.) ;
#6709=ORIENTED_EDGE('',*,*,#6701,.F.) ;
#6710=ORIENTED_EDGE('',*,*,#6650,.T.) ;
#6738=ORIENTED_EDGE('',*,*,#4398,.F.) ;
#6739=ORIENTED_EDGE('',*,*,#6724,.F.) ;
#6740=ORIENTED_EDGE('',*,*,#6731,.T.) ;
#6741=ORIENTED_EDGE('',*,*,#6736,.T.) ;
#6762=ORIENTED_EDGE('',*,*,#6736,.F.) ;
#6763=ORIENTED_EDGE('',*,*,#6755,.T.) ;
#6764=ORIENTED_EDGE('',*,*,#6760,.T.) ;
#6765=ORIENTED_EDGE('',*,*,#4488,.F.) ;
#6786=ORIENTED_EDGE('',*,*,#6779,.F.) ;
#6787=ORIENTED_EDGE('',*,*,#6784,.T.) ;
#6788=ORIENTED_EDGE('',*,*,#6724,.T.) ;
#6789=ORIENTED_EDGE('',*,*,#4603,.F.) ;
#6817=ORIENTED_EDGE('',*,*,#4665,.F.) ;
#6818=ORIENTED_EDGE('',*,*,#6803,.F.) ;
#6819=ORIENTED_EDGE('',*,*,#6810,.F.) ;
#6820=ORIENTED_EDGE('',*,*,#6815,.T.) ;
#6841=ORIENTED_EDGE('',*,*,#6834,.F.) ;
#6842=ORIENTED_EDGE('',*,*,#6839,.T.) ;
#6843=ORIENTED_EDGE('',*,*,#6803,.T.) ;
#6844=ORIENTED_EDGE('',*,*,#4755,.F.) ;
#6865=ORIENTED_EDGE('',*,*,#6815,.F.) ;
#6866=ORIENTED_EDGE('',*,*,#6858,.T.) ;
#6867=ORIENTED_EDGE('',*,*,#6863,.T.) ;
#6868=ORIENTED_EDGE('',*,*,#4870,.F.) ;
#6882=ORIENTED_EDGE('',*,*,#6760,.F.) ;
#6883=ORIENTED_EDGE('',*,*,#6880,.T.) ;
#6884=ORIENTED_EDGE('',*,*,#6834,.T.) ;
#6885=ORIENTED_EDGE('',*,*,#4912,.F.) ;
#6899=ORIENTED_EDGE('',*,*,#6863,.F.) ;
#6900=ORIENTED_EDGE('',*,*,#6897,.F.) ;
#6901=ORIENTED_EDGE('',*,*,#6779,.T.) ;
#6902=ORIENTED_EDGE('',*,*,#4929,.F.) ;
#6905=ORIENTED_EDGE('',*,*,#5307,.T.) ;
#6906=ORIENTED_EDGE('',*,*,#5341,.T.) ;
#6907=ORIENTED_EDGE('',*,*,#5087,.T.) ;
#6908=ORIENTED_EDGE('',*,*,#5029,.F.) ;
#6909=ORIENTED_EDGE('',*,*,#5063,.T.) ;
#6910=ORIENTED_EDGE('',*,*,#5324,.F.) ;
#6911=ORIENTED_EDGE('',*,*,#5273,.T.) ;
#6912=ORIENTED_EDGE('',*,*,#5244,.F.) ;
#6915=ORIENTED_EDGE('',*,*,#5003,.T.) ;
#6916=ORIENTED_EDGE('',*,*,#4955,.F.) ;
#6917=ORIENTED_EDGE('',*,*,#4984,.T.) ;
#6918=ORIENTED_EDGE('',*,*,#5116,.T.) ;
#6919=ORIENTED_EDGE('',*,*,#5147,.T.) ;
#6920=ORIENTED_EDGE('',*,*,#5358,.F.) ;
#6921=ORIENTED_EDGE('',*,*,#5204,.T.) ;
#6922=ORIENTED_EDGE('',*,*,#5166,.F.) ;
#6936=ORIENTED_EDGE('',*,*,#6934,.T.) ;
#6937=ORIENTED_EDGE('',*,*,#1620,.F.) ;
#6938=ORIENTED_EDGE('',*,*,#5543,.F.) ;
#6939=ORIENTED_EDGE('',*,*,#5391,.T.) ;
#6940=ORIENTED_EDGE('',*,*,#6614,.T.) ;
#6949=ORIENTED_EDGE('',*,*,#5809,.T.) ;
#6950=ORIENTED_EDGE('',*,*,#5792,.T.) ;
#6951=ORIENTED_EDGE('',*,*,#5763,.T.) ;
#6952=ORIENTED_EDGE('',*,*,#3623,.F.) ;
#6953=ORIENTED_EDGE('',*,*,#5495,.T.) ;
#6954=ORIENTED_EDGE('',*,*,#3808,.F.) ;
#6982=ORIENTED_EDGE('',*,*,#6968,.T.) ;
#6983=ORIENTED_EDGE('',*,*,#6403,.F.) ;
#6984=ORIENTED_EDGE('',*,*,#1634,.F.) ;
#6985=ORIENTED_EDGE('',*,*,#6975,.T.) ;
#6986=ORIENTED_EDGE('',*,*,#6980,.T.) ;
#7014=ORIENTED_EDGE('',*,*,#7000,.T.) ;
#7015=ORIENTED_EDGE('',*,*,#7007,.T.) ;
#7016=ORIENTED_EDGE('',*,*,#7012,.F.) ;
#7017=ORIENTED_EDGE('',*,*,#2089,.F.) ;
#7038=ORIENTED_EDGE('',*,*,#7031,.T.) ;
#7039=ORIENTED_EDGE('',*,*,#7000,.F.) ;
#7040=ORIENTED_EDGE('',*,*,#2143,.F.) ;
#7041=ORIENTED_EDGE('',*,*,#7036,.T.) ;
#7062=ORIENTED_EDGE('',*,*,#7036,.F.) ;
#7063=ORIENTED_EDGE('',*,*,#2138,.F.) ;
#7064=ORIENTED_EDGE('',*,*,#2458,.F.) ;
#7065=ORIENTED_EDGE('',*,*,#7055,.T.) ;
#7066=ORIENTED_EDGE('',*,*,#7060,.T.) ;
#7087=ORIENTED_EDGE('',*,*,#7055,.F.) ;
#7088=ORIENTED_EDGE('',*,*,#2453,.F.) ;
#7089=ORIENTED_EDGE('',*,*,#7080,.T.) ;
#7090=ORIENTED_EDGE('',*,*,#7085,.F.) ;
#7111=ORIENTED_EDGE('',*,*,#7104,.T.) ;
#7112=ORIENTED_EDGE('',*,*,#7080,.F.) ;
#7113=ORIENTED_EDGE('',*,*,#2446,.F.) ;
#7114=ORIENTED_EDGE('',*,*,#6073,.F.) ;
#7115=ORIENTED_EDGE('',*,*,#7109,.T.) ;
#7136=ORIENTED_EDGE('',*,*,#7109,.F.) ;
#7137=ORIENTED_EDGE('',*,*,#6068,.F.) ;
#7138=ORIENTED_EDGE('',*,*,#6030,.F.) ;
#7139=ORIENTED_EDGE('',*,*,#7129,.F.) ;
#7140=ORIENTED_EDGE('',*,*,#7134,.F.) ;
#7161=ORIENTED_EDGE('',*,*,#7154,.F.) ;
#7162=ORIENTED_EDGE('',*,*,#7129,.T.) ;
#7163=ORIENTED_EDGE('',*,*,#6023,.T.) ;
#7164=ORIENTED_EDGE('',*,*,#7159,.F.) ;
#7185=ORIENTED_EDGE('',*,*,#7178,.T.) ;
#7186=ORIENTED_EDGE('',*,*,#7159,.T.) ;
#7187=ORIENTED_EDGE('',*,*,#6042,.T.) ;
#7188=ORIENTED_EDGE('',*,*,#6061,.T.) ;
#7189=ORIENTED_EDGE('',*,*,#7183,.T.) ;
#7205=ORIENTED_EDGE('',*,*,#7198,.T.) ;
#7206=ORIENTED_EDGE('',*,*,#7183,.F.) ;
#7207=ORIENTED_EDGE('',*,*,#6056,.F.) ;
#7208=ORIENTED_EDGE('',*,*,#2418,.F.) ;
#7209=ORIENTED_EDGE('',*,*,#7203,.T.) ;
#7230=ORIENTED_EDGE('',*,*,#7203,.F.) ;
#7231=ORIENTED_EDGE('',*,*,#2411,.F.) ;
#7232=ORIENTED_EDGE('',*,*,#7223,.T.) ;
#7233=ORIENTED_EDGE('',*,*,#7228,.F.) ;
#7254=ORIENTED_EDGE('',*,*,#7247,.T.) ;
#7255=ORIENTED_EDGE('',*,*,#7223,.F.) ;
#7256=ORIENTED_EDGE('',*,*,#2404,.F.) ;
#7257=ORIENTED_EDGE('',*,*,#6148,.F.) ;
#7258=ORIENTED_EDGE('',*,*,#7252,.T.) ;
#7274=ORIENTED_EDGE('',*,*,#6143,.T.) ;
#7275=ORIENTED_EDGE('',*,*,#6117,.T.) ;
#7276=ORIENTED_EDGE('',*,*,#7267,.T.) ;
#7277=ORIENTED_EDGE('',*,*,#7272,.T.) ;
#7278=ORIENTED_EDGE('',*,*,#7252,.F.) ;
#7299=ORIENTED_EDGE('',*,*,#6112,.F.) ;
#7300=ORIENTED_EDGE('',*,*,#7292,.T.) ;
#7301=ORIENTED_EDGE('',*,*,#7297,.T.) ;
#7302=ORIENTED_EDGE('',*,*,#7267,.F.) ;
#7318=ORIENTED_EDGE('',*,*,#7311,.T.) ;
#7319=ORIENTED_EDGE('',*,*,#7316,.F.) ;
#7320=ORIENTED_EDGE('',*,*,#7292,.F.) ;
#7321=ORIENTED_EDGE('',*,*,#6105,.F.) ;
#7322=ORIENTED_EDGE('',*,*,#6136,.F.) ;
#7338=ORIENTED_EDGE('',*,*,#7331,.T.) ;
#7339=ORIENTED_EDGE('',*,*,#7311,.F.) ;
#7340=ORIENTED_EDGE('',*,*,#6131,.F.) ;
#7341=ORIENTED_EDGE('',*,*,#2376,.F.) ;
#7342=ORIENTED_EDGE('',*,*,#7336,.T.) ;
#7351=ORIENTED_EDGE('',*,*,#7336,.F.) ;
#7352=ORIENTED_EDGE('',*,*,#2369,.F.) ;
#7353=ORIENTED_EDGE('',*,*,#2344,.T.) ;
#7354=ORIENTED_EDGE('',*,*,#7349,.F.) ;
#7368=ORIENTED_EDGE('',*,*,#5266,.T.) ;
#7369=ORIENTED_EDGE('',*,*,#3367,.T.) ;
#7370=ORIENTED_EDGE('',*,*,#7366,.F.) ;
#7379=ORIENTED_EDGE('',*,*,#5230,.T.) ;
#7380=ORIENTED_EDGE('',*,*,#7366,.T.) ;
#7381=ORIENTED_EDGE('',*,*,#3017,.F.) ;
#7382=ORIENTED_EDGE('',*,*,#6169,.F.) ;
#7417=ORIENTED_EDGE('',*,*,#7398,.F.) ;
#7418=ORIENTED_EDGE('',*,*,#7415,.T.) ;
#7446=ORIENTED_EDGE('',*,*,#7432,.T.) ;
#7447=ORIENTED_EDGE('',*,*,#7398,.T.) ;
#7448=ORIENTED_EDGE('',*,*,#7439,.T.) ;
#7449=ORIENTED_EDGE('',*,*,#7444,.F.) ;
#7487=ORIENTED_EDGE('',*,*,#7444,.T.) ;
#7488=ORIENTED_EDGE('',*,*,#7465,.T.) ;
#7489=ORIENTED_EDGE('',*,*,#7478,.F.) ;
#7490=ORIENTED_EDGE('',*,*,#7485,.T.) ;
#7522=ORIENTED_EDGE('',*,*,#7504,.T.) ;
#7523=ORIENTED_EDGE('',*,*,#7515,.T.) ;
#7524=ORIENTED_EDGE('',*,*,#6670,.T.) ;
#7525=ORIENTED_EDGE('',*,*,#6198,.F.) ;
#7526=ORIENTED_EDGE('',*,*,#6220,.F.) ;
#7527=ORIENTED_EDGE('',*,*,#7012,.T.) ;
#7528=ORIENTED_EDGE('',*,*,#7520,.T.) ;
#7529=ORIENTED_EDGE('',*,*,#7478,.T.) ;
#7552=ORIENTED_EDGE('',*,*,#7543,.T.) ;
#7553=ORIENTED_EDGE('',*,*,#6689,.T.) ;
#7554=ORIENTED_EDGE('',*,*,#7515,.F.) ;
#7555=ORIENTED_EDGE('',*,*,#7550,.T.) ;
#7576=ORIENTED_EDGE('',*,*,#7569,.T.) ;
#7577=ORIENTED_EDGE('',*,*,#7574,.F.) ;
#7578=ORIENTED_EDGE('',*,*,#6696,.F.) ;
#7579=ORIENTED_EDGE('',*,*,#7543,.F.) ;
#7614=ORIENTED_EDGE('',*,*,#7595,.F.) ;
#7615=ORIENTED_EDGE('',*,*,#7612,.T.) ;
#7638=ORIENTED_EDGE('',*,*,#7624,.T.) ;
#7639=ORIENTED_EDGE('',*,*,#7631,.F.) ;
#7640=ORIENTED_EDGE('',*,*,#7636,.T.) ;
#7641=ORIENTED_EDGE('',*,*,#7595,.T.) ;
#7650=ORIENTED_EDGE('',*,*,#5197,.T.) ;
#7651=ORIENTED_EDGE('',*,*,#5855,.T.) ;
#7652=ORIENTED_EDGE('',*,*,#6255,.F.) ;
#7675=ORIENTED_EDGE('',*,*,#2241,.F.) ;
#7676=ORIENTED_EDGE('',*,*,#6280,.T.) ;
#7677=ORIENTED_EDGE('',*,*,#6309,.F.) ;
#7678=ORIENTED_EDGE('',*,*,#6328,.F.) ;
#7679=ORIENTED_EDGE('',*,*,#6353,.T.) ;
#7680=ORIENTED_EDGE('',*,*,#6377,.T.) ;
#7681=ORIENTED_EDGE('',*,*,#6396,.T.) ;
#7682=ORIENTED_EDGE('',*,*,#6968,.F.) ;
#7683=ORIENTED_EDGE('',*,*,#7661,.F.) ;
#7684=ORIENTED_EDGE('',*,*,#7668,.F.) ;
#7685=ORIENTED_EDGE('',*,*,#7673,.T.) ;
#7686=ORIENTED_EDGE('',*,*,#2266,.T.) ;
#7707=ORIENTED_EDGE('',*,*,#6980,.F.) ;
#7708=ORIENTED_EDGE('',*,*,#7700,.T.) ;
#7709=ORIENTED_EDGE('',*,*,#7705,.T.) ;
#7710=ORIENTED_EDGE('',*,*,#7661,.T.) ;
#7713=ORIENTED_EDGE('',*,*,#6549,.T.) ;
#7714=ORIENTED_EDGE('',*,*,#6477,.T.) ;
#7715=ORIENTED_EDGE('',*,*,#6429,.F.) ;
#7716=ORIENTED_EDGE('',*,*,#6458,.T.) ;
#7717=ORIENTED_EDGE('',*,*,#6506,.T.) ;
#7718=ORIENTED_EDGE('',*,*,#6530,.T.) ;
#7719=ORIENTED_EDGE('',*,*,#6595,.F.) ;
#7720=ORIENTED_EDGE('',*,*,#6573,.T.) ;
#7729=ORIENTED_EDGE('',*,*,#6755,.F.) ;
#7730=ORIENTED_EDGE('',*,*,#6731,.F.) ;
#7731=ORIENTED_EDGE('',*,*,#6784,.F.) ;
#7732=ORIENTED_EDGE('',*,*,#6897,.T.) ;
#7733=ORIENTED_EDGE('',*,*,#6858,.F.) ;
#7734=ORIENTED_EDGE('',*,*,#6810,.T.) ;
#7735=ORIENTED_EDGE('',*,*,#6839,.F.) ;
#7736=ORIENTED_EDGE('',*,*,#6880,.F.) ;
#7756=ORIENTED_EDGE('',*,*,#6975,.F.) ;
#7757=ORIENTED_EDGE('',*,*,#1627,.F.) ;
#7758=ORIENTED_EDGE('',*,*,#6934,.F.) ;
#7759=ORIENTED_EDGE('',*,*,#6626,.T.) ;
#7760=ORIENTED_EDGE('',*,*,#6645,.F.) ;
#7761=ORIENTED_EDGE('',*,*,#6701,.T.) ;
#7762=ORIENTED_EDGE('',*,*,#7574,.T.) ;
#7763=ORIENTED_EDGE('',*,*,#7742,.T.) ;
#7764=ORIENTED_EDGE('',*,*,#7631,.T.) ;
#7765=ORIENTED_EDGE('',*,*,#7749,.T.) ;
#7766=ORIENTED_EDGE('',*,*,#7754,.F.) ;
#7767=ORIENTED_EDGE('',*,*,#7700,.F.) ;
#7783=ORIENTED_EDGE('',*,*,#7776,.F.) ;
#7784=ORIENTED_EDGE('',*,*,#7781,.T.) ;
#7785=ORIENTED_EDGE('',*,*,#7749,.F.) ;
#7786=ORIENTED_EDGE('',*,*,#7624,.F.) ;
#7787=ORIENTED_EDGE('',*,*,#7612,.F.) ;
#7788=ORIENTED_EDGE('',*,*,#7636,.F.) ;
#7789=ORIENTED_EDGE('',*,*,#7742,.F.) ;
#7790=ORIENTED_EDGE('',*,*,#7569,.F.) ;
#7791=ORIENTED_EDGE('',*,*,#7550,.F.) ;
#7792=ORIENTED_EDGE('',*,*,#7504,.F.) ;
#7793=ORIENTED_EDGE('',*,*,#7465,.F.) ;
#7794=ORIENTED_EDGE('',*,*,#7439,.F.) ;
#7795=ORIENTED_EDGE('',*,*,#7415,.F.) ;
#7796=ORIENTED_EDGE('',*,*,#7432,.F.) ;
#7797=ORIENTED_EDGE('',*,*,#7485,.F.) ;
#7798=ORIENTED_EDGE('',*,*,#7520,.F.) ;
#7799=ORIENTED_EDGE('',*,*,#7007,.F.) ;
#7800=ORIENTED_EDGE('',*,*,#7031,.F.) ;
#7801=ORIENTED_EDGE('',*,*,#7060,.F.) ;
#7802=ORIENTED_EDGE('',*,*,#7085,.T.) ;
#7803=ORIENTED_EDGE('',*,*,#7104,.F.) ;
#7804=ORIENTED_EDGE('',*,*,#7134,.T.) ;
#7805=ORIENTED_EDGE('',*,*,#7154,.T.) ;
#7806=ORIENTED_EDGE('',*,*,#7178,.F.) ;
#7807=ORIENTED_EDGE('',*,*,#7198,.F.) ;
#7808=ORIENTED_EDGE('',*,*,#7228,.T.) ;
#7809=ORIENTED_EDGE('',*,*,#7247,.F.) ;
#7810=ORIENTED_EDGE('',*,*,#7272,.F.) ;
#7811=ORIENTED_EDGE('',*,*,#7297,.F.) ;
#7812=ORIENTED_EDGE('',*,*,#7316,.T.) ;
#7813=ORIENTED_EDGE('',*,*,#7331,.F.) ;
#7814=ORIENTED_EDGE('',*,*,#7349,.T.) ;
#7815=ORIENTED_EDGE('',*,*,#2337,.T.) ;
#7816=ORIENTED_EDGE('',*,*,#2313,.F.) ;
#7832=ORIENTED_EDGE('',*,*,#7776,.T.) ;
#7833=ORIENTED_EDGE('',*,*,#2290,.F.) ;
#7834=ORIENTED_EDGE('',*,*,#7673,.F.) ;
#7835=ORIENTED_EDGE('',*,*,#7830,.T.) ;
#7844=ORIENTED_EDGE('',*,*,#7668,.T.) ;
#7845=ORIENTED_EDGE('',*,*,#7705,.F.) ;
#7846=ORIENTED_EDGE('',*,*,#7754,.T.) ;
#7847=ORIENTED_EDGE('',*,*,#7781,.F.) ;
#7848=ORIENTED_EDGE('',*,*,#7830,.F.) ;
#490=EDGE_LOOP('',(#491,#492,#493,#494,#495,#496,#497,#498,#499,#500,#501,#502,#503,#504,#505,#506,#507,#508,#509,#510,#511,#512,#513,#514,#515,#516,#517,#518,#519,#520,#521,#522,#523,#524,#525,#526,#527,#528,#529,#530,#531,#532,#533,#534,#535,#536,#537,#538,#539,#540,#541,#542,#543,#544,#545,#546,#547,#548,#549,#550,#551,#552,#553,#554)) ;
#927=EDGE_LOOP('',(#928,#929,#930,#931,#932,#933,#934,#935,#936,#937,#938,#939,#940,#941,#942,#943,#944,#945,#946,#947,#948,#949,#950,#951,#952,#953,#954,#955,#956,#957,#958,#959,#960,#961,#962,#963,#964,#965,#966,#967,#968,#969,#970,#971,#972,#973,#974,#975,#976,#977,#978,#979,#980)) ;
#1028=EDGE_LOOP('',(#1029,#1030,#1031,#1032)) ;
#1059=EDGE_LOOP('',(#1060,#1061,#1062,#1063)) ;
#1083=EDGE_LOOP('',(#1084,#1085,#1086)) ;
#1106=EDGE_LOOP('',(#1107,#1108,#1109,#1110)) ;
#1130=EDGE_LOOP('',(#1131,#1132,#1133)) ;
#1153=EDGE_LOOP('',(#1154,#1155,#1156,#1157)) ;
#1177=EDGE_LOOP('',(#1178,#1179,#1180)) ;
#1200=EDGE_LOOP('',(#1201,#1202,#1203,#1204)) ;
#1217=EDGE_LOOP('',(#1218,#1219,#1220)) ;
#1247=EDGE_LOOP('',(#1248,#1249,#1250,#1251)) ;
#1271=EDGE_LOOP('',(#1272,#1273,#1274,#1275)) ;
#1295=EDGE_LOOP('',(#1296,#1297,#1298,#1299)) ;
#1319=EDGE_LOOP('',(#1320,#1321,#1322,#1323)) ;
#1343=EDGE_LOOP('',(#1344,#1345,#1346,#1347)) ;
#1367=EDGE_LOOP('',(#1368,#1369,#1370,#1371)) ;
#1391=EDGE_LOOP('',(#1392,#1393,#1394,#1395)) ;
#1408=EDGE_LOOP('',(#1409,#1410,#1411,#1412)) ;
#1439=EDGE_LOOP('',(#1440,#1441,#1442,#1443)) ;
#1463=EDGE_LOOP('',(#1464,#1465,#1466,#1467)) ;
#1487=EDGE_LOOP('',(#1488,#1489,#1490,#1491)) ;
#1511=EDGE_LOOP('',(#1512,#1513,#1514,#1515)) ;
#1535=EDGE_LOOP('',(#1536,#1537,#1538,#1539)) ;
#1559=EDGE_LOOP('',(#1560,#1561,#1562,#1563)) ;
#1583=EDGE_LOOP('',(#1584,#1585,#1586,#1587)) ;
#1600=EDGE_LOOP('',(#1601,#1602,#1603,#1604)) ;
#1668=EDGE_LOOP('',(#1669,#1670,#1671,#1672,#1673,#1674,#1675,#1676)) ;
#1678=EDGE_LOOP('',(#1679,#1680,#1681,#1682,#1683,#1684,#1685,#1686)) ;
#1744=EDGE_LOOP('',(#1745,#1746,#1747,#1748,#1749,#1750,#1751,#1752)) ;
#1782=EDGE_LOOP('',(#1783,#1784,#1785,#1786)) ;
#1816=EDGE_LOOP('',(#1817,#1818,#1819,#1820)) ;
#1847=EDGE_LOOP('',(#1848,#1849,#1850,#1851)) ;
#1871=EDGE_LOOP('',(#1872,#1873,#1874)) ;
#1901=EDGE_LOOP('',(#1902,#1903,#1904,#1905)) ;
#1939=EDGE_LOOP('',(#1940,#1941,#1942,#1943,#1944)) ;
#1978=EDGE_LOOP('',(#1979,#1980,#1981,#1982,#1983)) ;
#2003=EDGE_LOOP('',(#2004,#2005,#2006,#2007)) ;
#2027=EDGE_LOOP('',(#2028,#2029,#2030,#2031)) ;
#2058=EDGE_LOOP('',(#2059,#2060,#2061,#2062,#2063)) ;
#2090=EDGE_LOOP('',(#2091,#2092,#2093,#2094)) ;
#2170=EDGE_LOOP('',(#2171,#2172,#2173,#2174,#2175,#2176,#2177,#2178,#2179,#2180,#2181,#2182,#2183,#2184,#2185,#2186)) ;
#2220=EDGE_LOOP('',(#2221,#2222,#2223,#2224,#2225)) ;
#2247=EDGE_LOOP('',(#2248,#2249,#2250,#2251,#2252)) ;
#2272=EDGE_LOOP('',(#2273,#2274,#2275,#2276)) ;
#2296=EDGE_LOOP('',(#2297,#2298,#2299)) ;
#2319=EDGE_LOOP('',(#2320,#2321,#2322,#2323)) ;
#2350=EDGE_LOOP('',(#2351,#2352,#2353,#2354,#2355)) ;
#2459=EDGE_LOOP('',(#2460,#2461,#2462,#2463,#2464,#2465,#2466,#2467,#2468,#2469,#2470,#2471,#2472,#2473,#2474,#2475)) ;
#2491=EDGE_LOOP('',(#2492,#2493)) ;
#2520=EDGE_LOOP('',(#2521,#2522,#2523,#2524)) ;
#2532=EDGE_LOOP('',(#2533,#2534,#2535,#2536)) ;
#2544=EDGE_LOOP('',(#2545,#2546)) ;
#2582=EDGE_LOOP('',(#2583,#2584,#2585,#2586)) ;
#2615=EDGE_LOOP('',(#2616,#2617,#2618,#2619,#2620)) ;
#2647=EDGE_LOOP('',(#2648,#2649,#2650,#2651)) ;
#2678=EDGE_LOOP('',(#2679,#2680,#2681,#2682)) ;
#2711=EDGE_LOOP('',(#2712,#2713,#2714,#2715,#2716)) ;
#2743=EDGE_LOOP('',(#2744,#2745,#2746,#2747)) ;
#2785=EDGE_LOOP('',(#2786,#2787,#2788,#2789,#2790)) ;
#2817=EDGE_LOOP('',(#2818,#2819,#2820)) ;
#2869=EDGE_LOOP('',(#2870,#2871,#2872,#2873,#2874,#2875,#2876,#2877,#2878,#2879,#2880,#2881)) ;
#2906=EDGE_LOOP('',(#2907,#2908,#2909,#2910)) ;
#2939=EDGE_LOOP('',(#2940,#2941,#2942)) ;
#2971=EDGE_LOOP('',(#2972,#2973,#2974)) ;
#2977=EDGE_LOOP('',(#2978,#2979,#2980,#2981,#2982)) ;
#3018=EDGE_LOOP('',(#3019,#3020,#3021,#3022)) ;
#3049=EDGE_LOOP('',(#3050,#3051,#3052,#3053)) ;
#3066=EDGE_LOOP('',(#3067,#3068,#3069,#3070)) ;
#3097=EDGE_LOOP('',(#3098,#3099,#3100)) ;
#3131=EDGE_LOOP('',(#3132,#3133,#3134,#3135)) ;
#3162=EDGE_LOOP('',(#3163,#3164,#3165,#3166)) ;
#3193=EDGE_LOOP('',(#3194,#3195,#3196,#3197)) ;
#3224=EDGE_LOOP('',(#3225,#3226,#3227,#3228)) ;
#3241=EDGE_LOOP('',(#3242,#3243,#3244,#3245)) ;
#3267=EDGE_LOOP('',(#3268,#3269,#3270,#3271)) ;
#3298=EDGE_LOOP('',(#3299,#3300,#3301,#3302)) ;
#3320=EDGE_LOOP('',(#3321,#3322,#3323,#3324)) ;
#3337=EDGE_LOOP('',(#3338,#3339,#3340,#3341)) ;
#3368=EDGE_LOOP('',(#3369,#3370,#3371,#3372)) ;
#3399=EDGE_LOOP('',(#3400,#3401,#3402,#3403)) ;
#3430=EDGE_LOOP('',(#3431,#3432,#3433,#3434)) ;
#3470=EDGE_LOOP('',(#3471,#3472,#3473,#3474)) ;
#3494=EDGE_LOOP('',(#3495,#3496,#3497)) ;
#3517=EDGE_LOOP('',(#3518,#3519,#3520)) ;
#3547=EDGE_LOOP('',(#3548,#3549,#3550,#3551)) ;
#3578=EDGE_LOOP('',(#3579,#3580,#3581,#3582)) ;
#3659=EDGE_LOOP('',(#3660,#3661,#3662,#3663,#3664,#3665)) ;
#3692=EDGE_LOOP('',(#3693,#3694,#3695,#3696)) ;
#3723=EDGE_LOOP('',(#3724,#3725,#3726,#3727)) ;
#3754=EDGE_LOOP('',(#3755,#3756,#3757,#3758)) ;
#3832=EDGE_LOOP('',(#3833,#3834,#3835,#3836,#3837,#3838)) ;
#3930=EDGE_LOOP('',(#3931,#3932,#3933,#3934)) ;
#3954=EDGE_LOOP('',(#3955,#3956,#3957)) ;
#3977=EDGE_LOOP('',(#3978,#3979,#3980,#3981)) ;
#3989=EDGE_LOOP('',(#3990,#3991,#3992,#3993,#3994)) ;
#4016=EDGE_LOOP('',(#4017,#4018,#4019,#4020,#4021)) ;
#4041=EDGE_LOOP('',(#4042,#4043,#4044,#4045)) ;
#4053=EDGE_LOOP('',(#4054,#4055,#4056,#4057)) ;
#4077=EDGE_LOOP('',(#4078,#4079,#4080,#4081)) ;
#4117=EDGE_LOOP('',(#4118,#4119,#4120,#4121)) ;
#4148=EDGE_LOOP('',(#4149,#4150,#4151,#4152)) ;
#4172=EDGE_LOOP('',(#4173,#4174,#4175)) ;
#4195=EDGE_LOOP('',(#4196,#4197,#4198)) ;
#4218=EDGE_LOOP('',(#4219,#4220,#4221,#4222)) ;
#4242=EDGE_LOOP('',(#4243,#4244,#4245)) ;
#4265=EDGE_LOOP('',(#4266,#4267,#4268,#4269)) ;
#4289=EDGE_LOOP('',(#4290,#4291,#4292)) ;
#4305=EDGE_LOOP('',(#4306,#4307,#4308,#4309)) ;
#4329=EDGE_LOOP('',(#4330,#4331,#4332,#4333)) ;
#4362=EDGE_LOOP('',(#4363,#4364,#4365,#4366)) ;
#4399=EDGE_LOOP('',(#4400,#4401,#4402,#4403)) ;
#4515=EDGE_LOOP('',(#4516,#4517,#4518)) ;
#4630=EDGE_LOOP('',(#4631,#4632,#4633)) ;
#4666=EDGE_LOOP('',(#4667,#4668,#4669,#4670)) ;
#4782=EDGE_LOOP('',(#4783,#4784,#4785)) ;
#4897=EDGE_LOOP('',(#4898,#4899,#4900)) ;
#4913=EDGE_LOOP('',(#4914,#4915,#4916,#4917)) ;
#4930=EDGE_LOOP('',(#4931,#4932,#4933,#4934)) ;
#4961=EDGE_LOOP('',(#4962,#4963,#4964,#4965)) ;
#4985=EDGE_LOOP('',(#4986,#4987,#4988,#4989)) ;
#5009=EDGE_LOOP('',(#5010,#5011,#5012,#5013)) ;
#5035=EDGE_LOOP('',(#5036,#5037,#5038,#5039)) ;
#5064=EDGE_LOOP('',(#5065,#5066,#5067,#5068)) ;
#5093=EDGE_LOOP('',(#5094,#5095,#5096,#5097)) ;
#5117=EDGE_LOOP('',(#5118,#5119,#5120,#5121)) ;
#5148=EDGE_LOOP('',(#5149,#5150,#5151,#5152)) ;
#5179=EDGE_LOOP('',(#5180,#5181,#5182,#5183)) ;
#5210=EDGE_LOOP('',(#5211,#5212,#5213,#5214)) ;
#5250=EDGE_LOOP('',(#5251,#5252,#5253,#5254)) ;
#5279=EDGE_LOOP('',(#5280,#5281,#5282,#5283)) ;
#5308=EDGE_LOOP('',(#5309,#5310,#5311,#5312)) ;
#5325=EDGE_LOOP('',(#5326,#5327,#5328,#5329)) ;
#5342=EDGE_LOOP('',(#5343,#5344,#5345,#5346)) ;
#5359=EDGE_LOOP('',(#5360,#5361,#5362,#5363)) ;
#5397=EDGE_LOOP('',(#5398,#5399,#5400,#5401,#5402,#5403,#5404,#5405,#5406,#5407,#5408,#5409)) ;
#5496=EDGE_LOOP('',(#5497,#5498,#5499,#5500)) ;
#5513=EDGE_LOOP('',(#5514,#5515,#5516,#5517)) ;
#5525=EDGE_LOOP('',(#5526,#5527,#5528,#5529)) ;
#5544=EDGE_LOOP('',(#5545,#5546,#5547,#5548)) ;
#5573=EDGE_LOOP('',(#5574,#5575,#5576,#5577,#5578)) ;
#5598=EDGE_LOOP('',(#5599,#5600,#5601,#5602)) ;
#5620=EDGE_LOOP('',(#5621,#5622,#5623,#5624,#5625)) ;
#5633=EDGE_LOOP('',(#5634,#5635,#5636,#5637)) ;
#5657=EDGE_LOOP('',(#5658,#5659,#5660,#5661,#5662)) ;
#5675=EDGE_LOOP('',(#5676,#5677,#5678,#5679)) ;
#5694=EDGE_LOOP('',(#5695,#5696,#5697,#5698,#5699)) ;
#5712=EDGE_LOOP('',(#5713,#5714,#5715,#5716)) ;
#5724=EDGE_LOOP('',(#5725,#5726,#5727,#5728)) ;
#5746=EDGE_LOOP('',(#5747,#5748,#5749)) ;
#5769=EDGE_LOOP('',(#5770,#5771,#5772,#5773)) ;
#5793=EDGE_LOOP('',(#5794,#5795,#5796,#5797)) ;
#5810=EDGE_LOOP('',(#5811,#5812,#5813,#5814)) ;
#5822=EDGE_LOOP('',(#5823,#5824,#5825,#5826)) ;
#5834=EDGE_LOOP('',(#5835,#5836,#5837,#5838)) ;
#5856=EDGE_LOOP('',(#5857,#5858,#5859,#5860)) ;
#5878=EDGE_LOOP('',(#5879,#5880,#5881,#5882)) ;
#5900=EDGE_LOOP('',(#5901,#5902,#5903,#5904)) ;
#5922=EDGE_LOOP('',(#5923,#5924,#5925,#5926)) ;
#5934=EDGE_LOOP('',(#5935,#5936,#5937,#5938)) ;
#5951=EDGE_LOOP('',(#5952,#5953,#5954,#5955)) ;
#5968=EDGE_LOOP('',(#5969,#5970,#5971,#5972)) ;
#5980=EDGE_LOOP('',(#5981,#5982,#5983,#5984)) ;
#5992=EDGE_LOOP('',(#5993,#5994,#5995,#5996)) ;
#6004=EDGE_LOOP('',(#6005,#6006,#6007)) ;
#6043=EDGE_LOOP('',(#6044,#6045,#6046,#6047)) ;
#6074=EDGE_LOOP('',(#6075,#6076,#6077,#6078,#6079,#6080,#6081,#6082)) ;
#6118=EDGE_LOOP('',(#6119,#6120,#6121,#6122)) ;
#6149=EDGE_LOOP('',(#6150,#6151,#6152,#6153,#6154,#6155,#6156,#6157)) ;
#6170=EDGE_LOOP('',(#6171,#6172,#6173)) ;
#6181=EDGE_LOOP('',(#6182,#6183,#6184)) ;
#6204=EDGE_LOOP('',(#6205,#6206,#6207,#6208)) ;
#6221=EDGE_LOOP('',(#6222,#6223,#6224,#6225,#6226,#6227,#6228,#6229,#6230,#6231,#6232,#6233,#6234,#6235)) ;
#6237=EDGE_LOOP('',(#6238,#6239,#6240,#6241,#6242,#6243)) ;
#6256=EDGE_LOOP('',(#6257,#6258,#6259,#6260)) ;
#6268=EDGE_LOOP('',(#6269,#6270,#6271)) ;
#6286=EDGE_LOOP('',(#6287,#6288,#6289,#6290)) ;
#6310=EDGE_LOOP('',(#6311,#6312,#6313,#6314)) ;
#6329=EDGE_LOOP('',(#6330,#6331,#6332,#6333,#6334)) ;
#6354=EDGE_LOOP('',(#6355,#6356,#6357,#6358)) ;
#6378=EDGE_LOOP('',(#6379,#6380,#6381,#6382)) ;
#6404=EDGE_LOOP('',(#6405,#6406,#6407,#6408)) ;
#6435=EDGE_LOOP('',(#6436,#6437,#6438,#6439)) ;
#6459=EDGE_LOOP('',(#6460,#6461,#6462,#6463)) ;
#6483=EDGE_LOOP('',(#6484,#6485,#6486,#6487)) ;
#6507=EDGE_LOOP('',(#6508,#6509,#6510,#6511)) ;
#6531=EDGE_LOOP('',(#6532,#6533,#6534,#6535)) ;
#6555=EDGE_LOOP('',(#6556,#6557,#6558,#6559)) ;
#6579=EDGE_LOOP('',(#6580,#6581,#6582,#6583)) ;
#6596=EDGE_LOOP('',(#6597,#6598,#6599,#6600)) ;
#6627=EDGE_LOOP('',(#6628,#6629,#6630,#6631)) ;
#6651=EDGE_LOOP('',(#6652,#6653,#6654,#6655,#6656)) ;
#6702=EDGE_LOOP('',(#6703,#6704,#6705,#6706,#6707,#6708,#6709,#6710)) ;
#6737=EDGE_LOOP('',(#6738,#6739,#6740,#6741)) ;
#6761=EDGE_LOOP('',(#6762,#6763,#6764,#6765)) ;
#6785=EDGE_LOOP('',(#6786,#6787,#6788,#6789)) ;
#6816=EDGE_LOOP('',(#6817,#6818,#6819,#6820)) ;
#6840=EDGE_LOOP('',(#6841,#6842,#6843,#6844)) ;
#6864=EDGE_LOOP('',(#6865,#6866,#6867,#6868)) ;
#6881=EDGE_LOOP('',(#6882,#6883,#6884,#6885)) ;
#6898=EDGE_LOOP('',(#6899,#6900,#6901,#6902)) ;
#6904=EDGE_LOOP('',(#6905,#6906,#6907,#6908,#6909,#6910,#6911,#6912)) ;
#6914=EDGE_LOOP('',(#6915,#6916,#6917,#6918,#6919,#6920,#6921,#6922)) ;
#6935=EDGE_LOOP('',(#6936,#6937,#6938,#6939,#6940)) ;
#6948=EDGE_LOOP('',(#6949,#6950,#6951,#6952,#6953,#6954)) ;
#6981=EDGE_LOOP('',(#6982,#6983,#6984,#6985,#6986)) ;
#7013=EDGE_LOOP('',(#7014,#7015,#7016,#7017)) ;
#7037=EDGE_LOOP('',(#7038,#7039,#7040,#7041)) ;
#7061=EDGE_LOOP('',(#7062,#7063,#7064,#7065,#7066)) ;
#7086=EDGE_LOOP('',(#7087,#7088,#7089,#7090)) ;
#7110=EDGE_LOOP('',(#7111,#7112,#7113,#7114,#7115)) ;
#7135=EDGE_LOOP('',(#7136,#7137,#7138,#7139,#7140)) ;
#7160=EDGE_LOOP('',(#7161,#7162,#7163,#7164)) ;
#7184=EDGE_LOOP('',(#7185,#7186,#7187,#7188,#7189)) ;
#7204=EDGE_LOOP('',(#7205,#7206,#7207,#7208,#7209)) ;
#7229=EDGE_LOOP('',(#7230,#7231,#7232,#7233)) ;
#7253=EDGE_LOOP('',(#7254,#7255,#7256,#7257,#7258)) ;
#7273=EDGE_LOOP('',(#7274,#7275,#7276,#7277,#7278)) ;
#7298=EDGE_LOOP('',(#7299,#7300,#7301,#7302)) ;
#7317=EDGE_LOOP('',(#7318,#7319,#7320,#7321,#7322)) ;
#7337=EDGE_LOOP('',(#7338,#7339,#7340,#7341,#7342)) ;
#7350=EDGE_LOOP('',(#7351,#7352,#7353,#7354)) ;
#7367=EDGE_LOOP('',(#7368,#7369,#7370)) ;
#7378=EDGE_LOOP('',(#7379,#7380,#7381,#7382)) ;
#7416=EDGE_LOOP('',(#7417,#7418)) ;
#7445=EDGE_LOOP('',(#7446,#7447,#7448,#7449)) ;
#7486=EDGE_LOOP('',(#7487,#7488,#7489,#7490)) ;
#7521=EDGE_LOOP('',(#7522,#7523,#7524,#7525,#7526,#7527,#7528,#7529)) ;
#7551=EDGE_LOOP('',(#7552,#7553,#7554,#7555)) ;
#7575=EDGE_LOOP('',(#7576,#7577,#7578,#7579)) ;
#7613=EDGE_LOOP('',(#7614,#7615)) ;
#7637=EDGE_LOOP('',(#7638,#7639,#7640,#7641)) ;
#7649=EDGE_LOOP('',(#7650,#7651,#7652)) ;
#7674=EDGE_LOOP('',(#7675,#7676,#7677,#7678,#7679,#7680,#7681,#7682,#7683,#7684,#7685,#7686)) ;
#7706=EDGE_LOOP('',(#7707,#7708,#7709,#7710)) ;
#7712=EDGE_LOOP('',(#7713,#7714,#7715,#7716,#7717,#7718,#7719,#7720)) ;
#7728=EDGE_LOOP('',(#7729,#7730,#7731,#7732,#7733,#7734,#7735,#7736)) ;
#7755=EDGE_LOOP('',(#7756,#7757,#7758,#7759,#7760,#7761,#7762,#7763,#7764,#7765,#7766,#7767)) ;
#7782=EDGE_LOOP('',(#7783,#7784,#7785,#7786,#7787,#7788,#7789,#7790,#7791,#7792,#7793,#7794,#7795,#7796,#7797,#7798,#7799,#7800,#7801,#7802,#7803,#7804,#7805,#7806,#7807,#7808,#7809,#7810,#7811,#7812,#7813,#7814,#7815,#7816)) ;
#7831=EDGE_LOOP('',(#7832,#7833,#7834,#7835)) ;
#7843=EDGE_LOOP('',(#7844,#7845,#7846,#7847,#7848)) ;
#985=MANIFOLD_SOLID_BREP('03264G-206_M000',#994) ;
#41=VERTEX_POINT('',#40) ;
#43=VERTEX_POINT('',#42) ;
#50=VERTEX_POINT('',#49) ;
#57=VERTEX_POINT('',#56) ;
#64=VERTEX_POINT('',#63) ;
#71=VERTEX_POINT('',#70) ;
#78=VERTEX_POINT('',#77) ;
#85=VERTEX_POINT('',#84) ;
#92=VERTEX_POINT('',#91) ;
#99=VERTEX_POINT('',#98) ;
#106=VERTEX_POINT('',#105) ;
#113=VERTEX_POINT('',#112) ;
#120=VERTEX_POINT('',#119) ;
#127=VERTEX_POINT('',#126) ;
#134=VERTEX_POINT('',#133) ;
#141=VERTEX_POINT('',#140) ;
#148=VERTEX_POINT('',#147) ;
#155=VERTEX_POINT('',#154) ;
#162=VERTEX_POINT('',#161) ;
#169=VERTEX_POINT('',#168) ;
#176=VERTEX_POINT('',#175) ;
#183=VERTEX_POINT('',#182) ;
#190=VERTEX_POINT('',#189) ;
#197=VERTEX_POINT('',#196) ;
#204=VERTEX_POINT('',#203) ;
#211=VERTEX_POINT('',#210) ;
#218=VERTEX_POINT('',#217) ;
#225=VERTEX_POINT('',#224) ;
#232=VERTEX_POINT('',#231) ;
#239=VERTEX_POINT('',#238) ;
#246=VERTEX_POINT('',#245) ;
#253=VERTEX_POINT('',#252) ;
#260=VERTEX_POINT('',#259) ;
#267=VERTEX_POINT('',#266) ;
#274=VERTEX_POINT('',#273) ;
#281=VERTEX_POINT('',#280) ;
#288=VERTEX_POINT('',#287) ;
#295=VERTEX_POINT('',#294) ;
#302=VERTEX_POINT('',#301) ;
#309=VERTEX_POINT('',#308) ;
#316=VERTEX_POINT('',#315) ;
#323=VERTEX_POINT('',#322) ;
#330=VERTEX_POINT('',#329) ;
#337=VERTEX_POINT('',#336) ;
#344=VERTEX_POINT('',#343) ;
#351=VERTEX_POINT('',#350) ;
#358=VERTEX_POINT('',#357) ;
#365=VERTEX_POINT('',#364) ;
#372=VERTEX_POINT('',#371) ;
#379=VERTEX_POINT('',#378) ;
#386=VERTEX_POINT('',#385) ;
#393=VERTEX_POINT('',#392) ;
#400=VERTEX_POINT('',#399) ;
#407=VERTEX_POINT('',#406) ;
#414=VERTEX_POINT('',#413) ;
#421=VERTEX_POINT('',#420) ;
#428=VERTEX_POINT('',#427) ;
#435=VERTEX_POINT('',#434) ;
#442=VERTEX_POINT('',#441) ;
#449=VERTEX_POINT('',#448) ;
#456=VERTEX_POINT('',#455) ;
#463=VERTEX_POINT('',#462) ;
#470=VERTEX_POINT('',#469) ;
#483=VERTEX_POINT('',#482) ;
#561=VERTEX_POINT('',#560) ;
#563=VERTEX_POINT('',#562) ;
#570=VERTEX_POINT('',#569) ;
#577=VERTEX_POINT('',#576) ;
#584=VERTEX_POINT('',#583) ;
#591=VERTEX_POINT('',#590) ;
#598=VERTEX_POINT('',#597) ;
#605=VERTEX_POINT('',#604) ;
#612=VERTEX_POINT('',#611) ;
#619=VERTEX_POINT('',#618) ;
#626=VERTEX_POINT('',#625) ;
#633=VERTEX_POINT('',#632) ;
#640=VERTEX_POINT('',#639) ;
#647=VERTEX_POINT('',#646) ;
#654=VERTEX_POINT('',#653) ;
#661=VERTEX_POINT('',#660) ;
#668=VERTEX_POINT('',#667) ;
#675=VERTEX_POINT('',#674) ;
#682=VERTEX_POINT('',#681) ;
#689=VERTEX_POINT('',#688) ;
#696=VERTEX_POINT('',#695) ;
#703=VERTEX_POINT('',#702) ;
#710=VERTEX_POINT('',#709) ;
#717=VERTEX_POINT('',#716) ;
#724=VERTEX_POINT('',#723) ;
#731=VERTEX_POINT('',#730) ;
#738=VERTEX_POINT('',#737) ;
#745=VERTEX_POINT('',#744) ;
#752=VERTEX_POINT('',#751) ;
#759=VERTEX_POINT('',#758) ;
#766=VERTEX_POINT('',#765) ;
#773=VERTEX_POINT('',#772) ;
#780=VERTEX_POINT('',#779) ;
#787=VERTEX_POINT('',#786) ;
#794=VERTEX_POINT('',#793) ;
#801=VERTEX_POINT('',#800) ;
#808=VERTEX_POINT('',#807) ;
#815=VERTEX_POINT('',#814) ;
#822=VERTEX_POINT('',#821) ;
#829=VERTEX_POINT('',#828) ;
#836=VERTEX_POINT('',#835) ;
#843=VERTEX_POINT('',#842) ;
#850=VERTEX_POINT('',#849) ;
#857=VERTEX_POINT('',#856) ;
#864=VERTEX_POINT('',#863) ;
#871=VERTEX_POINT('',#870) ;
#878=VERTEX_POINT('',#877) ;
#885=VERTEX_POINT('',#884) ;
#892=VERTEX_POINT('',#891) ;
#899=VERTEX_POINT('',#898) ;
#906=VERTEX_POINT('',#905) ;
#913=VERTEX_POINT('',#912) ;
#920=VERTEX_POINT('',#919) ;
#1005=VERTEX_POINT('',#1004) ;
#1007=VERTEX_POINT('',#1006) ;
#1014=VERTEX_POINT('',#1013) ;
#1021=VERTEX_POINT('',#1020) ;
#1045=VERTEX_POINT('',#1044) ;
#1052=VERTEX_POINT('',#1051) ;
#1076=VERTEX_POINT('',#1075) ;
#1099=VERTEX_POINT('',#1098) ;
#1123=VERTEX_POINT('',#1122) ;
#1146=VERTEX_POINT('',#1145) ;
#1170=VERTEX_POINT('',#1169) ;
#1193=VERTEX_POINT('',#1192) ;
#1233=VERTEX_POINT('',#1232) ;
#1235=VERTEX_POINT('',#1234) ;
#1264=VERTEX_POINT('',#1263) ;
#1288=VERTEX_POINT('',#1287) ;
#1312=VERTEX_POINT('',#1311) ;
#1336=VERTEX_POINT('',#1335) ;
#1360=VERTEX_POINT('',#1359) ;
#1384=VERTEX_POINT('',#1383) ;
#1425=VERTEX_POINT('',#1424) ;
#1432=VERTEX_POINT('',#1431) ;
#1456=VERTEX_POINT('',#1455) ;
#1480=VERTEX_POINT('',#1479) ;
#1504=VERTEX_POINT('',#1503) ;
#1528=VERTEX_POINT('',#1527) ;
#1552=VERTEX_POINT('',#1551) ;
#1576=VERTEX_POINT('',#1575) ;
#1617=VERTEX_POINT('',#1616) ;
#1619=VERTEX_POINT('',#1618) ;
#1626=VERTEX_POINT('',#1625) ;
#1633=VERTEX_POINT('',#1632) ;
#1640=VERTEX_POINT('',#1639) ;
#1647=VERTEX_POINT('',#1646) ;
#1654=VERTEX_POINT('',#1653) ;
#1661=VERTEX_POINT('',#1660) ;
#1693=VERTEX_POINT('',#1692) ;
#1695=VERTEX_POINT('',#1694) ;
#1702=VERTEX_POINT('',#1701) ;
#1709=VERTEX_POINT('',#1708) ;
#1716=VERTEX_POINT('',#1715) ;
#1723=VERTEX_POINT('',#1722) ;
#1730=VERTEX_POINT('',#1729) ;
#1737=VERTEX_POINT('',#1736) ;
#1759=VERTEX_POINT('',#1758) ;
#1761=VERTEX_POINT('',#1760) ;
#1768=VERTEX_POINT('',#1767) ;
#1775=VERTEX_POINT('',#1774) ;
#1793=VERTEX_POINT('',#1792) ;
#1795=VERTEX_POINT('',#1794) ;
#1802=VERTEX_POINT('',#1801) ;
#1809=VERTEX_POINT('',#1808) ;
#1833=VERTEX_POINT('',#1832) ;
#1835=VERTEX_POINT('',#1834) ;
#1864=VERTEX_POINT('',#1863) ;
#1887=VERTEX_POINT('',#1886) ;
#1894=VERTEX_POINT('',#1893) ;
#1918=VERTEX_POINT('',#1917) ;
#1925=VERTEX_POINT('',#1924) ;
#1932=VERTEX_POINT('',#1931) ;
#1957=VERTEX_POINT('',#1956) ;
#1964=VERTEX_POINT('',#1963) ;
#1971=VERTEX_POINT('',#1970) ;
#1996=VERTEX_POINT('',#1995) ;
#2020=VERTEX_POINT('',#2019) ;
#2044=VERTEX_POINT('',#2043) ;
#2051=VERTEX_POINT('',#2050) ;
#2076=VERTEX_POINT('',#2075) ;
#2083=VERTEX_POINT('',#2082) ;
#2107=VERTEX_POINT('',#2106) ;
#2109=VERTEX_POINT('',#2108) ;
#2116=VERTEX_POINT('',#2115) ;
#2123=VERTEX_POINT('',#2122) ;
#2130=VERTEX_POINT('',#2129) ;
#2137=VERTEX_POINT('',#2136) ;
#2149=VERTEX_POINT('',#2148) ;
#2156=VERTEX_POINT('',#2155) ;
#2163=VERTEX_POINT('',#2162) ;
#2199=VERTEX_POINT('',#2198) ;
#2201=VERTEX_POINT('',#2200) ;
#2208=VERTEX_POINT('',#2207) ;
#2233=VERTEX_POINT('',#2232) ;
#2240=VERTEX_POINT('',#2239) ;
#2265=VERTEX_POINT('',#2264) ;
#2289=VERTEX_POINT('',#2288) ;
#2312=VERTEX_POINT('',#2311) ;
#2336=VERTEX_POINT('',#2335) ;
#2343=VERTEX_POINT('',#2342) ;
#2368=VERTEX_POINT('',#2367) ;
#2375=VERTEX_POINT('',#2374) ;
#2382=VERTEX_POINT('',#2381) ;
#2389=VERTEX_POINT('',#2388) ;
#2396=VERTEX_POINT('',#2395) ;
#2403=VERTEX_POINT('',#2402) ;
#2410=VERTEX_POINT('',#2409) ;
#2417=VERTEX_POINT('',#2416) ;
#2424=VERTEX_POINT('',#2423) ;
#2431=VERTEX_POINT('',#2430) ;
#2438=VERTEX_POINT('',#2437) ;
#2445=VERTEX_POINT('',#2444) ;
#2452=VERTEX_POINT('',#2451) ;
#2482=VERTEX_POINT('',#2481) ;
#2484=VERTEX_POINT('',#2483) ;
#2506=VERTEX_POINT('',#2505) ;
#2513=VERTEX_POINT('',#2512) ;
#2559=VERTEX_POINT('',#2558) ;
#2561=VERTEX_POINT('',#2560) ;
#2568=VERTEX_POINT('',#2567) ;
#2575=VERTEX_POINT('',#2574) ;
#2594=VERTEX_POINT('',#2593) ;
#2596=VERTEX_POINT('',#2595) ;
#2603=VERTEX_POINT('',#2602) ;
#2633=VERTEX_POINT('',#2632) ;
#2640=VERTEX_POINT('',#2639) ;
#2664=VERTEX_POINT('',#2663) ;
#2666=VERTEX_POINT('',#2665) ;
#2690=VERTEX_POINT('',#2689) ;
#2697=VERTEX_POINT('',#2696) ;
#2704=VERTEX_POINT('',#2703) ;
#2729=VERTEX_POINT('',#2728) ;
#2736=VERTEX_POINT('',#2735) ;
#2755=VERTEX_POINT('',#2754) ;
#2757=VERTEX_POINT('',#2756) ;
#2764=VERTEX_POINT('',#2763) ;
#2771=VERTEX_POINT('',#2770) ;
#2778=VERTEX_POINT('',#2777) ;
#2803=VERTEX_POINT('',#2802) ;
#2810=VERTEX_POINT('',#2809) ;
#2843=VERTEX_POINT('',#2842) ;
#2855=VERTEX_POINT('',#2854) ;
#2862=VERTEX_POINT('',#2861) ;
#2894=VERTEX_POINT('',#2893) ;
#2923=VERTEX_POINT('',#2922) ;
#2925=VERTEX_POINT('',#2924) ;
#2932=VERTEX_POINT('',#2931) ;
#2955=VERTEX_POINT('',#2954) ;
#2957=VERTEX_POINT('',#2956) ;
#2964=VERTEX_POINT('',#2963) ;
#2995=VERTEX_POINT('',#2994) ;
#2997=VERTEX_POINT('',#2996) ;
#3004=VERTEX_POINT('',#3003) ;
#3011=VERTEX_POINT('',#3010) ;
#3035=VERTEX_POINT('',#3034) ;
#3042=VERTEX_POINT('',#3041) ;
#3083=VERTEX_POINT('',#3082) ;
#3090=VERTEX_POINT('',#3089) ;
#3108=VERTEX_POINT('',#3107) ;
#3110=VERTEX_POINT('',#3109) ;
#3117=VERTEX_POINT('',#3116) ;
#3124=VERTEX_POINT('',#3123) ;
#3148=VERTEX_POINT('',#3147) ;
#3150=VERTEX_POINT('',#3149) ;
#3179=VERTEX_POINT('',#3178) ;
#3181=VERTEX_POINT('',#3180) ;
#3210=VERTEX_POINT('',#3209) ;
#3212=VERTEX_POINT('',#3211) ;
#3253=VERTEX_POINT('',#3252) ;
#3260=VERTEX_POINT('',#3259) ;
#3284=VERTEX_POINT('',#3283) ;
#3291=VERTEX_POINT('',#3290) ;
#3354=VERTEX_POINT('',#3353) ;
#3356=VERTEX_POINT('',#3355) ;
#3385=VERTEX_POINT('',#3384) ;
#3387=VERTEX_POINT('',#3386) ;
#3416=VERTEX_POINT('',#3415) ;
#3418=VERTEX_POINT('',#3417) ;
#3447=VERTEX_POINT('',#3446) ;
#3449=VERTEX_POINT('',#3448) ;
#3456=VERTEX_POINT('',#3455) ;
#3463=VERTEX_POINT('',#3462) ;
#3487=VERTEX_POINT('',#3486) ;
#3510=VERTEX_POINT('',#3509) ;
#3533=VERTEX_POINT('',#3532) ;
#3535=VERTEX_POINT('',#3534) ;
#3564=VERTEX_POINT('',#3563) ;
#3571=VERTEX_POINT('',#3570) ;
#3613=VERTEX_POINT('',#3612) ;
#3615=VERTEX_POINT('',#3614) ;
#3622=VERTEX_POINT('',#3621) ;
#3638=VERTEX_POINT('',#3637) ;
#3645=VERTEX_POINT('',#3644) ;
#3652=VERTEX_POINT('',#3651) ;
#3678=VERTEX_POINT('',#3677) ;
#3685=VERTEX_POINT('',#3684) ;
#3709=VERTEX_POINT('',#3708) ;
#3716=VERTEX_POINT('',#3715) ;
#3740=VERTEX_POINT('',#3739) ;
#3747=VERTEX_POINT('',#3746) ;
#3771=VERTEX_POINT('',#3770) ;
#3773=VERTEX_POINT('',#3772) ;
#3800=VERTEX_POINT('',#3799) ;
#3807=VERTEX_POINT('',#3806) ;
#3947=VERTEX_POINT('',#3946) ;
#3970=VERTEX_POINT('',#3969) ;
#4002=VERTEX_POINT('',#4001) ;
#4009=VERTEX_POINT('',#4008) ;
#4034=VERTEX_POINT('',#4033) ;
#4070=VERTEX_POINT('',#4069) ;
#4094=VERTEX_POINT('',#4093) ;
#4096=VERTEX_POINT('',#4095) ;
#4103=VERTEX_POINT('',#4102) ;
#4110=VERTEX_POINT('',#4109) ;
#4134=VERTEX_POINT('',#4133) ;
#4136=VERTEX_POINT('',#4135) ;
#4165=VERTEX_POINT('',#4164) ;
#4188=VERTEX_POINT('',#4187) ;
#4211=VERTEX_POINT('',#4210) ;
#4235=VERTEX_POINT('',#4234) ;
#4258=VERTEX_POINT('',#4257) ;
#4282=VERTEX_POINT('',#4281) ;
#4322=VERTEX_POINT('',#4321) ;
#4346=VERTEX_POINT('',#4345) ;
#4353=VERTEX_POINT('',#4352) ;
#4382=VERTEX_POINT('',#4381) ;
#4392=VERTEX_POINT('',#4391) ;
#4487=VERTEX_POINT('',#4486) ;
#4602=VERTEX_POINT('',#4601) ;
#4649=VERTEX_POINT('',#4648) ;
#4659=VERTEX_POINT('',#4658) ;
#4754=VERTEX_POINT('',#4753) ;
#4869=VERTEX_POINT('',#4868) ;
#4947=VERTEX_POINT('',#4946) ;
#4954=VERTEX_POINT('',#4953) ;
#4978=VERTEX_POINT('',#4977) ;
#5002=VERTEX_POINT('',#5001) ;
#5021=VERTEX_POINT('',#5020) ;
#5028=VERTEX_POINT('',#5027) ;
#5057=VERTEX_POINT('',#5056) ;
#5086=VERTEX_POINT('',#5085) ;
#5110=VERTEX_POINT('',#5109) ;
#5134=VERTEX_POINT('',#5133) ;
#5141=VERTEX_POINT('',#5140) ;
#5165=VERTEX_POINT('',#5164) ;
#5172=VERTEX_POINT('',#5171) ;
#5196=VERTEX_POINT('',#5195) ;
#5203=VERTEX_POINT('',#5202) ;
#5227=VERTEX_POINT('',#5226) ;
#5229=VERTEX_POINT('',#5228) ;
#5236=VERTEX_POINT('',#5235) ;
#5243=VERTEX_POINT('',#5242) ;
#5272=VERTEX_POINT('',#5271) ;
#5301=VERTEX_POINT('',#5300) ;
#5376=VERTEX_POINT('',#5375) ;
#5383=VERTEX_POINT('',#5382) ;
#5390=VERTEX_POINT('',#5389) ;
#5566=VERTEX_POINT('',#5565) ;
#5591=VERTEX_POINT('',#5590) ;
#5645=VERTEX_POINT('',#5644) ;
#5687=VERTEX_POINT('',#5686) ;
#5762=VERTEX_POINT('',#5761) ;
#5786=VERTEX_POINT('',#5785) ;
#6020=VERTEX_POINT('',#6019) ;
#6022=VERTEX_POINT('',#6021) ;
#6029=VERTEX_POINT('',#6028) ;
#6036=VERTEX_POINT('',#6035) ;
#6055=VERTEX_POINT('',#6054) ;
#6067=VERTEX_POINT('',#6066) ;
#6095=VERTEX_POINT('',#6094) ;
#6097=VERTEX_POINT('',#6096) ;
#6104=VERTEX_POINT('',#6103) ;
#6111=VERTEX_POINT('',#6110) ;
#6130=VERTEX_POINT('',#6129) ;
#6142=VERTEX_POINT('',#6141) ;
#6197=VERTEX_POINT('',#6196) ;
#6279=VERTEX_POINT('',#6278) ;
#6303=VERTEX_POINT('',#6302) ;
#6322=VERTEX_POINT('',#6321) ;
#6347=VERTEX_POINT('',#6346) ;
#6371=VERTEX_POINT('',#6370) ;
#6395=VERTEX_POINT('',#6394) ;
#6421=VERTEX_POINT('',#6420) ;
#6428=VERTEX_POINT('',#6427) ;
#6452=VERTEX_POINT('',#6451) ;
#6476=VERTEX_POINT('',#6475) ;
#6500=VERTEX_POINT('',#6499) ;
#6524=VERTEX_POINT('',#6523) ;
#6548=VERTEX_POINT('',#6547) ;
#6572=VERTEX_POINT('',#6571) ;
#6613=VERTEX_POINT('',#6612) ;
#6620=VERTEX_POINT('',#6619) ;
#6644=VERTEX_POINT('',#6643) ;
#6669=VERTEX_POINT('',#6668) ;
#6688=VERTEX_POINT('',#6687) ;
#6695=VERTEX_POINT('',#6694) ;
#6723=VERTEX_POINT('',#6722) ;
#6730=VERTEX_POINT('',#6729) ;
#6754=VERTEX_POINT('',#6753) ;
#6778=VERTEX_POINT('',#6777) ;
#6802=VERTEX_POINT('',#6801) ;
#6809=VERTEX_POINT('',#6808) ;
#6833=VERTEX_POINT('',#6832) ;
#6857=VERTEX_POINT('',#6856) ;
#6967=VERTEX_POINT('',#6966) ;
#6974=VERTEX_POINT('',#6973) ;
#6999=VERTEX_POINT('',#6998) ;
#7006=VERTEX_POINT('',#7005) ;
#7030=VERTEX_POINT('',#7029) ;
#7054=VERTEX_POINT('',#7053) ;
#7079=VERTEX_POINT('',#7078) ;
#7103=VERTEX_POINT('',#7102) ;
#7128=VERTEX_POINT('',#7127) ;
#7153=VERTEX_POINT('',#7152) ;
#7177=VERTEX_POINT('',#7176) ;
#7197=VERTEX_POINT('',#7196) ;
#7222=VERTEX_POINT('',#7221) ;
#7246=VERTEX_POINT('',#7245) ;
#7266=VERTEX_POINT('',#7265) ;
#7291=VERTEX_POINT('',#7290) ;
#7310=VERTEX_POINT('',#7309) ;
#7330=VERTEX_POINT('',#7329) ;
#7395=VERTEX_POINT('',#7394) ;
#7397=VERTEX_POINT('',#7396) ;
#7431=VERTEX_POINT('',#7430) ;
#7438=VERTEX_POINT('',#7437) ;
#7464=VERTEX_POINT('',#7463) ;
#7477=VERTEX_POINT('',#7476) ;
#7503=VERTEX_POINT('',#7502) ;
#7542=VERTEX_POINT('',#7541) ;
#7568=VERTEX_POINT('',#7567) ;
#7592=VERTEX_POINT('',#7591) ;
#7594=VERTEX_POINT('',#7593) ;
#7623=VERTEX_POINT('',#7622) ;
#7630=VERTEX_POINT('',#7629) ;
#7660=VERTEX_POINT('',#7659) ;
#7667=VERTEX_POINT('',#7666) ;
#7699=VERTEX_POINT('',#7698) ;
#7748=VERTEX_POINT('',#7747) ;
#7775=VERTEX_POINT('',#7774) ;
#22=SHELL_BASED_SURFACE_MODEL('NONE',(#21)) ;
#7851=ADVANCED_BREP_SHAPE_REPRESENTATION('NONE',(#985),#16) ;
#982=ADVANCED_FACE('Surface.2',(#555,#981),#35,.F.) ;
#1034=ADVANCED_FACE('03264G-206_M000',(#1033),#999,.T.) ;
#1065=ADVANCED_FACE('03264G-206_M000',(#1064),#1039,.F.) ;
#1088=ADVANCED_FACE('03264G-206_M000',(#1087),#1070,.F.) ;
#1112=ADVANCED_FACE('03264G-206_M000',(#1111),#1093,.F.) ;
#1135=ADVANCED_FACE('03264G-206_M000',(#1134),#1117,.F.) ;
#1159=ADVANCED_FACE('03264G-206_M000',(#1158),#1140,.F.) ;
#1182=ADVANCED_FACE('03264G-206_M000',(#1181),#1164,.F.) ;
#1206=ADVANCED_FACE('03264G-206_M000',(#1205),#1187,.F.) ;
#1222=ADVANCED_FACE('03264G-206_M000',(#1221),#1211,.F.) ;
#1253=ADVANCED_FACE('03264G-206_M000',(#1252),#1227,.F.) ;
#1277=ADVANCED_FACE('03264G-206_M000',(#1276),#1258,.T.) ;
#1301=ADVANCED_FACE('03264G-206_M000',(#1300),#1282,.F.) ;
#1325=ADVANCED_FACE('03264G-206_M000',(#1324),#1306,.F.) ;
#1349=ADVANCED_FACE('03264G-206_M000',(#1348),#1330,.F.) ;
#1373=ADVANCED_FACE('03264G-206_M000',(#1372),#1354,.T.) ;
#1397=ADVANCED_FACE('03264G-206_M000',(#1396),#1378,.F.) ;
#1414=ADVANCED_FACE('03264G-206_M000',(#1413),#1402,.F.) ;
#1445=ADVANCED_FACE('03264G-206_M000',(#1444),#1419,.T.) ;
#1469=ADVANCED_FACE('03264G-206_M000',(#1468),#1450,.T.) ;
#1493=ADVANCED_FACE('03264G-206_M000',(#1492),#1474,.T.) ;
#1517=ADVANCED_FACE('03264G-206_M000',(#1516),#1498,.T.) ;
#1541=ADVANCED_FACE('03264G-206_M000',(#1540),#1522,.T.) ;
#1565=ADVANCED_FACE('03264G-206_M000',(#1564),#1546,.T.) ;
#1589=ADVANCED_FACE('03264G-206_M000',(#1588),#1570,.T.) ;
#1606=ADVANCED_FACE('03264G-206_M000',(#1605),#1594,.T.) ;
#1822=ADVANCED_FACE('03264G-206_M000',(#1677,#1687,#1753,#1787,#1821),#1611,.T.) ;
#1853=ADVANCED_FACE('03264G-206_M000',(#1852),#1827,.T.) ;
#1876=ADVANCED_FACE('03264G-206_M000',(#1875),#1858,.T.) ;
#1907=ADVANCED_FACE('03264G-206_M000',(#1906),#1881,.T.) ;
#1946=ADVANCED_FACE('03264G-206_M000',(#1945),#1912,.T.) ;
#1985=ADVANCED_FACE('03264G-206_M000',(#1984),#1951,.F.) ;
#2009=ADVANCED_FACE('03264G-206_M000',(#2008),#1990,.F.) ;
#2033=ADVANCED_FACE('03264G-206_M000',(#2032),#2014,.T.) ;
#2065=ADVANCED_FACE('03264G-206_M000',(#2064),#2038,.F.) ;
#2096=ADVANCED_FACE('03264G-206_M000',(#2095),#2070,.T.) ;
#2188=ADVANCED_FACE('03264G-206_M000',(#2187),#2101,.F.) ;
#2227=ADVANCED_FACE('03264G-206_M000',(#2226),#2193,.F.) ;
#2254=ADVANCED_FACE('03264G-206_M000',(#2253),#2038,.F.) ;
#2278=ADVANCED_FACE('03264G-206_M000',(#2277),#2259,.T.) ;
#2301=ADVANCED_FACE('03264G-206_M000',(#2300),#2283,.T.) ;
#2325=ADVANCED_FACE('03264G-206_M000',(#2324),#2306,.T.) ;
#2357=ADVANCED_FACE('03264G-206_M000',(#2356),#2330,.F.) ;
#2495=ADVANCED_FACE('03264G-206_M000',(#2476,#2494),#2362,.T.) ;
#2526=ADVANCED_FACE('03264G-206_M000',(#2525),#2500,.F.) ;
#2538=ADVANCED_FACE('03264G-206_M000',(#2537),#2500,.F.) ;
#2548=ADVANCED_FACE('03264G-206_M000',(#2547),#2543,.T.) ;
#2588=ADVANCED_FACE('03264G-206_M000',(#2587),#2553,.T.) ;
#2622=ADVANCED_FACE('03264G-206_M000',(#2621),#2038,.F.) ;
#2653=ADVANCED_FACE('03264G-206_M000',(#2652),#2627,.T.) ;
#2684=ADVANCED_FACE('03264G-206_M000',(#2683),#2658,.F.) ;
#2718=ADVANCED_FACE('03264G-206_M000',(#2717),#1912,.T.) ;
#2749=ADVANCED_FACE('03264G-206_M000',(#2748),#2723,.T.) ;
#2792=ADVANCED_FACE('03264G-206_M000',(#2791),#1951,.F.) ;
#2822=ADVANCED_FACE('03264G-206_M000',(#2821),#2797,.T.) ;
#2883=ADVANCED_FACE('03264G-206_M000',(#2882),#2827,.F.) ;
#2912=ADVANCED_FACE('03264G-206_M000',(#2911),#2888,.T.) ;
#2944=ADVANCED_FACE('03264G-206_M000',(#2943),#2917,.F.) ;
#2976=ADVANCED_FACE('03264G-206_M000',(#2975),#2949,.F.) ;
#2984=ADVANCED_FACE('03264G-206_M000',(#2983),#2193,.F.) ;
#3024=ADVANCED_FACE('03264G-206_M000',(#3023),#2989,.T.) ;
#3055=ADVANCED_FACE('03264G-206_M000',(#3054),#999,.T.) ;
#3072=ADVANCED_FACE('03264G-206_M000',(#3071),#3060,.F.) ;
#3102=ADVANCED_FACE('03264G-206_M000',(#3101),#3077,.F.) ;
#3137=ADVANCED_FACE('03264G-206_M000',(#3136),#2989,.T.) ;
#3168=ADVANCED_FACE('03264G-206_M000',(#3167),#3142,.F.) ;
#3199=ADVANCED_FACE('03264G-206_M000',(#3198),#3173,.F.) ;
#3230=ADVANCED_FACE('03264G-206_M000',(#3229),#3204,.F.) ;
#3247=ADVANCED_FACE('03264G-206_M000',(#3246),#3235,.T.) ;
#3273=ADVANCED_FACE('03264G-206_M000',(#3272),#1402,.F.) ;
#3304=ADVANCED_FACE('03264G-206_M000',(#3303),#3278,.F.) ;
#3326=ADVANCED_FACE('03264G-206_M000',(#3325),#3309,.T.) ;
#3343=ADVANCED_FACE('03264G-206_M000',(#3342),#1306,.F.) ;
#3374=ADVANCED_FACE('03264G-206_M000',(#3373),#3348,.F.) ;
#3405=ADVANCED_FACE('03264G-206_M000',(#3404),#3379,.F.) ;
#3436=ADVANCED_FACE('03264G-206_M000',(#3435),#3410,.F.) ;
#3476=ADVANCED_FACE('03264G-206_M000',(#3475),#3441,.T.) ;
#3499=ADVANCED_FACE('03264G-206_M000',(#3498),#3481,.F.) ;
#3522=ADVANCED_FACE('03264G-206_M000',(#3521),#3504,.F.) ;
#3553=ADVANCED_FACE('03264G-206_M000',(#3552),#3527,.F.) ;
#3584=ADVANCED_FACE('03264G-206_M000',(#3583),#3558,.F.) ;
#3667=ADVANCED_FACE('03264G-206_M000',(#3666),#3589,.F.) ;
#3698=ADVANCED_FACE('03264G-206_M000',(#3697),#3672,.F.) ;
#3729=ADVANCED_FACE('03264G-206_M000',(#3728),#3703,.T.) ;
#3760=ADVANCED_FACE('03264G-206_M000',(#3759),#3734,.F.) ;
#3840=ADVANCED_FACE('03264G-206_M000',(#3839),#3765,.F.) ;
#3936=ADVANCED_FACE('03264G-206_M000',(#3935),#3841,.F.) ;
#3959=ADVANCED_FACE('03264G-206_M000',(#3958),#3941,.T.) ;
#3983=ADVANCED_FACE('03264G-206_M000',(#3982),#3964,.T.) ;
#3996=ADVANCED_FACE('03264G-206_M000',(#3995),#1912,.T.) ;
#4023=ADVANCED_FACE('03264G-206_M000',(#4022),#2038,.F.) ;
#4047=ADVANCED_FACE('03264G-206_M000',(#4046),#4028,.T.) ;
#4059=ADVANCED_FACE('03264G-206_M000',(#4058),#2627,.T.) ;
#4083=ADVANCED_FACE('03264G-206_M000',(#4082),#4064,.F.) ;
#4123=ADVANCED_FACE('03264G-206_M000',(#4122),#4088,.T.) ;
#4154=ADVANCED_FACE('03264G-206_M000',(#4153),#4128,.F.) ;
#4177=ADVANCED_FACE('03264G-206_M000',(#4176),#4159,.F.) ;
#4200=ADVANCED_FACE('03264G-206_M000',(#4199),#4182,.F.) ;
#4224=ADVANCED_FACE('03264G-206_M000',(#4223),#4205,.F.) ;
#4247=ADVANCED_FACE('03264G-206_M000',(#4246),#4229,.F.) ;
#4271=ADVANCED_FACE('03264G-206_M000',(#4270),#4252,.F.) ;
#4294=ADVANCED_FACE('03264G-206_M000',(#4293),#4276,.F.) ;
#4311=ADVANCED_FACE('03264G-206_M000',(#4310),#4299,.F.) ;
#4335=ADVANCED_FACE('03264G-206_M000',(#4334),#4316,.T.) ;
#4368=ADVANCED_FACE('03264G-206_M000',(#4367),#4340,.T.) ;
#4405=ADVANCED_FACE('03264G-206_M000',(#4404),#4373,.T.) ;
#4520=ADVANCED_FACE('03264G-206_M000',(#4519),#4406,.F.) ;
#4635=ADVANCED_FACE('03264G-206_M000',(#4634),#4521,.F.) ;
#4672=ADVANCED_FACE('03264G-206_M000',(#4671),#4640,.T.) ;
#4787=ADVANCED_FACE('03264G-206_M000',(#4786),#4673,.F.) ;
#4902=ADVANCED_FACE('03264G-206_M000',(#4901),#4788,.F.) ;
#4919=ADVANCED_FACE('03264G-206_M000',(#4918),#4907,.T.) ;
#4936=ADVANCED_FACE('03264G-206_M000',(#4935),#4924,.T.) ;
#4967=ADVANCED_FACE('03264G-206_M000',(#4966),#4941,.F.) ;
#4991=ADVANCED_FACE('03264G-206_M000',(#4990),#4972,.F.) ;
#5015=ADVANCED_FACE('03264G-206_M000',(#5014),#4996,.F.) ;
#5041=ADVANCED_FACE('03264G-206_M000',(#5040),#4941,.F.) ;
#5070=ADVANCED_FACE('03264G-206_M000',(#5069),#5046,.F.) ;
#5099=ADVANCED_FACE('03264G-206_M000',(#5098),#5075,.F.) ;
#5123=ADVANCED_FACE('03264G-206_M000',(#5122),#5104,.F.) ;
#5154=ADVANCED_FACE('03264G-206_M000',(#5153),#5128,.F.) ;
#5185=ADVANCED_FACE('03264G-206_M000',(#5184),#5159,.T.) ;
#5216=ADVANCED_FACE('03264G-206_M000',(#5215),#5190,.F.) ;
#5256=ADVANCED_FACE('03264G-206_M000',(#5255),#5221,.F.) ;
#5285=ADVANCED_FACE('03264G-206_M000',(#5284),#5261,.F.) ;
#5314=ADVANCED_FACE('03264G-206_M000',(#5313),#5290,.F.) ;
#5331=ADVANCED_FACE('03264G-206_M000',(#5330),#5319,.T.) ;
#5348=ADVANCED_FACE('03264G-206_M000',(#5347),#5336,.F.) ;
#5365=ADVANCED_FACE('03264G-206_M000',(#5364),#5221,.F.) ;
#5411=ADVANCED_FACE('03264G-206_M000',(#5410),#5370,.T.) ;
#5502=ADVANCED_FACE('03264G-206_M000',(#5501),#5412,.T.) ;
#5519=ADVANCED_FACE('03264G-206_M000',(#5518),#5507,.T.) ;
#5531=ADVANCED_FACE('03264G-206_M000',(#5530),#5524,.T.) ;
#5550=ADVANCED_FACE('03264G-206_M000',(#5549),#5536,.T.) ;
#5580=ADVANCED_FACE('03264G-206_M000',(#5579),#5555,.F.) ;
#5604=ADVANCED_FACE('03264G-206_M000',(#5603),#5585,.T.) ;
#5627=ADVANCED_FACE('03264G-206_M000',(#5626),#5609,.T.) ;
#5639=ADVANCED_FACE('03264G-206_M000',(#5638),#5632,.T.) ;
#5664=ADVANCED_FACE('03264G-206_M000',(#5663),#5555,.F.) ;
#5681=ADVANCED_FACE('03264G-206_M000',(#5680),#5669,.T.) ;
#5701=ADVANCED_FACE('03264G-206_M000',(#5700),#5609,.T.) ;
#5718=ADVANCED_FACE('03264G-206_M000',(#5717),#5706,.T.) ;
#5730=ADVANCED_FACE('03264G-206_M000',(#5729),#5723,.F.) ;
#5751=ADVANCED_FACE('03264G-206_M000',(#5750),#5735,.F.) ;
#5775=ADVANCED_FACE('03264G-206_M000',(#5774),#5756,.T.) ;
#5799=ADVANCED_FACE('03264G-206_M000',(#5798),#5780,.T.) ;
#5816=ADVANCED_FACE('03264G-206_M000',(#5815),#5804,.T.) ;
#5828=ADVANCED_FACE('03264G-206_M000',(#5827),#5821,.F.) ;
#5840=ADVANCED_FACE('03264G-206_M000',(#5839),#5833,.F.) ;
#5862=ADVANCED_FACE('03264G-206_M000',(#5861),#5845,.F.) ;
#5884=ADVANCED_FACE('03264G-206_M000',(#5883),#5867,.T.) ;
#5906=ADVANCED_FACE('03264G-206_M000',(#5905),#5889,.T.) ;
#5928=ADVANCED_FACE('03264G-206_M000',(#5927),#5911,.T.) ;
#5940=ADVANCED_FACE('03264G-206_M000',(#5939),#5933,.T.) ;
#5957=ADVANCED_FACE('03264G-206_M000',(#5956),#5945,.T.) ;
#5974=ADVANCED_FACE('03264G-206_M000',(#5973),#5962,.T.) ;
#5986=ADVANCED_FACE('03264G-206_M000',(#5985),#5979,.T.) ;
#5998=ADVANCED_FACE('03264G-206_M000',(#5997),#5991,.T.) ;
#6009=ADVANCED_FACE('03264G-206_M000',(#6008),#6003,.F.) ;
#6049=ADVANCED_FACE('03264G-206_M000',(#6048),#6014,.T.) ;
#6084=ADVANCED_FACE('03264G-206_M000',(#6083),#2362,.F.) ;
#6124=ADVANCED_FACE('03264G-206_M000',(#6123),#6089,.T.) ;
#6159=ADVANCED_FACE('03264G-206_M000',(#6158),#2362,.F.) ;
#6175=ADVANCED_FACE('03264G-206_M000',(#6174),#6164,.F.) ;
#6186=ADVANCED_FACE('03264G-206_M000',(#6185),#6180,.F.) ;
#6210=ADVANCED_FACE('03264G-206_M000',(#6209),#6191,.T.) ;
#6245=ADVANCED_FACE('03264G-206_M000',(#6236,#6244),#6215,.T.) ;
#6262=ADVANCED_FACE('03264G-206_M000',(#6261),#6250,.F.) ;
#6273=ADVANCED_FACE('03264G-206_M000',(#6272),#6267,.F.) ;
#6292=ADVANCED_FACE('03264G-206_M000',(#6291),#2014,.T.) ;
#6316=ADVANCED_FACE('03264G-206_M000',(#6315),#6297,.F.) ;
#6336=ADVANCED_FACE('03264G-206_M000',(#6335),#1912,.T.) ;
#6360=ADVANCED_FACE('03264G-206_M000',(#6359),#6341,.T.) ;
#6384=ADVANCED_FACE('03264G-206_M000',(#6383),#6365,.T.) ;
#6410=ADVANCED_FACE('03264G-206_M000',(#6409),#6389,.T.) ;
#6441=ADVANCED_FACE('03264G-206_M000',(#6440),#6415,.T.) ;
#6465=ADVANCED_FACE('03264G-206_M000',(#6464),#6446,.F.) ;
#6489=ADVANCED_FACE('03264G-206_M000',(#6488),#6470,.F.) ;
#6513=ADVANCED_FACE('03264G-206_M000',(#6512),#6494,.F.) ;
#6537=ADVANCED_FACE('03264G-206_M000',(#6536),#6518,.F.) ;
#6561=ADVANCED_FACE('03264G-206_M000',(#6560),#6542,.F.) ;
#6585=ADVANCED_FACE('03264G-206_M000',(#6584),#6566,.F.) ;
#6602=ADVANCED_FACE('03264G-206_M000',(#6601),#6590,.T.) ;
#6633=ADVANCED_FACE('03264G-206_M000',(#6632),#6607,.F.) ;
#6658=ADVANCED_FACE('03264G-206_M000',(#6657),#6638,.T.) ;
#6712=ADVANCED_FACE('03264G-206_M000',(#6711),#6663,.F.) ;
#6743=ADVANCED_FACE('03264G-206_M000',(#6742),#6717,.F.) ;
#6767=ADVANCED_FACE('03264G-206_M000',(#6766),#6748,.T.) ;
#6791=ADVANCED_FACE('03264G-206_M000',(#6790),#6772,.T.) ;
#6822=ADVANCED_FACE('03264G-206_M000',(#6821),#6796,.F.) ;
#6846=ADVANCED_FACE('03264G-206_M000',(#6845),#6827,.T.) ;
#6870=ADVANCED_FACE('03264G-206_M000',(#6869),#6851,.T.) ;
#6887=ADVANCED_FACE('03264G-206_M000',(#6886),#6875,.T.) ;
#6924=ADVANCED_FACE('03264G-206_M000',(#6903,#6913,#6923),#6892,.T.) ;
#6942=ADVANCED_FACE('03264G-206_M000',(#6941),#6929,.T.) ;
#6956=ADVANCED_FACE('03264G-206_M000',(#6955),#6947,.T.) ;
#6988=ADVANCED_FACE('03264G-206_M000',(#6987),#6961,.T.) ;
#7019=ADVANCED_FACE('03264G-206_M000',(#7018),#6993,.T.) ;
#7043=ADVANCED_FACE('03264G-206_M000',(#7042),#7024,.T.) ;
#7068=ADVANCED_FACE('03264G-206_M000',(#7067),#7048,.F.) ;
#7092=ADVANCED_FACE('03264G-206_M000',(#7091),#7073,.T.) ;
#7117=ADVANCED_FACE('03264G-206_M000',(#7116),#7097,.F.) ;
#7142=ADVANCED_FACE('03264G-206_M000',(#7141),#7122,.F.) ;
#7166=ADVANCED_FACE('03264G-206_M000',(#7165),#7147,.T.) ;
#7191=ADVANCED_FACE('03264G-206_M000',(#7190),#7171,.T.) ;
#7211=ADVANCED_FACE('03264G-206_M000',(#7210),#7097,.F.) ;
#7235=ADVANCED_FACE('03264G-206_M000',(#7234),#7216,.T.) ;
#7260=ADVANCED_FACE('03264G-206_M000',(#7259),#7240,.F.) ;
#7280=ADVANCED_FACE('03264G-206_M000',(#7279),#7171,.T.) ;
#7304=ADVANCED_FACE('03264G-206_M000',(#7303),#7285,.T.) ;
#7324=ADVANCED_FACE('03264G-206_M000',(#7323),#7122,.F.) ;
#7344=ADVANCED_FACE('03264G-206_M000',(#7343),#7240,.F.) ;
#7356=ADVANCED_FACE('03264G-206_M000',(#7355),#7073,.T.) ;
#7372=ADVANCED_FACE('03264G-206_M000',(#7371),#7361,.F.) ;
#7384=ADVANCED_FACE('03264G-206_M000',(#7383),#7377,.F.) ;
#7420=ADVANCED_FACE('03264G-206_M000',(#7419),#7389,.T.) ;
#7451=ADVANCED_FACE('03264G-206_M000',(#7450),#7425,.T.) ;
#7492=ADVANCED_FACE('03264G-206_M000',(#7491),#7456,.T.) ;
#7531=ADVANCED_FACE('03264G-206_M000',(#7530),#7497,.T.) ;
#7557=ADVANCED_FACE('03264G-206_M000',(#7556),#7536,.T.) ;
#7581=ADVANCED_FACE('03264G-206_M000',(#7580),#7562,.T.) ;
#7617=ADVANCED_FACE('03264G-206_M000',(#7616),#7586,.T.) ;
#7643=ADVANCED_FACE('03264G-206_M000',(#7642),#7425,.T.) ;
#7654=ADVANCED_FACE('03264G-206_M000',(#7653),#7648,.F.) ;
#7688=ADVANCED_FACE('03264G-206_M000',(#7687),#5370,.T.) ;
#7722=ADVANCED_FACE('03264G-206_M000',(#7711,#7721),#7693,.F.) ;
#7769=ADVANCED_FACE('03264G-206_M000',(#7737,#7768),#7727,.F.) ;
#7818=ADVANCED_FACE('03264G-206_M000',(#7817),#6663,.F.) ;
#7837=ADVANCED_FACE('03264G-206_M000',(#7836),#7823,.T.) ;
#7850=ADVANCED_FACE('03264G-206_M000',(#7849),#7842,.T.) ;
#4=APPLICATION_PROTOCOL_DEFINITION('international standard','ap242_managed_model_based_3d_engineering',2014,#1) ;
#472=B_SPLINE_CURVE_WITH_KNOTS('',5,(#473,#474,#475,#476,#477,#478,#479,#480,#481),.UNSPECIFIED.,.F.,.U.,(6,3,6),(0.,0.0777908089333,1.58665546006),.UNSPECIFIED.) ;
#3590=B_SPLINE_CURVE_WITH_KNOTS('',5,(#3591,#3592,#3593,#3594,#3595,#3596,#3597,#3598,#3599,#3600,#3601,#3602,#3603,#3604,#3605,#3606,#3607,#3608,#3609,#3610,#3611),.UNSPECIFIED.,.F.,.U.,(6,3,3,3,3,3,6),(0.,0.173316425596,0.348692721371,0.528040306469,0.715884917277,0.816022065403,0.931638668851),.UNSPECIFIED.) ;
#3624=B_SPLINE_CURVE_WITH_KNOTS('',5,(#3625,#3626,#3627,#3628,#3629,#3630,#3631,#3632,#3633,#3634,#3635,#3636),.UNSPECIFIED.,.F.,.U.,(6,3,3,6),(0.,0.200312363387,0.599295101274,0.993957515521),.UNSPECIFIED.) ;
#3780=B_SPLINE_CURVE_WITH_KNOTS('',5,(#3781,#3782,#3783,#3784,#3785,#3786,#3787,#3788,#3789,#3790,#3791,#3792,#3793,#3794,#3795,#3796,#3797,#3798),.UNSPECIFIED.,.F.,.U.,(6,3,3,3,3,6),(0.,0.0220939411001,0.184699783429,0.196873376304,0.595856051424,0.993776712808),.UNSPECIFIED.) ;
#3809=B_SPLINE_CURVE_WITH_KNOTS('',5,(#3810,#3811,#3812,#3813,#3814,#3815,#3816,#3817,#3818,#3819,#3820,#3821,#3822,#3823,#3824,#3825,#3826,#3827,#3828,#3829,#3830),.UNSPECIFIED.,.F.,.U.,(6,3,3,3,3,3,6),(0.,0.173316268262,0.348693175981,0.528040763279,0.715885459292,0.816022733162,0.931639890037),.UNSPECIFIED.) ;
#3896=B_SPLINE_CURVE_WITH_KNOTS('',5,(#3897,#3898,#3899,#3900,#3901,#3902,#3903,#3904,#3905,#3906,#3907,#3908,#3909,#3910,#3911,#3912,#3913,#3914,#3915,#3916,#3917),.UNSPECIFIED.,.F.,.U.,(6,3,3,3,3,3,6),(1.87996003601,2.65254829506,3.21633561875,4.17799004108,5.13973933696,5.70352761161,6.47612264714),.UNSPECIFIED.) ;
#3919=B_SPLINE_CURVE_WITH_KNOTS('',5,(#3920,#3921,#3922,#3923,#3924,#3925,#3926,#3927,#3928),.UNSPECIFIED.,.F.,.U.,(6,3,6),(4.9129863645,7.06858347058,9.22418057665),.UNSPECIFIED.) ;
#4355=B_SPLINE_CURVE_WITH_KNOTS('',4,(#4356,#4357,#4358,#4359,#4360),.UNSPECIFIED.,.F.,.U.,(5,5),(0.,0.722680462222),.UNSPECIFIED.) ;
#4374=B_SPLINE_CURVE_WITH_KNOTS('',5,(#4375,#4376,#4377,#4378,#4379,#4380),.UNSPECIFIED.,.F.,.U.,(6,6),(0.,4.51126781147),.UNSPECIFIED.) ;
#4384=B_SPLINE_CURVE_WITH_KNOTS('',5,(#4385,#4386,#4387,#4388,#4389,#4390),.UNSPECIFIED.,.F.,.U.,(6,6),(0.,4.51126781148),.UNSPECIFIED.) ;
#4479=B_SPLINE_CURVE_WITH_KNOTS('',5,(#4480,#4481,#4482,#4483,#4484,#4485),.UNSPECIFIED.,.F.,.U.,(6,6),(0.,1.5),.UNSPECIFIED.) ;
#4489=B_SPLINE_CURVE_WITH_KNOTS('',5,(#4490,#4491,#4492,#4493,#4494,#4495,#4496,#4497,#4498,#4499,#4500,#4501,#4502,#4503,#4504,#4505,#4506,#4507,#4508,#4509,#4510,#4511,#4512,#4513),.UNSPECIFIED.,.F.,.U.,(6,3,3,3,3,3,3,6),(0.,0.0282848941659,0.0984094774172,2.00959049942,2.63930524868,3.26541552871,3.88902489824,4.51126781147),.UNSPECIFIED.) ;
#4594=B_SPLINE_CURVE_WITH_KNOTS('',5,(#4595,#4596,#4597,#4598,#4599,#4600),.UNSPECIFIED.,.F.,.U.,(6,6),(0.,1.5),.UNSPECIFIED.) ;
#4604=B_SPLINE_CURVE_WITH_KNOTS('',5,(#4605,#4606,#4607,#4608,#4609,#4610,#4611,#4612,#4613,#4614,#4615,#4616,#4617,#4618,#4619,#4620,#4621,#4622,#4623,#4624,#4625,#4626,#4627,#4628),.UNSPECIFIED.,.F.,.U.,(6,3,3,3,3,3,3,6),(0.,0.0282848941659,0.0984094774172,2.00959049943,2.63930524868,3.26541552872,3.88902489825,4.51126781148),.UNSPECIFIED.) ;
#4641=B_SPLINE_CURVE_WITH_KNOTS('',5,(#4642,#4643,#4644,#4645,#4646,#4647),.UNSPECIFIED.,.F.,.U.,(6,6),(3.04656121978E-16,4.51126781145),.UNSPECIFIED.) ;
#4651=B_SPLINE_CURVE_WITH_KNOTS('',5,(#4652,#4653,#4654,#4655,#4656,#4657),.UNSPECIFIED.,.F.,.U.,(6,6),(3.04640979327E-16,4.51126781143),.UNSPECIFIED.) ;
#4746=B_SPLINE_CURVE_WITH_KNOTS('',5,(#4747,#4748,#4749,#4750,#4751,#4752),.UNSPECIFIED.,.F.,.U.,(6,6),(0.,1.5),.UNSPECIFIED.) ;
#4756=B_SPLINE_CURVE_WITH_KNOTS('',5,(#4757,#4758,#4759,#4760,#4761,#4762,#4763,#4764,#4765,#4766,#4767,#4768,#4769,#4770,#4771,#4772,#4773,#4774,#4775,#4776,#4777,#4778,#4779,#4780),.UNSPECIFIED.,.F.,.U.,(6,3,3,3,3,3,3,6),(0.,0.0282848941659,0.0984094774172,2.00959049938,2.63930524864,3.26541552867,3.8890248982,4.51126781143),.UNSPECIFIED.) ;
#4861=B_SPLINE_CURVE_WITH_KNOTS('',5,(#4862,#4863,#4864,#4865,#4866,#4867),.UNSPECIFIED.,.F.,.U.,(6,6),(0.,1.5),.UNSPECIFIED.) ;
#4871=B_SPLINE_CURVE_WITH_KNOTS('',5,(#4872,#4873,#4874,#4875,#4876,#4877,#4878,#4879,#4880,#4881,#4882,#4883,#4884,#4885,#4886,#4887,#4888,#4889,#4890,#4891,#4892,#4893,#4894,#4895),.UNSPECIFIED.,.F.,.U.,(6,3,3,3,3,3,3,6),(0.,0.0282848941659,0.0984094774172,2.0095904994,2.63930524865,3.26541552869,3.88902489822,4.51126781145),.UNSPECIFIED.) ;
#5467=B_SPLINE_CURVE_WITH_KNOTS('',5,(#5468,#5469,#5470,#5471,#5472,#5473,#5474,#5475,#5476,#5477,#5478,#5479,#5480,#5481,#5482,#5483,#5484,#5485,#5486,#5487,#5488,#5489,#5490,#5491,#5492,#5493,#5494),.UNSPECIFIED.,.F.,.U.,(6,3,3,3,3,3,3,3,6),(2.15573994881,2.65254829506,3.21633561875,3.70808618986,3.94303811547,4.17799004108,5.13973933696,5.70352761161,6.20033847174),.UNSPECIFIED.) ;
#5537=B_SPLINE_CURVE_WITH_KNOTS('',4,(#5538,#5539,#5540,#5541,#5542),.UNSPECIFIED.,.F.,.U.,(5,5),(0.,0.722680462222),.UNSPECIFIED.) ;
#6397=B_SPLINE_CURVE_WITH_KNOTS('',4,(#6398,#6399,#6400,#6401,#6402),.UNSPECIFIED.,.F.,.U.,(5,5),(0.,0.722680462222),.UNSPECIFIED.) ;
#6671=B_SPLINE_CURVE_WITH_KNOTS('',5,(#6672,#6673,#6674,#6675,#6676,#6677,#6678,#6679,#6680,#6681,#6682,#6683,#6684,#6685,#6686),.UNSPECIFIED.,.F.,.U.,(6,3,3,3,6),(1.47112150468,1.57771002683,1.70580097686,1.82328130599,1.95358125253),.UNSPECIFIED.) ;
#7399=B_SPLINE_CURVE_WITH_KNOTS('',5,(#7400,#7401,#7402,#7403,#7404,#7405,#7406,#7407,#7408,#7409,#7410,#7411,#7412,#7413,#7414),.UNSPECIFIED.,.F.,.U.,(6,3,3,3,6),(0.,0.463631869503,0.948970955657,1.42268172571,1.95367012506),.UNSPECIFIED.) ;
#7457=B_SPLINE_CURVE_WITH_KNOTS('',4,(#7458,#7459,#7460,#7461,#7462),.UNSPECIFIED.,.F.,.U.,(5,5),(1.47112150468,1.95358125253),.UNSPECIFIED.) ;
#7466=B_SPLINE_CURVE_WITH_KNOTS('',5,(#7467,#7468,#7469,#7470,#7471,#7472,#7473,#7474,#7475),.UNSPECIFIED.,.F.,.U.,(6,3,6),(0.,0.569043152793,1.06167545538),.UNSPECIFIED.) ;
#7479=B_SPLINE_CURVE_WITH_KNOTS('',4,(#7480,#7481,#7482,#7483,#7484),.UNSPECIFIED.,.F.,.U.,(5,5),(0.,0.482838420474),.UNSPECIFIED.) ;
#7505=B_SPLINE_CURVE_WITH_KNOTS('',5,(#7506,#7507,#7508,#7509,#7510,#7511,#7512,#7513,#7514),.UNSPECIFIED.,.F.,.U.,(6,3,6),(0.,0.569043152793,1.06167545538),.UNSPECIFIED.) ;
#7544=B_SPLINE_CURVE_WITH_KNOTS('',4,(#7545,#7546,#7547,#7548,#7549),.UNSPECIFIED.,.F.,.U.,(5,5),(0.,0.482838420474),.UNSPECIFIED.) ;
#7596=B_SPLINE_CURVE_WITH_KNOTS('',5,(#7597,#7598,#7599,#7600,#7601,#7602,#7603,#7604,#7605,#7606,#7607,#7608,#7609,#7610,#7611),.UNSPECIFIED.,.F.,.U.,(6,3,3,3,6),(0.,0.463631869501,0.991101672104,1.44807729479,1.95359299823),.UNSPECIFIED.) ;
#7824=B_SPLINE_CURVE_WITH_KNOTS('',4,(#7825,#7826,#7827,#7828,#7829),.UNSPECIFIED.,.F.,.U.,(5,5),(0.,0.722680462222),.UNSPECIFIED.) ;
#3841=B_SPLINE_SURFACE_WITH_KNOTS('',5,5,((#3842,#3843,#3844,#3845,#3846,#3847,#3848,#3849,#3850),(#3851,#3852,#3853,#3854,#3855,#3856,#3857,#3858,#3859),(#3860,#3861,#3862,#3863,#3864,#3865,#3866,#3867,#3868),(#3869,#3870,#3871,#3872,#3873,#3874,#3875,#3876,#3877),(#3878,#3879,#3880,#3881,#3882,#3883,#3884,#3885,#3886),(#3887,#3888,#3889,#3890,#3891,#3892,#3893,#3894,#3895)),.UNSPECIFIED.,.F.,.F.,.U.,(6,6),(6,3,6),(0.,3.04514918682),(4.9129863645,7.06858347058,9.22418057665),.UNSPECIFIED.) ;
#4406=B_SPLINE_SURFACE_WITH_KNOTS('',5,5,((#4407,#4408,#4409,#4410,#4411,#4412),(#4413,#4414,#4415,#4416,#4417,#4418),(#4419,#4420,#4421,#4422,#4423,#4424),(#4425,#4426,#4427,#4428,#4429,#4430),(#4431,#4432,#4433,#4434,#4435,#4436),(#4437,#4438,#4439,#4440,#4441,#4442),(#4443,#4444,#4445,#4446,#4447,#4448),(#4449,#4450,#4451,#4452,#4453,#4454),(#4455,#4456,#4457,#4458,#4459,#4460),(#4461,#4462,#4463,#4464,#4465,#4466),(#4467,#4468,#4469,#4470,#4471,#4472),(#4473,#4474,#4475,#4476,#4477,#4478)),.UNSPECIFIED.,.F.,.F.,.U.,(6,3,3,6),(6,6),(0.,2.00959049942,3.26541552871,4.51126781147),(0.,1.5),.UNSPECIFIED.) ;
#4521=B_SPLINE_SURFACE_WITH_KNOTS('',5,5,((#4522,#4523,#4524,#4525,#4526,#4527),(#4528,#4529,#4530,#4531,#4532,#4533),(#4534,#4535,#4536,#4537,#4538,#4539),(#4540,#4541,#4542,#4543,#4544,#4545),(#4546,#4547,#4548,#4549,#4550,#4551),(#4552,#4553,#4554,#4555,#4556,#4557),(#4558,#4559,#4560,#4561,#4562,#4563),(#4564,#4565,#4566,#4567,#4568,#4569),(#4570,#4571,#4572,#4573,#4574,#4575),(#4576,#4577,#4578,#4579,#4580,#4581),(#4582,#4583,#4584,#4585,#4586,#4587),(#4588,#4589,#4590,#4591,#4592,#4593)),.UNSPECIFIED.,.F.,.F.,.U.,(6,3,3,6),(6,6),(0.,2.00959049943,3.26541552872,4.51126781148),(0.,1.5),.UNSPECIFIED.) ;
#4673=B_SPLINE_SURFACE_WITH_KNOTS('',5,5,((#4674,#4675,#4676,#4677,#4678,#4679),(#4680,#4681,#4682,#4683,#4684,#4685),(#4686,#4687,#4688,#4689,#4690,#4691),(#4692,#4693,#4694,#4695,#4696,#4697),(#4698,#4699,#4700,#4701,#4702,#4703),(#4704,#4705,#4706,#4707,#4708,#4709),(#4710,#4711,#4712,#4713,#4714,#4715),(#4716,#4717,#4718,#4719,#4720,#4721),(#4722,#4723,#4724,#4725,#4726,#4727),(#4728,#4729,#4730,#4731,#4732,#4733),(#4734,#4735,#4736,#4737,#4738,#4739),(#4740,#4741,#4742,#4743,#4744,#4745)),.UNSPECIFIED.,.F.,.F.,.U.,(6,3,3,6),(6,6),(3.04640979327E-16,2.00959049938,3.26541552867,4.51126781143),(0.,1.5),.UNSPECIFIED.) ;
#4788=B_SPLINE_SURFACE_WITH_KNOTS('',5,5,((#4789,#4790,#4791,#4792,#4793,#4794),(#4795,#4796,#4797,#4798,#4799,#4800),(#4801,#4802,#4803,#4804,#4805,#4806),(#4807,#4808,#4809,#4810,#4811,#4812),(#4813,#4814,#4815,#4816,#4817,#4818),(#4819,#4820,#4821,#4822,#4823,#4824),(#4825,#4826,#4827,#4828,#4829,#4830),(#4831,#4832,#4833,#4834,#4835,#4836),(#4837,#4838,#4839,#4840,#4841,#4842),(#4843,#4844,#4845,#4846,#4847,#4848),(#4849,#4850,#4851,#4852,#4853,#4854),(#4855,#4856,#4857,#4858,#4859,#4860)),.UNSPECIFIED.,.F.,.F.,.U.,(6,3,3,6),(6,6),(0.,2.0095904994,3.26541552869,4.51126781145),(0.,1.5),.UNSPECIFIED.) ;
#5412=B_SPLINE_SURFACE_WITH_KNOTS('',5,5,((#5413,#5414,#5415,#5416,#5417,#5418),(#5419,#5420,#5421,#5422,#5423,#5424),(#5425,#5426,#5427,#5428,#5429,#5430),(#5431,#5432,#5433,#5434,#5435,#5436),(#5437,#5438,#5439,#5440,#5441,#5442),(#5443,#5444,#5445,#5446,#5447,#5448),(#5449,#5450,#5451,#5452,#5453,#5454),(#5455,#5456,#5457,#5458,#5459,#5460),(#5461,#5462,#5463,#5464,#5465,#5466)),.UNSPECIFIED.,.F.,.F.,.U.,(6,3,6),(6,6),(1.879960036,4.17799004108,6.47612264715),(0.,0.5),.UNSPECIFIED.) ;
#23=COLOUR_RGB('Colour',0.952941176471,0.996078431373,0.694117647059) ;
#986=COLOUR_RGB('Colour',0.823529411765,0.823529411765,1.) ;
#555=FACE_OUTER_BOUND('',#490,.T.) ;
#1033=FACE_OUTER_BOUND('',#1028,.T.) ;
#1064=FACE_OUTER_BOUND('',#1059,.T.) ;
#1087=FACE_OUTER_BOUND('',#1083,.T.) ;
#1111=FACE_OUTER_BOUND('',#1106,.T.) ;
#1134=FACE_OUTER_BOUND('',#1130,.T.) ;
#1158=FACE_OUTER_BOUND('',#1153,.T.) ;
#1181=FACE_OUTER_BOUND('',#1177,.T.) ;
#1205=FACE_OUTER_BOUND('',#1200,.T.) ;
#1221=FACE_OUTER_BOUND('',#1217,.T.) ;
#1252=FACE_OUTER_BOUND('',#1247,.T.) ;
#1276=FACE_OUTER_BOUND('',#1271,.T.) ;
#1300=FACE_OUTER_BOUND('',#1295,.T.) ;
#1324=FACE_OUTER_BOUND('',#1319,.T.) ;
#1348=FACE_OUTER_BOUND('',#1343,.T.) ;
#1372=FACE_OUTER_BOUND('',#1367,.T.) ;
#1396=FACE_OUTER_BOUND('',#1391,.T.) ;
#1413=FACE_OUTER_BOUND('',#1408,.T.) ;
#1444=FACE_OUTER_BOUND('',#1439,.T.) ;
#1468=FACE_OUTER_BOUND('',#1463,.T.) ;
#1492=FACE_OUTER_BOUND('',#1487,.T.) ;
#1516=FACE_OUTER_BOUND('',#1511,.T.) ;
#1540=FACE_OUTER_BOUND('',#1535,.T.) ;
#1564=FACE_OUTER_BOUND('',#1559,.T.) ;
#1588=FACE_OUTER_BOUND('',#1583,.T.) ;
#1605=FACE_OUTER_BOUND('',#1600,.T.) ;
#1677=FACE_OUTER_BOUND('',#1668,.T.) ;
#1852=FACE_OUTER_BOUND('',#1847,.T.) ;
#1875=FACE_OUTER_BOUND('',#1871,.T.) ;
#1906=FACE_OUTER_BOUND('',#1901,.T.) ;
#1945=FACE_OUTER_BOUND('',#1939,.T.) ;
#1984=FACE_OUTER_BOUND('',#1978,.T.) ;
#2008=FACE_OUTER_BOUND('',#2003,.T.) ;
#2032=FACE_OUTER_BOUND('',#2027,.T.) ;
#2064=FACE_OUTER_BOUND('',#2058,.T.) ;
#2095=FACE_OUTER_BOUND('',#2090,.T.) ;
#2187=FACE_OUTER_BOUND('',#2170,.T.) ;
#2226=FACE_OUTER_BOUND('',#2220,.T.) ;
#2253=FACE_OUTER_BOUND('',#2247,.T.) ;
#2277=FACE_OUTER_BOUND('',#2272,.T.) ;
#2300=FACE_OUTER_BOUND('',#2296,.T.) ;
#2324=FACE_OUTER_BOUND('',#2319,.T.) ;
#2356=FACE_OUTER_BOUND('',#2350,.T.) ;
#2476=FACE_OUTER_BOUND('',#2459,.T.) ;
#2525=FACE_OUTER_BOUND('',#2520,.T.) ;
#2537=FACE_OUTER_BOUND('',#2532,.T.) ;
#2547=FACE_OUTER_BOUND('',#2544,.T.) ;
#2587=FACE_OUTER_BOUND('',#2582,.T.) ;
#2621=FACE_OUTER_BOUND('',#2615,.T.) ;
#2652=FACE_OUTER_BOUND('',#2647,.T.) ;
#2683=FACE_OUTER_BOUND('',#2678,.T.) ;
#2717=FACE_OUTER_BOUND('',#2711,.T.) ;
#2748=FACE_OUTER_BOUND('',#2743,.T.) ;
#2791=FACE_OUTER_BOUND('',#2785,.T.) ;
#2821=FACE_OUTER_BOUND('',#2817,.T.) ;
#2882=FACE_OUTER_BOUND('',#2869,.T.) ;
#2911=FACE_OUTER_BOUND('',#2906,.T.) ;
#2943=FACE_OUTER_BOUND('',#2939,.T.) ;
#2975=FACE_OUTER_BOUND('',#2971,.T.) ;
#2983=FACE_OUTER_BOUND('',#2977,.T.) ;
#3023=FACE_OUTER_BOUND('',#3018,.T.) ;
#3054=FACE_OUTER_BOUND('',#3049,.T.) ;
#3071=FACE_OUTER_BOUND('',#3066,.T.) ;
#3101=FACE_OUTER_BOUND('',#3097,.T.) ;
#3136=FACE_OUTER_BOUND('',#3131,.T.) ;
#3167=FACE_OUTER_BOUND('',#3162,.T.) ;
#3198=FACE_OUTER_BOUND('',#3193,.T.) ;
#3229=FACE_OUTER_BOUND('',#3224,.T.) ;
#3246=FACE_OUTER_BOUND('',#3241,.T.) ;
#3272=FACE_OUTER_BOUND('',#3267,.T.) ;
#3303=FACE_OUTER_BOUND('',#3298,.T.) ;
#3325=FACE_OUTER_BOUND('',#3320,.T.) ;
#3342=FACE_OUTER_BOUND('',#3337,.T.) ;
#3373=FACE_OUTER_BOUND('',#3368,.T.) ;
#3404=FACE_OUTER_BOUND('',#3399,.T.) ;
#3435=FACE_OUTER_BOUND('',#3430,.T.) ;
#3475=FACE_OUTER_BOUND('',#3470,.T.) ;
#3498=FACE_OUTER_BOUND('',#3494,.T.) ;
#3521=FACE_OUTER_BOUND('',#3517,.T.) ;
#3552=FACE_OUTER_BOUND('',#3547,.T.) ;
#3583=FACE_OUTER_BOUND('',#3578,.T.) ;
#3666=FACE_OUTER_BOUND('',#3659,.T.) ;
#3697=FACE_OUTER_BOUND('',#3692,.T.) ;
#3728=FACE_OUTER_BOUND('',#3723,.T.) ;
#3759=FACE_OUTER_BOUND('',#3754,.T.) ;
#3839=FACE_OUTER_BOUND('',#3832,.T.) ;
#3935=FACE_OUTER_BOUND('',#3930,.T.) ;
#3958=FACE_OUTER_BOUND('',#3954,.T.) ;
#3982=FACE_OUTER_BOUND('',#3977,.T.) ;
#3995=FACE_OUTER_BOUND('',#3989,.T.) ;
#4022=FACE_OUTER_BOUND('',#4016,.T.) ;
#4046=FACE_OUTER_BOUND('',#4041,.T.) ;
#4058=FACE_OUTER_BOUND('',#4053,.T.) ;
#4082=FACE_OUTER_BOUND('',#4077,.T.) ;
#4122=FACE_OUTER_BOUND('',#4117,.T.) ;
#4153=FACE_OUTER_BOUND('',#4148,.T.) ;
#4176=FACE_OUTER_BOUND('',#4172,.T.) ;
#4199=FACE_OUTER_BOUND('',#4195,.T.) ;
#4223=FACE_OUTER_BOUND('',#4218,.T.) ;
#4246=FACE_OUTER_BOUND('',#4242,.T.) ;
#4270=FACE_OUTER_BOUND('',#4265,.T.) ;
#4293=FACE_OUTER_BOUND('',#4289,.T.) ;
#4310=FACE_OUTER_BOUND('',#4305,.T.) ;
#4334=FACE_OUTER_BOUND('',#4329,.T.) ;
#4367=FACE_OUTER_BOUND('',#4362,.T.) ;
#4404=FACE_OUTER_BOUND('',#4399,.T.) ;
#4519=FACE_OUTER_BOUND('',#4515,.T.) ;
#4634=FACE_OUTER_BOUND('',#4630,.T.) ;
#4671=FACE_OUTER_BOUND('',#4666,.T.) ;
#4786=FACE_OUTER_BOUND('',#4782,.T.) ;
#4901=FACE_OUTER_BOUND('',#4897,.T.) ;
#4918=FACE_OUTER_BOUND('',#4913,.T.) ;
#4935=FACE_OUTER_BOUND('',#4930,.T.) ;
#4966=FACE_OUTER_BOUND('',#4961,.T.) ;
#4990=FACE_OUTER_BOUND('',#4985,.T.) ;
#5014=FACE_OUTER_BOUND('',#5009,.T.) ;
#5040=FACE_OUTER_BOUND('',#5035,.T.) ;
#5069=FACE_OUTER_BOUND('',#5064,.T.) ;
#5098=FACE_OUTER_BOUND('',#5093,.T.) ;
#5122=FACE_OUTER_BOUND('',#5117,.T.) ;
#5153=FACE_OUTER_BOUND('',#5148,.T.) ;
#5184=FACE_OUTER_BOUND('',#5179,.T.) ;
#5215=FACE_OUTER_BOUND('',#5210,.T.) ;
#5255=FACE_OUTER_BOUND('',#5250,.T.) ;
#5284=FACE_OUTER_BOUND('',#5279,.T.) ;
#5313=FACE_OUTER_BOUND('',#5308,.T.) ;
#5330=FACE_OUTER_BOUND('',#5325,.T.) ;
#5347=FACE_OUTER_BOUND('',#5342,.T.) ;
#5364=FACE_OUTER_BOUND('',#5359,.T.) ;
#5410=FACE_OUTER_BOUND('',#5397,.T.) ;
#5501=FACE_OUTER_BOUND('',#5496,.T.) ;
#5518=FACE_OUTER_BOUND('',#5513,.T.) ;
#5530=FACE_OUTER_BOUND('',#5525,.T.) ;
#5549=FACE_OUTER_BOUND('',#5544,.T.) ;
#5579=FACE_OUTER_BOUND('',#5573,.T.) ;
#5603=FACE_OUTER_BOUND('',#5598,.T.) ;
#5626=FACE_OUTER_BOUND('',#5620,.T.) ;
#5638=FACE_OUTER_BOUND('',#5633,.T.) ;
#5663=FACE_OUTER_BOUND('',#5657,.T.) ;
#5680=FACE_OUTER_BOUND('',#5675,.T.) ;
#5700=FACE_OUTER_BOUND('',#5694,.T.) ;
#5717=FACE_OUTER_BOUND('',#5712,.T.) ;
#5729=FACE_OUTER_BOUND('',#5724,.T.) ;
#5750=FACE_OUTER_BOUND('',#5746,.T.) ;
#5774=FACE_OUTER_BOUND('',#5769,.T.) ;
#5798=FACE_OUTER_BOUND('',#5793,.T.) ;
#5815=FACE_OUTER_BOUND('',#5810,.T.) ;
#5827=FACE_OUTER_BOUND('',#5822,.T.) ;
#5839=FACE_OUTER_BOUND('',#5834,.T.) ;
#5861=FACE_OUTER_BOUND('',#5856,.T.) ;
#5883=FACE_OUTER_BOUND('',#5878,.T.) ;
#5905=FACE_OUTER_BOUND('',#5900,.T.) ;
#5927=FACE_OUTER_BOUND('',#5922,.T.) ;
#5939=FACE_OUTER_BOUND('',#5934,.T.) ;
#5956=FACE_OUTER_BOUND('',#5951,.T.) ;
#5973=FACE_OUTER_BOUND('',#5968,.T.) ;
#5985=FACE_OUTER_BOUND('',#5980,.T.) ;
#5997=FACE_OUTER_BOUND('',#5992,.T.) ;
#6008=FACE_OUTER_BOUND('',#6004,.T.) ;
#6048=FACE_OUTER_BOUND('',#6043,.T.) ;
#6083=FACE_OUTER_BOUND('',#6074,.T.) ;
#6123=FACE_OUTER_BOUND('',#6118,.T.) ;
#6158=FACE_OUTER_BOUND('',#6149,.T.) ;
#6174=FACE_OUTER_BOUND('',#6170,.T.) ;
#6185=FACE_OUTER_BOUND('',#6181,.T.) ;
#6209=FACE_OUTER_BOUND('',#6204,.T.) ;
#6236=FACE_OUTER_BOUND('',#6221,.T.) ;
#6261=FACE_OUTER_BOUND('',#6256,.T.) ;
#6272=FACE_OUTER_BOUND('',#6268,.T.) ;
#6291=FACE_OUTER_BOUND('',#6286,.T.) ;
#6315=FACE_OUTER_BOUND('',#6310,.T.) ;
#6335=FACE_OUTER_BOUND('',#6329,.T.) ;
#6359=FACE_OUTER_BOUND('',#6354,.T.) ;
#6383=FACE_OUTER_BOUND('',#6378,.T.) ;
#6409=FACE_OUTER_BOUND('',#6404,.T.) ;
#6440=FACE_OUTER_BOUND('',#6435,.T.) ;
#6464=FACE_OUTER_BOUND('',#6459,.T.) ;
#6488=FACE_OUTER_BOUND('',#6483,.T.) ;
#6512=FACE_OUTER_BOUND('',#6507,.T.) ;
#6536=FACE_OUTER_BOUND('',#6531,.T.) ;
#6560=FACE_OUTER_BOUND('',#6555,.T.) ;
#6584=FACE_OUTER_BOUND('',#6579,.T.) ;
#6601=FACE_OUTER_BOUND('',#6596,.T.) ;
#6632=FACE_OUTER_BOUND('',#6627,.T.) ;
#6657=FACE_OUTER_BOUND('',#6651,.T.) ;
#6711=FACE_OUTER_BOUND('',#6702,.T.) ;
#6742=FACE_OUTER_BOUND('',#6737,.T.) ;
#6766=FACE_OUTER_BOUND('',#6761,.T.) ;
#6790=FACE_OUTER_BOUND('',#6785,.T.) ;
#6821=FACE_OUTER_BOUND('',#6816,.T.) ;
#6845=FACE_OUTER_BOUND('',#6840,.T.) ;
#6869=FACE_OUTER_BOUND('',#6864,.T.) ;
#6886=FACE_OUTER_BOUND('',#6881,.T.) ;
#6903=FACE_OUTER_BOUND('',#6898,.T.) ;
#6941=FACE_OUTER_BOUND('',#6935,.T.) ;
#6955=FACE_OUTER_BOUND('',#6948,.T.) ;
#6987=FACE_OUTER_BOUND('',#6981,.T.) ;
#7018=FACE_OUTER_BOUND('',#7013,.T.) ;
#7042=FACE_OUTER_BOUND('',#7037,.T.) ;
#7067=FACE_OUTER_BOUND('',#7061,.T.) ;
#7091=FACE_OUTER_BOUND('',#7086,.T.) ;
#7116=FACE_OUTER_BOUND('',#7110,.T.) ;
#7141=FACE_OUTER_BOUND('',#7135,.T.) ;
#7165=FACE_OUTER_BOUND('',#7160,.T.) ;
#7190=FACE_OUTER_BOUND('',#7184,.T.) ;
#7210=FACE_OUTER_BOUND('',#7204,.T.) ;
#7234=FACE_OUTER_BOUND('',#7229,.T.) ;
#7259=FACE_OUTER_BOUND('',#7253,.T.) ;
#7279=FACE_OUTER_BOUND('',#7273,.T.) ;
#7303=FACE_OUTER_BOUND('',#7298,.T.) ;
#7323=FACE_OUTER_BOUND('',#7317,.T.) ;
#7343=FACE_OUTER_BOUND('',#7337,.T.) ;
#7355=FACE_OUTER_BOUND('',#7350,.T.) ;
#7371=FACE_OUTER_BOUND('',#7367,.T.) ;
#7383=FACE_OUTER_BOUND('',#7378,.T.) ;
#7419=FACE_OUTER_BOUND('',#7416,.T.) ;
#7450=FACE_OUTER_BOUND('',#7445,.T.) ;
#7491=FACE_OUTER_BOUND('',#7486,.T.) ;
#7530=FACE_OUTER_BOUND('',#7521,.T.) ;
#7556=FACE_OUTER_BOUND('',#7551,.T.) ;
#7580=FACE_OUTER_BOUND('',#7575,.T.) ;
#7616=FACE_OUTER_BOUND('',#7613,.T.) ;
#7642=FACE_OUTER_BOUND('',#7637,.T.) ;
#7653=FACE_OUTER_BOUND('',#7649,.T.) ;
#7687=FACE_OUTER_BOUND('',#7674,.T.) ;
#7711=FACE_OUTER_BOUND('',#7706,.T.) ;
#7737=FACE_OUTER_BOUND('',#7728,.T.) ;
#7817=FACE_OUTER_BOUND('',#7782,.T.) ;
#7836=FACE_OUTER_BOUND('',#7831,.T.) ;
#7849=FACE_OUTER_BOUND('',#7843,.T.) ;
#983=MANIFOLD_SURFACE_SHAPE_REPRESENTATION('NONE',(#22),#16) ;
#9=PRODUCT_CATEGORY_RELATIONSHIP(' ',' ',#7,#8) ;
#6=PRODUCT_DEFINITION_FORMATION_WITH_SPECIFIED_SOURCE('',' ',#5,.NOT_KNOWN.) ;
#20=SHAPE_DEFINITION_REPRESENTATION(#11,#19) ;
#12=(LENGTH_UNIT()NAMED_UNIT(*)SI_UNIT(.MILLI.,.METRE.)) ;
#13=(NAMED_UNIT(*)PLANE_ANGLE_UNIT()SI_UNIT($,.RADIAN.)) ;
#14=(NAMED_UNIT(*)SI_UNIT($,.STERADIAN.)SOLID_ANGLE_UNIT()) ;
#16=(GEOMETRIC_REPRESENTATION_CONTEXT(3)GLOBAL_UNCERTAINTY_ASSIGNED_CONTEXT((#15))GLOBAL_UNIT_ASSIGNED_CONTEXT((#12,#13,#14))REPRESENTATION_CONTEXT(' ',' ')) ;
ENDSEC;
END-ISO-10303-21;
